INSERT INTO [dbo].[Albums] ([Id], [Title], [ImageUrl], [ReleaseDate], [CreatedAt], [UpdatedAt], [DeletedAt]) VALUES
('6ee76a77-2be4-42e3-8417-e60d282cffcb', 'Utopia', 'https://utopia.jpg', CAST('2022-04-25' AS Date), CAST('2024-07-01T00:00:00' AS DateTime2), CAST('2024-07-01T00:00:00' AS DateTime2), NULL),
('b58f5f3f-d5e8-49f3-8b12-cfe33f762b4f', 'Echoes of Silence', 'https://echoes_of_silence.jpg', CAST('2011-12-21' AS Date), CAST('2024-07-02T00:00:00' AS DateTime2), CAST('2024-07-02T00:00:00' AS DateTime2), NULL),
('05c4fe5d-8c0f-4eff-8ff2-e2e0e91218db', 'Born to Die', 'https://born_to_die.jpg', CAST('2012-01-27' AS Date), CAST('2024-07-03T00:00:00' AS DateTime2), CAST('2024-07-03T00:00:00' AS DateTime2), NULL),
('77953b24-e1c0-4d1f-a730-a12d5460b0d1', 'Random Access Memories', 'https://random_access_memories.jpg', CAST('2013-05-17' AS Date), CAST('2024-07-04T00:00:00' AS DateTime2), CAST('2024-07-04T00:00:00' AS DateTime2), NULL),
('e6d397e8-c355-4d68-b9e4-4a1c67daf6fa', 'Good Kid, M.A.A.D City', 'https://good_kid_maad_city.jpg', CAST('2012-10-22' AS Date), CAST('2024-07-05T00:00:00' AS DateTime2), CAST('2024-07-05T00:00:00' AS DateTime2), NULL),
('c0ec7e3d-8d8b-47b5-9b29-8a4b4c5357c1', 'Channel Orange', 'https://channel_orange.jpg', CAST('2012-07-10' AS Date), CAST('2024-07-06T00:00:00' AS DateTime2), CAST('2024-07-06T00:00:00' AS DateTime2), NULL),
('8f70a802-6741-48de-9f2f-7f1d184b1687', 'In the Lonely Hour', 'https://in_the_lonely_hour.jpg', CAST('2014-05-26' AS Date), CAST('2024-07-07T00:00:00' AS DateTime2), CAST('2024-07-07T00:00:00' AS DateTime2), NULL),
('bd2096d2-5b54-432a-9363-a99ed0078c7a', 'The Dark Side of the Moon', 'https://the_dark_side_of_the_moon.jpg', CAST('1973-03-01' AS Date), CAST('2024-07-08T00:00:00' AS DateTime2), CAST('2024-07-08T00:00:00' AS DateTime2), NULL),
('6542c145-0f0e-432f-8b8c-9a6a53c6b8e8', 'Thriller', 'https://thriller.jpg', CAST('1982-11-30' AS Date), CAST('2024-07-09T00:00:00' AS DateTime2), CAST('2024-07-09T00:00:00' AS DateTime2), NULL),
('c3e92b3d-f3b7-4935-baac-68b47054e897', 'Black Star', 'https://black_star.jpg', CAST('2016-01-08' AS Date), CAST('2024-07-10T00:00:00' AS DateTime2), CAST('2024-07-10T00:00:00' AS DateTime2), NULL),
('d4b7c7f3-8c6f-4f1a-91ff-ee2a850b2f3e', 'Fine Line', 'https://fine_line.jpg', CAST('2019-12-13' AS Date), CAST('2024-07-11T00:00:00' AS DateTime2), CAST('2024-07-11T00:00:00' AS DateTime2), NULL),
('f30c8c10-d54f-498c-8423-6e1d2dcaae4d', 'After Hours', 'https://after_hours.jpg', CAST('2020-03-20' AS Date), CAST('2024-07-12T00:00:00' AS DateTime2), CAST('2024-07-12T00:00:00' AS DateTime2), NULL),
('5fefa585-5a2f-4f4b-b6f5-850768f7c7b8', 'Evermore', 'https://evermore.jpg', CAST('2020-12-11' AS Date), CAST('2024-07-13T00:00:00' AS DateTime2), CAST('2024-07-13T00:00:00' AS DateTime2), NULL),
('9f1c4000-6f48-4bda-aa6d-22f0581629d1', 'A Moon Shaped Pool', 'https://a_moon_shaped_pool.jpg', CAST('2016-05-08' AS Date), CAST('2024-07-14T00:00:00' AS DateTime2), CAST('2024-07-14T00:00:00' AS DateTime2), NULL),
('ae93288c-a804-4f40-a97c-6f3572da3b01', 'DAMN.', 'https://damn.jpg', CAST('2017-04-14' AS Date), CAST('2024-07-15T00:00:00' AS DateTime2), CAST('2024-07-15T00:00:00' AS DateTime2), NULL),
('3e5b76a4-c2bf-4c7d-9abf-a59b3e8e0bc2', 'Lemonade', 'https://lemonade.jpg', CAST('2016-04-23' AS Date), CAST('2024-07-16T00:00:00' AS DateTime2), CAST('2024-07-16T00:00:00' AS DateTime2), NULL),
('9d4a518b-6673-4a91-b179-2b8c68a4f3f3', '21', 'https://21_adele.jpg', CAST('2011-01-24' AS Date), CAST('2024-07-17T00:00:00' AS DateTime2), CAST('2024-07-17T00:00:00' AS DateTime2), NULL),
('c5f5b360-fbfd-4e17-aca3-e2a1d5b25895', 'Voyage', 'https://voyage.jpg', CAST('2021-11-05' AS Date), CAST('2024-07-18T00:00:00' AS DateTime2), CAST('2024-07-18T00:00:00' AS DateTime2), NULL),
('57d9b8a7-d36b-4975-bd4a-a4c5dbe5c5cc', 'Starboy', 'https://starboy.jpg', CAST('2016-11-25' AS Date), CAST('2024-07-19T00:00:00' AS DateTime2), CAST('2024-07-19T00:00:00' AS DateTime2), NULL),
('2d68f441-d532-4e0d-8f51-c5d086078dd9', 'Divide', 'https://divide.jpg', CAST('2017-03-03' AS Date), CAST('2024-07-20T00:00:00' AS DateTime2), CAST('2024-07-20T00:00:00' AS DateTime2), NULL),
('1b6d3a7a-d9d4-478e-b0c1-8d8c2a4f6c0f', 'Vibras', 'https://vibras.jpg', CAST('2018-05-25' AS Date), CAST('2024-07-21T00:00:00' AS DateTime2), CAST('2024-07-21T00:00:00' AS DateTime2), NULL),
('2e2f662e-c2df-4660-800c-3613b6001bf1', 'Astroworld', 'https://astroworld.jpg', CAST('2018-08-03' AS Date), CAST('2024-07-22T00:00:00' AS DateTime2), CAST('2024-07-22T00:00:00' AS DateTime2), NULL),
('cc3cf857-e7f5-4c0b-9eaa-3f6e4c8d2045', 'Hollywoods Bleeding', 'https://hollywoods_bleeding.jpg', CAST('2019-09-06' AS Date), CAST('2024-07-23T00:00:00' AS DateTime2), CAST('2024-07-23T00:00:00' AS DateTime2), NULL),
('995a2c8e-cdd5-4c0f-b875-8b6192b6b014', 'Blonde', 'https://blonde.jpg', CAST('2016-08-20' AS Date), CAST('2024-07-24T00:00:00' AS DateTime2), CAST('2024-07-24T00:00:00' AS DateTime2), NULL),
('fb9eac8d-0aec-4cc2-b5c6-f9eca5c6d408', 'My Beautiful Dark Twisted Fantasy', 'https://my_beautiful_dark_twisted_fantasy.jpg', CAST('2010-11-22' AS Date), CAST('2024-07-25T00:00:00' AS DateTime2), CAST('2024-07-25T00:00:00' AS DateTime2), NULL),
('0fd3aee7-0bd0-4482-a78d-17e3c7d8b4d5', 'Melodrama', 'https://melodrama.jpg', CAST('2017-06-16' AS Date), CAST('2024-07-26T00:00:00' AS DateTime2), CAST('2024-07-26T00:00:00' AS DateTime2), NULL),
('41ad644e-bdec-472c-ae5d-9f2d1e7fcb0d', 'Nothing Was the Same', 'https://nothing_was_the_same.jpg', CAST('2013-09-24' AS Date), CAST('2024-07-27T00:00:00' AS DateTime2), CAST('2024-07-27T00:00:00' AS DateTime2), NULL),
('c7e1f8b6-d8df-4eca-b45e-736b5d63b4d5', 'ANTI', 'https://anti.jpg', CAST('2016-01-28' AS Date), CAST('2024-07-28T00:00:00' AS DateTime2), CAST('2024-07-28T00:00:00' AS DateTime2), NULL),
('aac3f3d7-3146-421f-981d-68f02d1352f0', 'Future Nostalgia', 'https://future_nostalgia.jpg', CAST('2020-03-27' AS Date), CAST('2024-07-29T00:00:00' AS DateTime2), CAST('2024-07-29T00:00:00' AS DateTime2), NULL),
('a393b54c-01fb-4fd3-a8bb-3395bf603934', 'When We All Fall Asleep, Where Do We Go?', 'https://when_we_all_fall_asleep.jpg', CAST('2019-03-29' AS Date), CAST('2024-07-30T00:00:00' AS DateTime2), CAST('2024-07-30T00:00:00' AS DateTime2), NULL),
('77f3f764-0a2e-4be2-a753-5555af2c4d52', 'The Life of Pablo', 'https://the_life_of_pablo.jpg', CAST('2016-02-14' AS Date), CAST('2024-07-31T00:00:00' AS DateTime2), CAST('2024-07-31T00:00:00' AS DateTime2), NULL),
('71b4bdec-c4a4-413b-b874-e3fc2b8a1235', 'To Pimp a Butterfly', 'https://to_pimp_a_butterfly.jpg', CAST('2015-03-15' AS Date), CAST('2024-08-01T00:00:00' AS DateTime2), CAST('2024-08-01T00:00:00' AS DateTime2), NULL),
('39fb8791-3b22-4aad-99d1-27b51a5a3e37', 'Tranquility Base Hotel & Casino', 'https://tranquility_base.jpg', CAST('2018-05-11' AS Date), CAST('2024-08-02T00:00:00' AS DateTime2), CAST('2024-08-02T00:00:00' AS DateTime2), NULL),
('7cd3c9a2-bc21-4797-b488-67e845a0e79b', 'Currents', 'https://currents.jpg', CAST('2015-07-17' AS Date), CAST('2024-08-03T00:00:00' AS DateTime2), CAST('2024-08-03T00:00:00' AS DateTime2), NULL),
('ade35692-6d10-4c2f-8c3b-ff7b638d06e7', 'Art Angels', 'https://art_angels.jpg', CAST('2015-11-06' AS Date), CAST('2024-08-04T00:00:00' AS DateTime2), CAST('2024-08-04T00:00:00' AS DateTime2), NULL),
('89b992ff-29be-49d3-b786-8d2e8d44de55', 'Yeezus', 'https://yeezus.jpg', CAST('2013-06-18' AS Date), CAST('2024-08-05T00:00:00' AS DateTime2), CAST('2024-08-05T00:00:00' AS DateTime2), NULL),
('ec2c9fe3-e8a2-4ec6-a7b5-885e10dd87ec', 'Ctrl', 'https://ctrl.jpg', CAST('2017-06-09' AS Date), CAST('2024-08-06T00:00:00' AS DateTime2), CAST('2024-08-06T00:00:00' AS DateTime2), NULL),
('3ef8d9f9-88f8-4f39-b73d-261b5a7f2c8a', 'Cleopatra', 'https://cleopatra.jpg', CAST('2016-04-08' AS Date), CAST('2024-08-07T00:00:00' AS DateTime2), CAST('2024-08-07T00:00:00' AS DateTime2), NULL),
('07fa60f8-8b91-4c33-bf53-1e4f3b79f597', 'Flower Boy', 'https://flower_boy.jpg', CAST('2017-07-21' AS Date), CAST('2024-08-08T00:00:00' AS DateTime2), CAST('2024-08-08T00:00:00' AS DateTime2), NULL),
('d6a47f2d-bb31-4f1c-a9df-6b557b2f6b26', 'In Rainbows', 'https://in_rainbows.jpg', CAST('2007-10-10' AS Date), CAST('2024-08-09T00:00:00' AS DateTime2), CAST('2024-08-09T00:00:00' AS DateTime2), NULL),
('b2d7f920-68b2-4ba4-a99e-abf3069f887c', 'Stoney', 'https://stoney.jpg', CAST('2016-12-09' AS Date), CAST('2024-08-10T00:00:00' AS DateTime2), CAST('2024-08-10T00:00:00' AS DateTime2), NULL),
('1c3a213b-aa9b-4c8b-a393-4c881522eebb', 'Kid A', 'https://kid_a.jpg', CAST('2000-10-02' AS Date), CAST('2024-08-11T00:00:00' AS DateTime2), CAST('2024-08-11T00:00:00' AS DateTime2), NULL),
('a8a214b9-c3d1-420e-9e63-3418c9367e81', 'Ghost Stories', 'https://ghost_stories.jpg', CAST('2014-05-16' AS Date), CAST('2024-08-12T00:00:00' AS DateTime2), CAST('2024-08-12T00:00:00' AS DateTime2), NULL),
('8f5296a1-0df2-49d5-9b69-6c6afe6c8e18', 'Awaken, My Love!', 'https://awaken_my_love.jpg', CAST('2016-12-02' AS Date), CAST('2024-08-13T00:00:00' AS DateTime2), CAST('2024-08-13T00:00:00' AS DateTime2), NULL),
('5df3c97b-d624-4d55-8a33-4e4d49abdeba', '4 Your Eyes Only', 'https://4_your_eyes_only.jpg', CAST('2016-12-09' AS Date), CAST('2024-08-14T00:00:00' AS DateTime2), CAST('2024-08-14T00:00:00' AS DateTime2), NULL),
('2fd6f336-fc89-45e8-baae-2c8d3ec384cb', 'Man on the Moon', 'https://man_on_the_moon.jpg', CAST('2009-09-15' AS Date), CAST('2024-08-15T00:00:00' AS DateTime2), CAST('2024-08-15T00:00:00' AS DateTime2), CAST('2024-08-15T12:00:00' AS DateTime2)),
('71d6e3ac-413b-46f1-9aaf-c36d4056b7c2', 'American Teen', 'https://american_teen.jpg', CAST('2017-03-03' AS Date), CAST('2024-08-16T00:00:00' AS DateTime2), CAST('2024-08-16T00:00:00' AS DateTime2), CAST('2024-08-16T12:00:00' AS DateTime2)),
('67a03545-13d2-45b6-bf01-668c9ee315bb', 'Carrie & Lowell', 'https://carrie_and_lowell.jpg', CAST('2015-03-31' AS Date), CAST('2024-08-17T00:00:00' AS DateTime2), CAST('2024-08-17T00:00:00' AS DateTime2), CAST('2024-08-17T12:00:00' AS DateTime2)),
('b8107cbb-18fb-49b0-876b-86777a3bafff', 'Beauty Behind the Madness', 'https://beauty_behind_the_madness.jpg', CAST('2015-08-28' AS Date), CAST('2024-08-18T00:00:00' AS DateTime2), CAST('2024-08-18T00:00:00' AS DateTime2), CAST('2024-08-18T12:00:00' AS DateTime2)),
('11d77e95-f4f2-4a6f-980b-674d81d8c1d8', 'Reputation', 'https://reputation.jpg', CAST('2017-11-10' AS Date), CAST('2024-08-19T00:00:00' AS DateTime2), CAST('2024-08-19T00:00:00' AS DateTime2), CAST('2024-08-19T12:00:00' AS DateTime2));

INSERT INTO [dbo].[AlbumPairs] ([AlbumId], [SimilarAlbumId]) VALUES
('6ee76a77-2be4-42e3-8417-e60d282cffcb', 'b58f5f3f-d5e8-49f3-8b12-cfe33f762b4f'),
('6ee76a77-2be4-42e3-8417-e60d282cffcb', '05c4fe5d-8c0f-4eff-8ff2-e2e0e91218db'),
('b58f5f3f-d5e8-49f3-8b12-cfe33f762b4f', '05c4fe5d-8c0f-4eff-8ff2-e2e0e91218db'),
('b58f5f3f-d5e8-49f3-8b12-cfe33f762b4f', '77953b24-e1c0-4d1f-a730-a12d5460b0d1'),
('05c4fe5d-8c0f-4eff-8ff2-e2e0e91218db', '77953b24-e1c0-4d1f-a730-a12d5460b0d1'),
('05c4fe5d-8c0f-4eff-8ff2-e2e0e91218db', 'e6d397e8-c355-4d68-b9e4-4a1c67daf6fa'),
('77953b24-e1c0-4d1f-a730-a12d5460b0d1', 'e6d397e8-c355-4d68-b9e4-4a1c67daf6fa'),
('77953b24-e1c0-4d1f-a730-a12d5460b0d1', 'c0ec7e3d-8d8b-47b5-9b29-8a4b4c5357c1'),
('e6d397e8-c355-4d68-b9e4-4a1c67daf6fa', 'c0ec7e3d-8d8b-47b5-9b29-8a4b4c5357c1'),
('e6d397e8-c355-4d68-b9e4-4a1c67daf6fa', '8f70a802-6741-48de-9f2f-7f1d184b1687'),
('c0ec7e3d-8d8b-47b5-9b29-8a4b4c5357c1', '8f70a802-6741-48de-9f2f-7f1d184b1687'),
('c0ec7e3d-8d8b-47b5-9b29-8a4b4c5357c1', 'bd2096d2-5b54-432a-9363-a99ed0078c7a'),
('8f70a802-6741-48de-9f2f-7f1d184b1687', 'bd2096d2-5b54-432a-9363-a99ed0078c7a'),
('8f70a802-6741-48de-9f2f-7f1d184b1687', '6542c145-0f0e-432f-8b8c-9a6a53c6b8e8'),
('bd2096d2-5b54-432a-9363-a99ed0078c7a', '6542c145-0f0e-432f-8b8c-9a6a53c6b8e8'),
('bd2096d2-5b54-432a-9363-a99ed0078c7a', 'c3e92b3d-f3b7-4935-baac-68b47054e897'),
('6542c145-0f0e-432f-8b8c-9a6a53c6b8e8', 'c3e92b3d-f3b7-4935-baac-68b47054e897'),
('6542c145-0f0e-432f-8b8c-9a6a53c6b8e8', 'd4b7c7f3-8c6f-4f1a-91ff-ee2a850b2f3e'),
('c3e92b3d-f3b7-4935-baac-68b47054e897', 'd4b7c7f3-8c6f-4f1a-91ff-ee2a850b2f3e'),
('c3e92b3d-f3b7-4935-baac-68b47054e897', 'f30c8c10-d54f-498c-8423-6e1d2dcaae4d'),
('d4b7c7f3-8c6f-4f1a-91ff-ee2a850b2f3e', 'f30c8c10-d54f-498c-8423-6e1d2dcaae4d'),
('d4b7c7f3-8c6f-4f1a-91ff-ee2a850b2f3e', '5fefa585-5a2f-4f4b-b6f5-850768f7c7b8'),
('f30c8c10-d54f-498c-8423-6e1d2dcaae4d', '5fefa585-5a2f-4f4b-b6f5-850768f7c7b8'),
('f30c8c10-d54f-498c-8423-6e1d2dcaae4d', '9f1c4000-6f48-4bda-aa6d-22f0581629d1'),
('5fefa585-5a2f-4f4b-b6f5-850768f7c7b8', '9f1c4000-6f48-4bda-aa6d-22f0581629d1'),
('5fefa585-5a2f-4f4b-b6f5-850768f7c7b8', 'ae93288c-a804-4f40-a97c-6f3572da3b01'),
('9f1c4000-6f48-4bda-aa6d-22f0581629d1', 'ae93288c-a804-4f40-a97c-6f3572da3b01'),
('9f1c4000-6f48-4bda-aa6d-22f0581629d1', '3e5b76a4-c2bf-4c7d-9abf-a59b3e8e0bc2'),
('ae93288c-a804-4f40-a97c-6f3572da3b01', '3e5b76a4-c2bf-4c7d-9abf-a59b3e8e0bc2'),
('ae93288c-a804-4f40-a97c-6f3572da3b01', '9d4a518b-6673-4a91-b179-2b8c68a4f3f3'),
('3e5b76a4-c2bf-4c7d-9abf-a59b3e8e0bc2', '9d4a518b-6673-4a91-b179-2b8c68a4f3f3'),
('3e5b76a4-c2bf-4c7d-9abf-a59b3e8e0bc2', 'c5f5b360-fbfd-4e17-aca3-e2a1d5b25895'),
('9d4a518b-6673-4a91-b179-2b8c68a4f3f3', 'c5f5b360-fbfd-4e17-aca3-e2a1d5b25895'),
('9d4a518b-6673-4a91-b179-2b8c68a4f3f3', '57d9b8a7-d36b-4975-bd4a-a4c5dbe5c5cc'),
('c5f5b360-fbfd-4e17-aca3-e2a1d5b25895', '57d9b8a7-d36b-4975-bd4a-a4c5dbe5c5cc'),
('c5f5b360-fbfd-4e17-aca3-e2a1d5b25895', '2d68f441-d532-4e0d-8f51-c5d086078dd9'),
('57d9b8a7-d36b-4975-bd4a-a4c5dbe5c5cc', '2d68f441-d532-4e0d-8f51-c5d086078dd9'),
('57d9b8a7-d36b-4975-bd4a-a4c5dbe5c5cc', '1b6d3a7a-d9d4-478e-b0c1-8d8c2a4f6c0f'),
('2d68f441-d532-4e0d-8f51-c5d086078dd9', '1b6d3a7a-d9d4-478e-b0c1-8d8c2a4f6c0f'),
('2d68f441-d532-4e0d-8f51-c5d086078dd9', '2e2f662e-c2df-4660-800c-3613b6001bf1'),
('1b6d3a7a-d9d4-478e-b0c1-8d8c2a4f6c0f', '2e2f662e-c2df-4660-800c-3613b6001bf1'),
('1b6d3a7a-d9d4-478e-b0c1-8d8c2a4f6c0f', 'cc3cf857-e7f5-4c0b-9eaa-3f6e4c8d2045'),
('2e2f662e-c2df-4660-800c-3613b6001bf1', 'cc3cf857-e7f5-4c0b-9eaa-3f6e4c8d2045'),
('2e2f662e-c2df-4660-800c-3613b6001bf1', '995a2c8e-cdd5-4c0f-b875-8b6192b6b014'),
('cc3cf857-e7f5-4c0b-9eaa-3f6e4c8d2045', '995a2c8e-cdd5-4c0f-b875-8b6192b6b014'),
('cc3cf857-e7f5-4c0b-9eaa-3f6e4c8d2045', 'fb9eac8d-0aec-4cc2-b5c6-f9eca5c6d408'),
('995a2c8e-cdd5-4c0f-b875-8b6192b6b014', 'fb9eac8d-0aec-4cc2-b5c6-f9eca5c6d408'),
('995a2c8e-cdd5-4c0f-b875-8b6192b6b014', '0fd3aee7-0bd0-4482-a78d-17e3c7d8b4d5'),
('fb9eac8d-0aec-4cc2-b5c6-f9eca5c6d408', '0fd3aee7-0bd0-4482-a78d-17e3c7d8b4d5'),
('fb9eac8d-0aec-4cc2-b5c6-f9eca5c6d408', '41ad644e-bdec-472c-ae5d-9f2d1e7fcb0d'),
('0fd3aee7-0bd0-4482-a78d-17e3c7d8b4d5', '41ad644e-bdec-472c-ae5d-9f2d1e7fcb0d'),
('0fd3aee7-0bd0-4482-a78d-17e3c7d8b4d5', 'c7e1f8b6-d8df-4eca-b45e-736b5d63b4d5'),
('41ad644e-bdec-472c-ae5d-9f2d1e7fcb0d', 'c7e1f8b6-d8df-4eca-b45e-736b5d63b4d5'),
('41ad644e-bdec-472c-ae5d-9f2d1e7fcb0d', 'aac3f3d7-3146-421f-981d-68f02d1352f0'),
('c7e1f8b6-d8df-4eca-b45e-736b5d63b4d5', 'aac3f3d7-3146-421f-981d-68f02d1352f0'),
('c7e1f8b6-d8df-4eca-b45e-736b5d63b4d5', 'a393b54c-01fb-4fd3-a8bb-3395bf603934'),
('aac3f3d7-3146-421f-981d-68f02d1352f0', 'a393b54c-01fb-4fd3-a8bb-3395bf603934'),
('aac3f3d7-3146-421f-981d-68f02d1352f0', '77f3f764-0a2e-4be2-a753-5555af2c4d52'),
('a393b54c-01fb-4fd3-a8bb-3395bf603934', '77f3f764-0a2e-4be2-a753-5555af2c4d52'),
('a393b54c-01fb-4fd3-a8bb-3395bf603934', '71b4bdec-c4a4-413b-b874-e3fc2b8a1235'),
('77f3f764-0a2e-4be2-a753-5555af2c4d52', '71b4bdec-c4a4-413b-b874-e3fc2b8a1235'),
('77f3f764-0a2e-4be2-a753-5555af2c4d52', '39fb8791-3b22-4aad-99d1-27b51a5a3e37'),
('71b4bdec-c4a4-413b-b874-e3fc2b8a1235', '39fb8791-3b22-4aad-99d1-27b51a5a3e37'),
('71b4bdec-c4a4-413b-b874-e3fc2b8a1235', '7cd3c9a2-bc21-4797-b488-67e845a0e79b'),
('39fb8791-3b22-4aad-99d1-27b51a5a3e37', '7cd3c9a2-bc21-4797-b488-67e845a0e79b'),
('39fb8791-3b22-4aad-99d1-27b51a5a3e37', 'ade35692-6d10-4c2f-8c3b-ff7b638d06e7'),
('7cd3c9a2-bc21-4797-b488-67e845a0e79b', 'ade35692-6d10-4c2f-8c3b-ff7b638d06e7'),
('7cd3c9a2-bc21-4797-b488-67e845a0e79b', '89b992ff-29be-49d3-b786-8d2e8d44de55'),
('ade35692-6d10-4c2f-8c3b-ff7b638d06e7', '89b992ff-29be-49d3-b786-8d2e8d44de55'),
('ade35692-6d10-4c2f-8c3b-ff7b638d06e7', 'ec2c9fe3-e8a2-4ec6-a7b5-885e10dd87ec'),
('89b992ff-29be-49d3-b786-8d2e8d44de55', 'ec2c9fe3-e8a2-4ec6-a7b5-885e10dd87ec'),
('89b992ff-29be-49d3-b786-8d2e8d44de55', '3ef8d9f9-88f8-4f39-b73d-261b5a7f2c8a'),
('ec2c9fe3-e8a2-4ec6-a7b5-885e10dd87ec', '3ef8d9f9-88f8-4f39-b73d-261b5a7f2c8a'),
('ec2c9fe3-e8a2-4ec6-a7b5-885e10dd87ec', '07fa60f8-8b91-4c33-bf53-1e4f3b79f597'),
('3ef8d9f9-88f8-4f39-b73d-261b5a7f2c8a', '07fa60f8-8b91-4c33-bf53-1e4f3b79f597'),
('3ef8d9f9-88f8-4f39-b73d-261b5a7f2c8a', 'd6a47f2d-bb31-4f1c-a9df-6b557b2f6b26'),
('07fa60f8-8b91-4c33-bf53-1e4f3b79f597', 'd6a47f2d-bb31-4f1c-a9df-6b557b2f6b26'),
('07fa60f8-8b91-4c33-bf53-1e4f3b79f597', 'b2d7f920-68b2-4ba4-a99e-abf3069f887c'),
('d6a47f2d-bb31-4f1c-a9df-6b557b2f6b26', 'b2d7f920-68b2-4ba4-a99e-abf3069f887c'),
('d6a47f2d-bb31-4f1c-a9df-6b557b2f6b26', '1c3a213b-aa9b-4c8b-a393-4c881522eebb'),
('b2d7f920-68b2-4ba4-a99e-abf3069f887c', '1c3a213b-aa9b-4c8b-a393-4c881522eebb'),
('b2d7f920-68b2-4ba4-a99e-abf3069f887c', 'a8a214b9-c3d1-420e-9e63-3418c9367e81'),
('1c3a213b-aa9b-4c8b-a393-4c881522eebb', 'a8a214b9-c3d1-420e-9e63-3418c9367e81'),
('1c3a213b-aa9b-4c8b-a393-4c881522eebb', '8f5296a1-0df2-49d5-9b69-6c6afe6c8e18'),
('a8a214b9-c3d1-420e-9e63-3418c9367e81', '8f5296a1-0df2-49d5-9b69-6c6afe6c8e18'),
('a8a214b9-c3d1-420e-9e63-3418c9367e81', '5df3c97b-d624-4d55-8a33-4e4d49abdeba'),
('8f5296a1-0df2-49d5-9b69-6c6afe6c8e18', '5df3c97b-d624-4d55-8a33-4e4d49abdeba'),
('8f5296a1-0df2-49d5-9b69-6c6afe6c8e18', '2fd6f336-fc89-45e8-baae-2c8d3ec384cb'),
('5df3c97b-d624-4d55-8a33-4e4d49abdeba', '2fd6f336-fc89-45e8-baae-2c8d3ec384cb'),
('5df3c97b-d624-4d55-8a33-4e4d49abdeba', '71d6e3ac-413b-46f1-9aaf-c36d4056b7c2'),
('2fd6f336-fc89-45e8-baae-2c8d3ec384cb', '71d6e3ac-413b-46f1-9aaf-c36d4056b7c2'),
('2fd6f336-fc89-45e8-baae-2c8d3ec384cb', '67a03545-13d2-45b6-bf01-668c9ee315bb'),
('71d6e3ac-413b-46f1-9aaf-c36d4056b7c2', '67a03545-13d2-45b6-bf01-668c9ee315bb'),
('71d6e3ac-413b-46f1-9aaf-c36d4056b7c2', 'b8107cbb-18fb-49b0-876b-86777a3bafff'),
('67a03545-13d2-45b6-bf01-668c9ee315bb', 'b8107cbb-18fb-49b0-876b-86777a3bafff'),
('67a03545-13d2-45b6-bf01-668c9ee315bb', '11d77e95-f4f2-4a6f-980b-674d81d8c1d8'),
('b8107cbb-18fb-49b0-876b-86777a3bafff', '11d77e95-f4f2-4a6f-980b-674d81d8c1d8'),
('b8107cbb-18fb-49b0-876b-86777a3bafff', '6ee76a77-2be4-42e3-8417-e60d282cffcb'),
('11d77e95-f4f2-4a6f-980b-674d81d8c1d8', '6ee76a77-2be4-42e3-8417-e60d282cffcb'),
('11d77e95-f4f2-4a6f-980b-674d81d8c1d8', 'b58f5f3f-d5e8-49f3-8b12-cfe33f762b4f');

INSERT INTO [dbo].[Artists] ([Id], [Name], [ImageUrl], [Bio], [CreatedAt], [UpdatedAt], [DeletedAt]) VALUES 
('4e75ecdd-aafe-4c35-836b-1b83fc7b8f88', 'The Weeknd', 'https://the_weeknd.jpg', 'Canadian singer, songwriter, and record producer known for his flamboyant style and broad vocal range.', CAST('2024-07-01T00:00:00' AS DateTime2), CAST('2024-07-01T00:00:00' AS DateTime2), NULL),
('8c301aa9-6d56-4c06-b1f2-9b9956979345', 'Lana Del Rey', 'https://lana_del_rey.jpg', 'American singer and songwriter noted for her cinematic sound and aesthetic in music videos.', CAST('2024-07-02T00:00:00' AS DateTime2), CAST('2024-07-02T00:00:00' AS DateTime2), NULL),
('fc3e6343-6f10-42e8-91c9-2d36c0154c42', 'Daft Punk', 'https://daft_punk.jpg', 'French electronic music duo known for their visual stylization and disguises associated with their music.', CAST('2024-07-03T00:00:00' AS DateTime2), CAST('2024-07-03T00:00:00' AS DateTime2), NULL),
('96de52c4-7dbf-4db1-baed-255c8f9215db', 'Kendrick Lamar', 'https://kendrick_lamar.jpg', 'American rapper and songwriter acclaimed for his progressive musical styles and thoughtful lyrics.', CAST('2024-07-04T00:00:00' AS DateTime2), CAST('2024-07-04T00:00:00' AS DateTime2), NULL),
('66c4b36e-0fac-4911-9e9a-98d42d8ece10', 'Frank Ocean', 'https://frank_ocean.jpg', 'American singer, songwriter, and photographer known for his idiosyncratic musical approach.', CAST('2024-07-05T00:00:00' AS DateTime2), CAST('2024-07-05T00:00:00' AS DateTime2), NULL),
('1d9d1b54-6430-45c5-85d6-ae4d2288223f', 'Sam Smith', 'https://sam_smith.jpg', 'English singer and songwriter known for their soulful voice and emotive lyrics.', CAST('2024-07-06T00:00:00' AS DateTime2), CAST('2024-07-06T00:00:00' AS DateTime2), NULL),
('6fbd52c1-d395-4349-975b-70916be1b8d0', 'Pink Floyd', 'https://pink_floyd.jpg', 'British rock band famed for their philosophical lyrics, sonic experimentation, and elaborate live shows.', CAST('2024-07-07T00:00:00' AS DateTime2), CAST('2024-07-07T00:00:00' AS DateTime2), NULL),
('b37cefef-c6d2-49a7-8b12-cdeacf5fe4c1', 'Michael Jackson', 'https://michael_jackson.jpg', 'American singer, songwriter, and dancer dubbed the "King of Pop," he is regarded as one of the most significant cultural figures of the 20th century.', CAST('2024-07-08T00:00:00' AS DateTime2), CAST('2024-07-08T00:00:00' AS DateTime2), NULL),
('08af1af0-b71e-44bc-b5d3-82dab55d6b81', 'David Bowie', 'https://david_bowie.jpg', 'English singer-songwriter and actor known for his reinvention and visual presentation.', CAST('2024-07-09T00:00:00' AS DateTime2), CAST('2024-07-09T00:00:00' AS DateTime2), NULL),
('2f715aa4-7597-4f8e-9594-1f0245d16a97', 'Taylor Swift', 'https://taylor_swift.jpg', 'American singer-songwriter whose discography spans diverse genres, and is known for her narrative songwriting.', CAST('2024-07-10T00:00:00' AS DateTime2), CAST('2024-07-10T00:00:00' AS DateTime2), NULL),
('6a1e646b-e42d-4336-88c6-cb44d5f50682', 'Harry Styles', 'https://harry_styles.jpg', 'British singer, songwriter, and actor who began his music career as a member of the boy band One Direction.', CAST('2024-07-11T00:00:00' AS DateTime2), CAST('2024-07-11T00:00:00' AS DateTime2), NULL),
('3f7b8c31-2f1f-4a5b-8b01-3395bf4c0931', 'Radiohead', 'https://radiohead.jpg', 'English rock band known for their eclectic style and exploration of existential angst and alienation.', CAST('2024-07-12T00:00:00' AS DateTime2), CAST('2024-07-12T00:00:00' AS DateTime2), NULL),
('3a448c5a-e1c8-456e-955f-ed2f98d87aa6', 'Beyonce', 'https://beyonce.jpg', 'American singer, songwriter, and actress. Born and raised in Houston, Texas, Beyoncé performed in various singing and dancing competitions as a child.', CAST('2024-07-13T00:00:00' AS DateTime2), CAST('2024-07-13T00:00:00' AS DateTime2), NULL),
('9e198401-4c15-4d2d-b9fb-63001bee256e', 'Adele', 'https://adele.jpg', 'English singer-songwriter who has sold millions of albums worldwide and won a total of 15 Grammys as well as an Oscar.', CAST('2024-07-14T00:00:00' AS DateTime2), CAST('2024-07-14T00:00:00' AS DateTime2), NULL),
('60d224af-d862-43e5-b6f8-9c977feb2cfe', 'ABBA', 'https://abba.jpg', 'Swedish pop group formed in Stockholm in 1972, known for hits like "Dancing Queen" and "Mamma Mia.', CAST('2024-07-15T00:00:00' AS DateTime2), CAST('2024-07-15T00:00:00' AS DateTime2), NULL),
('e5b25542-e19b-4661-a5e8-72fa34bfb7c9', 'Ed Sheeran', 'https://ed_sheeran.jpg', 'English singer-songwriter known for his catchy pop songs and heartfelt lyrics.', CAST('2024-07-16T00:00:00' AS DateTime2), CAST('2024-07-16T00:00:00' AS DateTime2), NULL),
('bdfd8e1e-09f2-4a2b-a2ec-6381b3f63616', 'J Balvin', 'https://j_balvin.jpg', 'Colombian reggaeton singer who has been referred to as the "Prince of Reggaeton" and is one of the best-selling Latin music artists.', CAST('2024-07-17T00:00:00' AS DateTime2), CAST('2024-07-17T00:00:00' AS DateTime2), NULL),
('7aeef64b-accf-4e2c-8009-1e62cbc85689', 'Travis Scott', 'https://travis_scott.jpg', 'American rapper, singer, songwriter, and record producer known for his highly auto-tuned half-sung/half-rapped vocal style.', CAST('2024-07-18T00:00:00' AS DateTime2), CAST('2024-07-18T00:00:00' AS DateTime2), NULL),
('f33a1cf0-5c51-4b65-a0fe-88d28cb33155', 'Post Malone', 'https://post_malone.jpg', 'American singer, rapper, and songwriter known for blending genres and subgenres of pop, rap, and rock.', CAST('2024-07-19T00:00:00' AS DateTime2), CAST('2024-07-19T00:00:00' AS DateTime2), NULL),
('124f550a-50d0-4f6a-b445-1b9a31a48571', 'Amy Winehouse', 'https://amy_winehouse.jpg', 'English singer and songwriter known for her deep, expressive contralto vocals and her eclectic mix of musical genres.', CAST('2024-07-20T00:00:00' AS DateTime2), CAST('2024-07-20T00:00:00' AS DateTime2), NULL),
('dc3f0a12-0809-4fec-b70d-8a2035fc3cf0', 'Kanye West', 'https://kanye_west.jpg', 'American rapper, singer, songwriter, record producer, and fashion designer, known for his influence on the music industry.', CAST('2024-07-21T00:00:00' AS DateTime2), CAST('2024-07-21T00:00:00' AS DateTime2), NULL),
('90d3f8b5-a0fd-4616-a5ed-ebea0340b29f', 'Lorde', 'https://lorde.jpg', 'New Zealand singer-songwriter known for her unconventional musical styles and introspective songwriting.', CAST('2024-07-22T00:00:00' AS DateTime2), CAST('2024-07-22T00:00:00' AS DateTime2), NULL),
('2f41b1f0-bf26-406f-95ff-e29ee92b5a3a', 'Drake', 'https://drake.jpg', 'Canadian rapper, singer, and actor from Toronto. He first gained recognition as an actor on the teen drama television series Degrassi: The Next Generation.', CAST('2024-07-23T00:00:00' AS DateTime2), CAST('2024-07-23T00:00:00' AS DateTime2), NULL),
('6a9fcd23-2c91-4a32-a3c2-f44e35f1a421', 'Rihanna', 'https://rihanna.jpg', 'Barbadian singer, actress, fashion designer, and businesswoman known for embracing various musical styles and reinventing her image throughout her career.', CAST('2024-07-24T00:00:00' AS DateTime2), CAST('2024-07-24T00:00:00' AS DateTime2), NULL),
('4b6e5e08-93b2-4f37-8c80-f59c662153e4', 'Dua Lipa', 'https://dua_lipa.jpg', 'English singer and songwriter known for her disco-pop style and strong vocals.', CAST('2024-07-25T00:00:00' AS DateTime2), CAST('2024-07-25T00:00:00' AS DateTime2), NULL),
('0f9d6cf2-497e-48ff-b1fa-440678951c28', 'Billie Eilish', 'https://billie_eilish.jpg', 'American singer and songwriter known for her ethereal indie pop sounds and unique aesthetic.', CAST('2024-07-26T00:00:00' AS DateTime2), CAST('2024-07-26T00:00:00' AS DateTime2), NULL),
('e97b22b8-d9a1-4a5e-bfa1-6ba9cc0758cf', 'Alicia Keys', 'https://alicia_keys.jpg', 'American singer-songwriter and musician, known for her soulful voice and emotive piano compositions.', CAST('2024-07-27T00:00:00' AS DateTime2), CAST('2024-07-27T00:00:00' AS DateTime2), NULL),
('78322f23-3f6f-4420-ad26-3a014f5c5ea5', 'Arctic Monkeys', 'https://arctic_monkeys.jpg', 'British rock band known for their energetic rock sound and detailed lyrics.', CAST('2024-07-28T00:00:00' AS DateTime2), CAST('2024-07-28T00:00:00' AS DateTime2), NULL),
('2a0c3b05-5f01-4b6b-84ea-b22f8bc301dc', 'Tame Impala', 'https://tame_impala.jpg', 'Australian musical project led by multi-instrumentalist Kevin Parker, known for their distinctive psychedelic sound.', CAST('2024-07-29T00:00:00' AS DateTime2), CAST('2024-07-29T00:00:00' AS DateTime2), NULL),
('4d905d70-95e3-4e76-bf59-ace2d3ec05ad', 'Grimes', 'https://grimes.jpg', 'Canadian musician and visual artist known for her eclectic music style and high-pitched voice.', CAST('2024-07-30T00:00:00' AS DateTime2), CAST('2024-07-30T00:00:00' AS DateTime2), NULL),
('9cb82f47-a287-403a-a5c6-0f821d7d4c8a', 'SZA', 'https://sza.jpg', 'American singer-songwriter known for her blend of R&B, soul, and hip-hop and thoughtful, provocative lyrics.', CAST('2024-07-31T00:00:00' AS DateTime2), CAST('2024-07-31T00:00:00' AS DateTime2), NULL),
('0ac3e817-eda5-4a60-9e8c-6a82e2a3e5f3', 'The Lumineers', 'https://the_lumineers.jpg', 'American folk-rock band known for their rustic sound and emotive lyrics.', CAST('2024-08-01T00:00:00' AS DateTime2), CAST('2024-08-01T00:00:00' AS DateTime2), NULL),
('cd1f9668-1eed-4a1c-9894-f7b3e3b9b486', 'Tyler, The Creator', 'https://tyler_the_creator.jpg', 'American rapper and producer known for his innovative production and provocative lyrics.', CAST('2024-08-02T00:00:00' AS DateTime2), CAST('2024-08-02T00:00:00' AS DateTime2), NULL),
('f98851a4-dd7b-45df-83d2-77df1f53f678', 'Norah Jones', 'https://norah_jones.jpg', 'American singer, songwriter, and pianist known for her jazzy voice and ability to blend different genres including jazz and pop.', CAST('2024-08-03T00:00:00' AS DateTime2), CAST('2024-08-03T00:00:00' AS DateTime2), NULL),
('2ba4fb8c-22d7-4ba6-9e95-1a1bfaa0fb4b', 'John Legend', 'https://john_legend.jpg', 'American singer, songwriter, producer, and actor known for his smooth vocal quality and thoughtful musicianship.', CAST('2024-08-04T00:00:00' AS DateTime2), CAST('2024-08-04T00:00:00' AS DateTime2), NULL),
('bb90ec41-ce2d-4165-993b-c5ee2aabe8ce', 'Kid Cudi', 'https://kid_cudi.jpg', 'American rapper and actor known for his innovative sound that has influenced a generation of artists.', CAST('2024-08-05T00:00:00' AS DateTime2), CAST('2024-08-05T00:00:00' AS DateTime2), NULL),
('e1d9cee7-ecde-4d07-bc64-3cec9c3f7b04', 'Khalid', 'https://khalid.jpg', 'American singer known for his rich, soulful voice and introspective themes.', CAST('2024-08-06T00:00:00' AS DateTime2), CAST('2024-08-06T00:00:00' AS DateTime2), NULL),
('a89d646a-230a-43ee-bd42-7988a4f80711', 'Sufjan Stevens', 'https://sufjan_stevens.jpg', 'American singer-songwriter known for his lyrical and instrumental complexity and exploration of religious and spiritual themes.', CAST('2024-08-07T00:00:00' AS DateTime2), CAST('2024-08-07T00:00:00' AS DateTime2), NULL),
('d2a3e8cf-b32d-4abe-9ae8-6ce7a89d2f64', 'Hozier', 'https://hozier.jpg', 'Irish singer and songwriter known for his poetic lyrics and soulful rock influences.', CAST('2024-08-08T00:00:00' AS DateTime2), CAST('2024-08-08T00:00:00' AS DateTime2), NULL),
('fe3b72a5-0aa0-49f3-8407-accf2b081227', 'Maroon 5', 'https://maroon_5.jpg', 'American pop rock band known for their catchy pop hits and dynamic stage presence.', CAST('2024-08-09T00:00:00' AS DateTime2), CAST('2024-08-09T00:00:00' AS DateTime2), NULL),
('1e00d247-6e57-413e-9ede-d4835f5cfbd1', 'Lady Gaga', 'https://lady_gaga.jpg', 'American singer, songwriter, and actress known for her unconventionality and provocative work as well as visual experimentation.', CAST('2024-08-10T00:00:00' AS DateTime2), CAST('2024-08-10T00:00:00' AS DateTime2), NULL),
('f32c8b31-d086-4d22-95e3-efb8e6cebbd8', 'Shakira', 'https://shakira.jpg', 'Colombian singer, songwriter, and dancer known for her blend of Latin music with mainstream pop and her energetic belly dancing.', CAST('2024-08-11T00:00:00' AS DateTime2), CAST('2024-08-11T00:00:00' AS DateTime2), NULL),
('6ab42fcb-33e8-4f13-ba58-c1ad5d98d543', 'Coldplay', 'https://coldplay.jpg', 'British rock band known for their soulful melodies and strong lyrical themes of love and personal introspection.', CAST('2024-08-12T00:00:00' AS DateTime2), CAST('2024-08-12T00:00:00' AS DateTime2), NULL),
('99aa6f02-c3c4-44fa-aa2a-23f31c2f355b', 'BTS', 'https://bts.jpg', 'South Korean boy band sensation known for their global impact on pop music and dynamic choreography.', CAST('2024-08-13T00:00:00' AS DateTime2), CAST('2024-08-13T00:00:00' AS DateTime2), NULL),
('f4f1479f-ccb7-4519-a636-fd3f1f8f921c', 'Juanes', 'https://juanes.jpg', 'Colombian rock musician known for his focus on universal themes and his advocacy for peace in Latin America.', CAST('2024-08-14T00:00:00' AS DateTime2), CAST('2024-08-14T00:00:00' AS DateTime2), NULL),
('d41d8cd9-245e-45ff-a5a7-d5d80a42f118', 'Celine Dion', 'https://celine_dion.jpg', 'Canadian singer known for her powerful vocals and emotional ballads, having achieved global fame.', CAST('2024-08-15T00:00:00' AS DateTime2), CAST('2024-08-15T00:00:00' AS DateTime2), CAST('2024-08-15T12:00:00' AS DateTime2)),
('98087cf2-9ae8-46b8-9bba-4cd0f63c8c08', 'Metallica', 'https://metallica.jpg', 'American heavy metal band renowned for their fast tempos, aggressive musicianship, and deep lyrical content.', CAST('2024-08-16T00:00:00' AS DateTime2), CAST('2024-08-16T00:00:00' AS DateTime2), CAST('2024-08-16T12:00:00' AS DateTime2)),
('da17e22b-8b95-4f85-83d3-57a1ec9613e7', 'Enrique Iglesias', 'https://enrique_iglesias.jpg', 'Spanish singer, songwriter, and actor known as the King of Latin Pop and one of the best-selling Latin artists.', CAST('2024-08-17T00:00:00' AS DateTime2), CAST('2024-08-17T00:00:00' AS DateTime2), CAST('2024-08-17T12:00:00' AS DateTime2)),
('3c16dffc-25a0-45ac-804d-cfcfbe730f1b', 'The Rolling Stones', 'https://the_rolling_stones.jpg', 'English rock band known for their many hits and enduring influence on rock and roll since the 1960s.', CAST('2024-08-18T00:00:00' AS DateTime2), CAST('2024-08-18T00:00:00' AS DateTime2), CAST('2024-08-18T12:00:00' AS DateTime2)),
('4fa7fb3d-1aa8-4e91-ba7a-6f4781c01d41', 'Queen', 'https://queen.jpg', 'British rock band famous for their style diversity, elaborate live performances, and classic hits like "Bohemian Rhapsody".', CAST('2024-08-19T00:00:00' AS DateTime2), CAST('2024-08-19T00:00:00' AS DateTime2), CAST('2024-08-19T12:00:00' AS DateTime2));

INSERT INTO [dbo].[ArtistPairs] ([ArtistId], [SimilarArtistId]) VALUES
('4e75ecdd-aafe-4c35-836b-1b83fc7b8f88', '8c301aa9-6d56-4c06-b1f2-9b9956979345'),
('4e75ecdd-aafe-4c35-836b-1b83fc7b8f88', 'fc3e6343-6f10-42e8-91c9-2d36c0154c42'),
('8c301aa9-6d56-4c06-b1f2-9b9956979345', 'fc3e6343-6f10-42e8-91c9-2d36c0154c42'),
('8c301aa9-6d56-4c06-b1f2-9b9956979345', '96de52c4-7dbf-4db1-baed-255c8f9215db'),
('fc3e6343-6f10-42e8-91c9-2d36c0154c42', '96de52c4-7dbf-4db1-baed-255c8f9215db'),
('fc3e6343-6f10-42e8-91c9-2d36c0154c42', '66c4b36e-0fac-4911-9e9a-98d42d8ece10'),
('96de52c4-7dbf-4db1-baed-255c8f9215db', '66c4b36e-0fac-4911-9e9a-98d42d8ece10'),
('96de52c4-7dbf-4db1-baed-255c8f9215db', '1d9d1b54-6430-45c5-85d6-ae4d2288223f'),
('66c4b36e-0fac-4911-9e9a-98d42d8ece10', '1d9d1b54-6430-45c5-85d6-ae4d2288223f'),
('66c4b36e-0fac-4911-9e9a-98d42d8ece10', '6fbd52c1-d395-4349-975b-70916be1b8d0'),
('1d9d1b54-6430-45c5-85d6-ae4d2288223f', '6fbd52c1-d395-4349-975b-70916be1b8d0'),
('1d9d1b54-6430-45c5-85d6-ae4d2288223f', 'b37cefef-c6d2-49a7-8b12-cdeacf5fe4c1'),
('6fbd52c1-d395-4349-975b-70916be1b8d0', 'b37cefef-c6d2-49a7-8b12-cdeacf5fe4c1'),
('6fbd52c1-d395-4349-975b-70916be1b8d0', '08af1af0-b71e-44bc-b5d3-82dab55d6b81'),
('b37cefef-c6d2-49a7-8b12-cdeacf5fe4c1', '08af1af0-b71e-44bc-b5d3-82dab55d6b81'),
('b37cefef-c6d2-49a7-8b12-cdeacf5fe4c1', '2f715aa4-7597-4f8e-9594-1f0245d16a97'),
('08af1af0-b71e-44bc-b5d3-82dab55d6b81', '2f715aa4-7597-4f8e-9594-1f0245d16a97'),
('08af1af0-b71e-44bc-b5d3-82dab55d6b81', '6a1e646b-e42d-4336-88c6-cb44d5f50682'),
('2f715aa4-7597-4f8e-9594-1f0245d16a97', '6a1e646b-e42d-4336-88c6-cb44d5f50682'),
('2f715aa4-7597-4f8e-9594-1f0245d16a97', '3f7b8c31-2f1f-4a5b-8b01-3395bf4c0931'),
('6a1e646b-e42d-4336-88c6-cb44d5f50682', '3f7b8c31-2f1f-4a5b-8b01-3395bf4c0931'),
('6a1e646b-e42d-4336-88c6-cb44d5f50682', '3a448c5a-e1c8-456e-955f-ed2f98d87aa6'),
('3f7b8c31-2f1f-4a5b-8b01-3395bf4c0931', '3a448c5a-e1c8-456e-955f-ed2f98d87aa6'),
('3f7b8c31-2f1f-4a5b-8b01-3395bf4c0931', '9e198401-4c15-4d2d-b9fb-63001bee256e'),
('3a448c5a-e1c8-456e-955f-ed2f98d87aa6', '9e198401-4c15-4d2d-b9fb-63001bee256e'),
('3a448c5a-e1c8-456e-955f-ed2f98d87aa6', '60d224af-d862-43e5-b6f8-9c977feb2cfe'),
('9e198401-4c15-4d2d-b9fb-63001bee256e', '60d224af-d862-43e5-b6f8-9c977feb2cfe'),
('9e198401-4c15-4d2d-b9fb-63001bee256e', 'e5b25542-e19b-4661-a5e8-72fa34bfb7c9'),
('60d224af-d862-43e5-b6f8-9c977feb2cfe', 'e5b25542-e19b-4661-a5e8-72fa34bfb7c9'),
('60d224af-d862-43e5-b6f8-9c977feb2cfe', 'bdfd8e1e-09f2-4a2b-a2ec-6381b3f63616'),
('e5b25542-e19b-4661-a5e8-72fa34bfb7c9', 'bdfd8e1e-09f2-4a2b-a2ec-6381b3f63616'),
('e5b25542-e19b-4661-a5e8-72fa34bfb7c9', '7aeef64b-accf-4e2c-8009-1e62cbc85689'),
('bdfd8e1e-09f2-4a2b-a2ec-6381b3f63616', '7aeef64b-accf-4e2c-8009-1e62cbc85689'),
('bdfd8e1e-09f2-4a2b-a2ec-6381b3f63616', 'f33a1cf0-5c51-4b65-a0fe-88d28cb33155'),
('7aeef64b-accf-4e2c-8009-1e62cbc85689', 'f33a1cf0-5c51-4b65-a0fe-88d28cb33155'),
('7aeef64b-accf-4e2c-8009-1e62cbc85689', '124f550a-50d0-4f6a-b445-1b9a31a48571'),
('f33a1cf0-5c51-4b65-a0fe-88d28cb33155', '124f550a-50d0-4f6a-b445-1b9a31a48571'),
('f33a1cf0-5c51-4b65-a0fe-88d28cb33155', 'dc3f0a12-0809-4fec-b70d-8a2035fc3cf0'),
('124f550a-50d0-4f6a-b445-1b9a31a48571', 'dc3f0a12-0809-4fec-b70d-8a2035fc3cf0'),
('124f550a-50d0-4f6a-b445-1b9a31a48571', '90d3f8b5-a0fd-4616-a5ed-ebea0340b29f'),
('dc3f0a12-0809-4fec-b70d-8a2035fc3cf0', '90d3f8b5-a0fd-4616-a5ed-ebea0340b29f'),
('dc3f0a12-0809-4fec-b70d-8a2035fc3cf0', '2f41b1f0-bf26-406f-95ff-e29ee92b5a3a'),
('90d3f8b5-a0fd-4616-a5ed-ebea0340b29f', '2f41b1f0-bf26-406f-95ff-e29ee92b5a3a'),
('90d3f8b5-a0fd-4616-a5ed-ebea0340b29f', '6a9fcd23-2c91-4a32-a3c2-f44e35f1a421'),
('2f41b1f0-bf26-406f-95ff-e29ee92b5a3a', '6a9fcd23-2c91-4a32-a3c2-f44e35f1a421'),
('2f41b1f0-bf26-406f-95ff-e29ee92b5a3a', '4b6e5e08-93b2-4f37-8c80-f59c662153e4'),
('6a9fcd23-2c91-4a32-a3c2-f44e35f1a421', '4b6e5e08-93b2-4f37-8c80-f59c662153e4'),
('6a9fcd23-2c91-4a32-a3c2-f44e35f1a421', '0f9d6cf2-497e-48ff-b1fa-440678951c28'),
('4b6e5e08-93b2-4f37-8c80-f59c662153e4', '0f9d6cf2-497e-48ff-b1fa-440678951c28'),
('4b6e5e08-93b2-4f37-8c80-f59c662153e4', 'e97b22b8-d9a1-4a5e-bfa1-6ba9cc0758cf'),
('0f9d6cf2-497e-48ff-b1fa-440678951c28', 'e97b22b8-d9a1-4a5e-bfa1-6ba9cc0758cf'),
('0f9d6cf2-497e-48ff-b1fa-440678951c28', '78322f23-3f6f-4420-ad26-3a014f5c5ea5'),
('e97b22b8-d9a1-4a5e-bfa1-6ba9cc0758cf', '78322f23-3f6f-4420-ad26-3a014f5c5ea5'),
('e97b22b8-d9a1-4a5e-bfa1-6ba9cc0758cf', '2a0c3b05-5f01-4b6b-84ea-b22f8bc301dc'),
('78322f23-3f6f-4420-ad26-3a014f5c5ea5', '2a0c3b05-5f01-4b6b-84ea-b22f8bc301dc'),
('78322f23-3f6f-4420-ad26-3a014f5c5ea5', '4d905d70-95e3-4e76-bf59-ace2d3ec05ad'),
('2a0c3b05-5f01-4b6b-84ea-b22f8bc301dc', '4d905d70-95e3-4e76-bf59-ace2d3ec05ad'),
('2a0c3b05-5f01-4b6b-84ea-b22f8bc301dc', '9cb82f47-a287-403a-a5c6-0f821d7d4c8a'),
('4d905d70-95e3-4e76-bf59-ace2d3ec05ad', '9cb82f47-a287-403a-a5c6-0f821d7d4c8a'),
('4d905d70-95e3-4e76-bf59-ace2d3ec05ad', '0ac3e817-eda5-4a60-9e8c-6a82e2a3e5f3'),
('9cb82f47-a287-403a-a5c6-0f821d7d4c8a', '0ac3e817-eda5-4a60-9e8c-6a82e2a3e5f3'),
('9cb82f47-a287-403a-a5c6-0f821d7d4c8a', 'cd1f9668-1eed-4a1c-9894-f7b3e3b9b486'),
('0ac3e817-eda5-4a60-9e8c-6a82e2a3e5f3', 'cd1f9668-1eed-4a1c-9894-f7b3e3b9b486'),
('0ac3e817-eda5-4a60-9e8c-6a82e2a3e5f3', 'f98851a4-dd7b-45df-83d2-77df1f53f678'),
('cd1f9668-1eed-4a1c-9894-f7b3e3b9b486', 'f98851a4-dd7b-45df-83d2-77df1f53f678'),
('cd1f9668-1eed-4a1c-9894-f7b3e3b9b486', '2ba4fb8c-22d7-4ba6-9e95-1a1bfaa0fb4b'),
('f98851a4-dd7b-45df-83d2-77df1f53f678', '2ba4fb8c-22d7-4ba6-9e95-1a1bfaa0fb4b'),
('f98851a4-dd7b-45df-83d2-77df1f53f678', 'bb90ec41-ce2d-4165-993b-c5ee2aabe8ce'),
('2ba4fb8c-22d7-4ba6-9e95-1a1bfaa0fb4b', 'bb90ec41-ce2d-4165-993b-c5ee2aabe8ce'),
('2ba4fb8c-22d7-4ba6-9e95-1a1bfaa0fb4b', 'e1d9cee7-ecde-4d07-bc64-3cec9c3f7b04'),
('bb90ec41-ce2d-4165-993b-c5ee2aabe8ce', 'e1d9cee7-ecde-4d07-bc64-3cec9c3f7b04'),
('bb90ec41-ce2d-4165-993b-c5ee2aabe8ce', 'a89d646a-230a-43ee-bd42-7988a4f80711'),
('e1d9cee7-ecde-4d07-bc64-3cec9c3f7b04', 'a89d646a-230a-43ee-bd42-7988a4f80711'),
('e1d9cee7-ecde-4d07-bc64-3cec9c3f7b04', 'd2a3e8cf-b32d-4abe-9ae8-6ce7a89d2f64'),
('a89d646a-230a-43ee-bd42-7988a4f80711', 'd2a3e8cf-b32d-4abe-9ae8-6ce7a89d2f64'),
('a89d646a-230a-43ee-bd42-7988a4f80711', 'fe3b72a5-0aa0-49f3-8407-accf2b081227'),
('d2a3e8cf-b32d-4abe-9ae8-6ce7a89d2f64', 'fe3b72a5-0aa0-49f3-8407-accf2b081227'),
('d2a3e8cf-b32d-4abe-9ae8-6ce7a89d2f64', '1e00d247-6e57-413e-9ede-d4835f5cfbd1'),
('fe3b72a5-0aa0-49f3-8407-accf2b081227', '1e00d247-6e57-413e-9ede-d4835f5cfbd1'),
('fe3b72a5-0aa0-49f3-8407-accf2b081227', 'f32c8b31-d086-4d22-95e3-efb8e6cebbd8'),
('1e00d247-6e57-413e-9ede-d4835f5cfbd1', 'f32c8b31-d086-4d22-95e3-efb8e6cebbd8'),
('1e00d247-6e57-413e-9ede-d4835f5cfbd1', '6ab42fcb-33e8-4f13-ba58-c1ad5d98d543'),
('f32c8b31-d086-4d22-95e3-efb8e6cebbd8', '6ab42fcb-33e8-4f13-ba58-c1ad5d98d543'),
('f32c8b31-d086-4d22-95e3-efb8e6cebbd8', '99aa6f02-c3c4-44fa-aa2a-23f31c2f355b'),
('6ab42fcb-33e8-4f13-ba58-c1ad5d98d543', '99aa6f02-c3c4-44fa-aa2a-23f31c2f355b'),
('6ab42fcb-33e8-4f13-ba58-c1ad5d98d543', 'f4f1479f-ccb7-4519-a636-fd3f1f8f921c'),
('99aa6f02-c3c4-44fa-aa2a-23f31c2f355b', 'f4f1479f-ccb7-4519-a636-fd3f1f8f921c'),
('99aa6f02-c3c4-44fa-aa2a-23f31c2f355b', 'd41d8cd9-245e-45ff-a5a7-d5d80a42f118'),
('f4f1479f-ccb7-4519-a636-fd3f1f8f921c', 'd41d8cd9-245e-45ff-a5a7-d5d80a42f118'),
('f4f1479f-ccb7-4519-a636-fd3f1f8f921c', '98087cf2-9ae8-46b8-9bba-4cd0f63c8c08'),
('d41d8cd9-245e-45ff-a5a7-d5d80a42f118', '98087cf2-9ae8-46b8-9bba-4cd0f63c8c08'),
('d41d8cd9-245e-45ff-a5a7-d5d80a42f118', 'da17e22b-8b95-4f85-83d3-57a1ec9613e7'),
('98087cf2-9ae8-46b8-9bba-4cd0f63c8c08', 'da17e22b-8b95-4f85-83d3-57a1ec9613e7'),
('98087cf2-9ae8-46b8-9bba-4cd0f63c8c08', '3c16dffc-25a0-45ac-804d-cfcfbe730f1b'),
('da17e22b-8b95-4f85-83d3-57a1ec9613e7', '3c16dffc-25a0-45ac-804d-cfcfbe730f1b'),
('da17e22b-8b95-4f85-83d3-57a1ec9613e7', '4fa7fb3d-1aa8-4e91-ba7a-6f4781c01d41'),
('3c16dffc-25a0-45ac-804d-cfcfbe730f1b', '4fa7fb3d-1aa8-4e91-ba7a-6f4781c01d41'),
('3c16dffc-25a0-45ac-804d-cfcfbe730f1b', '4e75ecdd-aafe-4c35-836b-1b83fc7b8f88'),
('4fa7fb3d-1aa8-4e91-ba7a-6f4781c01d41', '4e75ecdd-aafe-4c35-836b-1b83fc7b8f88'),
('4fa7fb3d-1aa8-4e91-ba7a-6f4781c01d41', '8c301aa9-6d56-4c06-b1f2-9b9956979345');

INSERT INTO [dbo].[Songs] ([Id], [Title], [ImageUrl], [Genre], [ReleaseDate], [DurationSeconds], [AlbumId], [CreatedAt], [UpdatedAt], [DeletedAt]) VALUES 
-- The Weeknd's "Starboy"
('64f534f8-f2d4-4402-95a3-54de48b678a8', 'Echo of Silence', 'https://echo_of_silence.jpg', 'Rnb', CAST('2016-11-26' AS Date), 221, '57d9b8a7-d36b-4975-bd4a-a4c5dbe5c5cc', CAST('2024-06-01T00:00:00' AS DateTime2), CAST('2024-06-01T00:00:00' AS DateTime2), NULL),
('278cfa5a-6f44-420e-9930-07da6c43a6ad', 'Light Show', 'https://light_show.jpg', 'Rnb', CAST('2016-11-28' AS Date), 199, '57d9b8a7-d36b-4975-bd4a-a4c5dbe5c5cc', CAST('2024-06-02T00:00:00' AS DateTime2), CAST('2024-06-02T00:00:00' AS DateTime2), NULL),
('7ef7351b-912e-4a64-ba6d-cfdfcb7d56af', 'Twilight Zone', 'https://twilight_zone.jpg', 'Rnb', CAST('2016-11-25' AS Date), 205, '57d9b8a7-d36b-4975-bd4a-a4c5dbe5c5cc', CAST('2024-06-03T00:00:00' AS DateTime2), CAST('2024-06-03T00:00:00' AS DateTime2), NULL),
-- Lana Del Rey's "Born to Die"
('03b3fb9f-38af-4074-8ab5-b9644ab44397', 'Dark Paradise', 'https://dark_paradise.jpg', 'Pop', CAST('2012-01-27' AS Date), 240, '05c4fe5d-8c0f-4eff-8ff2-e2e0e91218db', CAST('2024-06-04T00:00:00' AS DateTime2), CAST('2024-06-04T00:00:00' AS DateTime2), NULL),
('3aff8c17-3c98-44ed-a849-1976d2c4a91a', 'Lost in Beauty', 'https://lost_in_beauty.jpg', 'Pop', CAST('2012-01-27' AS Date), 218, '05c4fe5d-8c0f-4eff-8ff2-e2e0e91218db', CAST('2024-06-05T00:00:00' AS DateTime2), CAST('2024-06-05T00:00:00' AS DateTime2), NULL),
('e7b0024e-cc97-46a8-bd3a-450607eebe3c', 'Summer Time Sadness', 'https://summer_time_sadness.jpg', 'Pop', CAST('2012-02-01' AS Date), 268, '05c4fe5d-8c0f-4eff-8ff2-e2e0e91218db', CAST('2024-06-06T00:00:00' AS DateTime2), CAST('2024-06-06T00:00:00' AS DateTime2), NULL),
('8a5f664a-c72d-46b2-b12b-b38e4a5ec67f', 'Blue Jeans', 'https://blue_jeans.jpg', 'Pop', CAST('2012-02-03' AS Date), 245, '05c4fe5d-8c0f-4eff-8ff2-e2e0e91218db', CAST('2024-06-07T00:00:00' AS DateTime2), CAST('2024-06-07T00:00:00' AS DateTime2), NULL),
('83b64a87-6bc5-4b61-9121-505f37b81682', 'Radio', 'https://radio.jpg', 'Pop', CAST('2012-02-05' AS Date), 235, '05c4fe5d-8c0f-4eff-8ff2-e2e0e91218db', CAST('2024-06-08T00:00:00' AS DateTime2), CAST('2024-06-08T00:00:00' AS DateTime2), NULL),
('23abfe5e-e938-4bf5-93d4-202e2fa3aa3e', 'Carmen', 'https://carmen.jpg', 'Pop', CAST('2012-02-07' AS Date), 249, '05c4fe5d-8c0f-4eff-8ff2-e2e0e91218db', CAST('2024-06-09T00:00:00' AS DateTime2), CAST('2024-06-09T00:00:00' AS DateTime2), NULL),
-- Daft Punk's "Random Access Memories"
('48f88f8f-c393-4bda-9812-a748486f404e', 'Night Visions', 'https://night_visions.jpg', 'Electronic', CAST('2013-05-17' AS Date), 237, '77953b24-e1c0-4d1f-a730-a12d5460b0d1', CAST('2024-06-10T00:00:00' AS DateTime2), CAST('2024-06-10T00:00:00' AS DateTime2), NULL),
('eb6c8e4c-502e-45b4-9a69-387e33cdadb1', 'Synth Dreams', 'https://synth_dreams.jpg', 'Electronic', CAST('2013-05-17' AS Date), 289, '77953b24-e1c0-4d1f-a730-a12d5460b0d1', CAST('2024-06-11T00:00:00' AS DateTime2), CAST('2024-06-11T00:00:00' AS DateTime2), NULL),
('68b0682b-9ac7-42a2-873a-8e9874e12953', 'Echoes of Tomorrow', 'https://echoes_of_tomorrow.jpg', 'Electronic', CAST('2013-05-17' AS Date), 205, '77953b24-e1c0-4d1f-a730-a12d5460b0d1', CAST('2024-06-12T00:00:00' AS DateTime2), CAST('2024-06-12T00:00:00' AS DateTime2), NULL),
('1e43835a-4902-4d12-abaf-0bc8f2dae2aa', 'Touch of the Light', 'https://touch_of_the_light.jpg', 'Electronic', CAST('2013-05-21' AS Date), 237, '77953b24-e1c0-4d1f-a730-a12d5460b0d1', CAST('2024-06-13T00:00:00' AS DateTime2), CAST('2024-06-13T00:00:00' AS DateTime2), NULL),
('19dc1564-8c00-4377-95db-16535a80610a', 'Digital Love', 'https://digital_love.jpg', 'Electronic', CAST('2013-05-23' AS Date), 225, '77953b24-e1c0-4d1f-a730-a12d5460b0d1', CAST('2024-06-14T00:00:00' AS DateTime2), CAST('2024-06-14T00:00:00' AS DateTime2), NULL),
('b26a4472-db66-4bec-926d-bb53f31083c2', 'Instant Crush', 'https://instant_crush.jpg', 'Electronic', CAST('2013-05-25' AS Date), 237, '77953b24-e1c0-4d1f-a730-a12d5460b0d1', CAST('2024-06-15T00:00:00' AS DateTime2), CAST('2024-06-15T00:00:00' AS DateTime2), NULL),
('e91a010d-0fa4-4801-bee5-1974e87ab3d2', 'Lose Yourself to Dance', 'https://lose_yourself_to_dance.jpg', 'Electronic', CAST('2013-05-27' AS Date), 254, '77953b24-e1c0-4d1f-a730-a12d5460b0d1', CAST('2024-06-16T00:00:00' AS DateTime2), CAST('2024-06-16T00:00:00' AS DateTime2), NULL),
-- Kendrick Lamar's "Good Kid, M.A.A.D City"
('469b6456-1157-43da-a275-88c983fcee9d', 'Streets on Fire', 'https://streets_on_fire.jpg', 'HipHop', CAST('2012-10-22' AS Date), 222, 'e6d397e8-c355-4d68-b9e4-4a1c67daf6fa', CAST('2024-06-17T00:00:00' AS DateTime2), CAST('2024-06-17T00:00:00' AS DateTime2), NULL),
('c23a762d-0f9f-43b9-8a6a-7a34421ee042', 'The Prelude', 'https://the_prelude.jpg', 'HipHop', CAST('2012-10-22' AS Date), 210, 'e6d397e8-c355-4d68-b9e4-4a1c67daf6fa', CAST('2024-06-18T00:00:00' AS DateTime2), CAST('2024-06-18T00:00:00' AS DateTime2), NULL),
('80b291d4-5306-4879-8aa1-fec2ea4b6516', 'Dawn Breaks', 'https://dawn_breaks.jpg', 'HipHop', CAST('2012-10-22' AS Date), 237, 'e6d397e8-c355-4d68-b9e4-4a1c67daf6fa', CAST('2024-06-19T00:00:00' AS DateTime2), CAST('2024-06-19T00:00:00' AS DateTime2), NULL),
('81acd1bf-e6f3-44c4-ad24-c47dc22adc60', 'City Streets', 'https://city_streets.jpg', 'HipHop', CAST('2012-10-25' AS Date), 215, 'e6d397e8-c355-4d68-b9e4-4a1c67daf6fa', CAST('2024-06-20T00:00:00' AS DateTime2), CAST('2024-06-20T00:00:00' AS DateTime2), NULL),
('0e13b758-e1dc-4f5a-a481-de9ab43934f1', 'Back Home', 'https://back_home.jpg', 'HipHop', CAST('2012-10-27' AS Date), 231, 'e6d397e8-c355-4d68-b9e4-4a1c67daf6fa', CAST('2024-06-21T00:00:00' AS DateTime2), CAST('2024-06-21T00:00:00' AS DateTime2), NULL),
('9acfdf82-5ffd-474d-8303-b22a2a9ce0f8', 'Compton', 'https://compton.jpg', 'HipHop', CAST('2012-10-29' AS Date), 210, 'e6d397e8-c355-4d68-b9e4-4a1c67daf6fa', CAST('2024-06-22T00:00:00' AS DateTime2), CAST('2024-06-22T00:00:00' AS DateTime2), NULL),
('586efb75-57ab-43ca-9b85-3bdeeae3ae19', 'Swimming Pools (Drank)', 'https://swimming_pools.jpg', 'HipHop', CAST('2012-10-31' AS Date), 241, 'e6d397e8-c355-4d68-b9e4-4a1c67daf6fa', CAST('2024-06-23T00:00:00' AS DateTime2), CAST('2024-06-23T00:00:00' AS DateTime2), NULL),
-- Frank Ocean's "Channel Orange"
('e4be062f-b594-4580-b514-d9d6cdaf2933', 'Endless Sun', 'https://endless_sun.jpg', 'Rnb', CAST('2012-07-10' AS Date), 248, 'c0ec7e3d-8d8b-47b5-9b29-8a4b4c5357c1', CAST('2024-06-24T00:00:00' AS DateTime2), CAST('2024-06-24T00:00:00' AS DateTime2), NULL),
('0500418e-bfad-4cd1-860d-994cbdc9e2df', 'Silent Waves', 'https://silent_waves.jpg', 'Rnb', CAST('2012-07-10' AS Date), 264, 'c0ec7e3d-8d8b-47b5-9b29-8a4b4c5357c1', CAST('2024-06-25T00:00:00' AS DateTime2), CAST('2024-06-25T00:00:00' AS DateTime2), NULL),
('bc81df0c-573b-4269-ac2c-2b2667967dbb', 'Ocean Avenue', 'https://ocean_avenue.jpg', 'Rnb', CAST('2012-07-10' AS Date), 212, 'c0ec7e3d-8d8b-47b5-9b29-8a4b4c5357c1', CAST('2024-06-26T00:00:00' AS DateTime2), CAST('2024-06-26T00:00:00' AS DateTime2), NULL),
('866d5272-594d-423d-b702-cfccbe7a8e44', 'Pyramid Nights', 'https://pyramid_nights.jpg', 'Rnb', CAST('2012-07-12' AS Date), 212, 'c0ec7e3d-8d8b-47b5-9b29-8a4b4c5357c1', CAST('2024-06-27T00:00:00' AS DateTime2), CAST('2024-06-27T00:00:00' AS DateTime2), NULL),
('5231566f-373d-46a2-af0f-62e1a9ea643b', 'Sweet Life', 'https://sweet_life.jpg', 'Rnb', CAST('2012-07-14' AS Date), 288, 'c0ec7e3d-8d8b-47b5-9b29-8a4b4c5357c1', CAST('2024-06-28T00:00:00' AS DateTime2), CAST('2024-06-28T00:00:00' AS DateTime2), NULL),
('70eb9a4b-be40-4b01-8534-796bb5f02d90', 'Lost', 'https://lost.jpg', 'Rnb', CAST('2012-07-16' AS Date), 234, 'c0ec7e3d-8d8b-47b5-9b29-8a4b4c5357c1', CAST('2024-06-29T00:00:00' AS DateTime2), CAST('2024-06-29T00:00:00' AS DateTime2), NULL),
('bb5f149f-8e45-455c-91d1-97639e96f671', 'Super Rich Kids', 'https://super_rich_kids.jpg', 'Rnb', CAST('2012-07-18' AS Date), 203, 'c0ec7e3d-8d8b-47b5-9b29-8a4b4c5357c1', CAST('2024-06-30T00:00:00' AS DateTime2), CAST('2024-06-30T00:00:00' AS DateTime2), NULL),
-- Sam Smith's "In the Lonely Hour"
('4a88b128-2471-4f25-b51a-136363ddbe7d', 'Light House', 'https://light_house.jpg', 'Pop', CAST('2014-06-05' AS Date), 242, '8f70a802-6741-48de-9f2f-7f1d184b1687', CAST('2024-07-01T00:00:00' AS DateTime2), CAST('2024-07-01T00:00:00' AS DateTime2), NULL),
('84b69406-d92e-4feb-a313-f1f373f1958c', 'Moonlight Shadow', 'https://moonlight_shadow.jpg', 'Pop', CAST('2014-06-07' AS Date), 258, '8f70a802-6741-48de-9f2f-7f1d184b1687', CAST('2024-07-02T00:00:00' AS DateTime2), CAST('2024-07-02T00:00:00' AS DateTime2), NULL),
('ded148fc-19d8-478a-9060-0b4543727d37', 'Stay With Me', 'https://stay_with_me.jpg', 'Pop', CAST('2014-06-09' AS Date), 182, '8f70a802-6741-48de-9f2f-7f1d184b1687', CAST('2024-07-03T00:00:00' AS DateTime2), CAST('2024-07-03T00:00:00' AS DateTime2), NULL),
('92388b4d-6ff6-4500-9b02-24d4227f3a28', 'Leave Your Lover', 'https://leave_your_lover.jpg', 'Pop', CAST('2014-06-11' AS Date), 206, '8f70a802-6741-48de-9f2f-7f1d184b1687', CAST('2024-07-04T00:00:00' AS DateTime2), CAST('2024-07-04T00:00:00' AS DateTime2), NULL),
-- Pink Floyd's "The Dark Side of the Moon"
('e1817fb5-5fb6-44aa-abbf-eda52cc578d7', 'Eclipse Phase', 'https://eclipse_phase.jpg', 'Rock', CAST('1973-04-01' AS Date), 212, 'bd2096d2-5b54-432a-9363-a99ed0078c7a', CAST('2024-07-05T00:00:00' AS DateTime2), CAST('2024-07-05T00:00:00' AS DateTime2), NULL),
('9a5f706f-ae38-418d-b911-77559d20e076', 'Moons Dark Side', 'https://moons_dark_side.jpg', 'Rock', CAST('1973-04-03' AS Date), 295, 'bd2096d2-5b54-432a-9363-a99ed0078c7a', CAST('2024-07-06T00:00:00' AS DateTime2), CAST('2024-07-06T00:00:00' AS DateTime2), NULL),
('01db55cc-7d06-4778-b9c1-7ccdc3e3cd13', 'Time', 'https://time.jpg', 'Rock', CAST('1973-04-05' AS Date), 208, 'bd2096d2-5b54-432a-9363-a99ed0078c7a', CAST('2024-07-07T00:00:00' AS DateTime2), CAST('2024-07-07T00:00:00' AS DateTime2), NULL),
('f80a900f-e0a5-4cc3-8adf-27c6309b81ca', 'The Great Gig in the Sky', 'https://great_gig_in_the_sky.jpg', 'Rock', CAST('1973-04-07' AS Date), 276, 'bd2096d2-5b54-432a-9363-a99ed0078c7a', CAST('2024-07-08T00:00:00' AS DateTime2), CAST('2024-07-08T00:00:00' AS DateTime2), NULL),
-- David Bowie's "Blackstar"
('d6a31188-c1b8-4976-b372-aced401f2347', 'Stardust Memories', 'https://stardust_memories.jpg', 'Rock', CAST('2016-01-10' AS Date), 289, 'c3e92b3d-f3b7-4935-baac-68b47054e897', CAST('2024-07-09T00:00:00' AS DateTime2), CAST('2024-07-09T00:00:00' AS DateTime2), NULL),
('8f0191bc-a242-4cb0-a9ba-38f48e823e54', 'Black Skies', 'https://black_skies.jpg', 'Rock', CAST('2016-01-12' AS Date), 205, 'c3e92b3d-f3b7-4935-baac-68b47054e897', CAST('2024-07-10T00:00:00' AS DateTime2), CAST('2024-07-10T00:00:00' AS DateTime2), NULL),
('c80e5abb-3759-49eb-8cbe-c2b7ff742072', 'Lazarus', 'https://lazarus.jpg', 'Rock', CAST('2016-01-14' AS Date), 264, 'c3e92b3d-f3b7-4935-baac-68b47054e897', CAST('2024-07-11T00:00:00' AS DateTime2), CAST('2024-07-11T00:00:00' AS DateTime2), NULL),
('f1647832-8eb1-460d-a5ae-c9fac5e2cd5d', 'I Can''t Give Everything Away', 'https://i_cant_give_everything_away.jpg', 'Rock', CAST('2016-01-16' AS Date), 249, 'c3e92b3d-f3b7-4935-baac-68b47054e897', CAST('2024-07-12T00:00:00' AS DateTime2), CAST('2024-07-12T00:00:00' AS DateTime2), NULL),
-- Taylor Swift's "Reputation"
('e3d3e750-7179-4189-9c19-fd546c4493c5', 'New Romantics', 'https://new_romantics.jpg', 'Pop', CAST('2017-11-16' AS Date), 234, '11d77e95-f4f2-4a6f-980b-674d81d8c1d8', CAST('2024-07-13T00:00:00' AS DateTime2), CAST('2024-07-13T00:00:00' AS DateTime2), NULL),
('2a14abb5-4eea-46e2-bb70-2cf907acbf09', 'End Game', 'https://end_game.jpg', 'Pop', CAST('2017-11-18' AS Date), 245, '11d77e95-f4f2-4a6f-980b-674d81d8c1d8', CAST('2024-07-14T00:00:00' AS DateTime2), CAST('2024-07-14T00:00:00' AS DateTime2), NULL),
('8f764924-0f7a-49e0-a39d-d29f9c3b1161', 'Delicate', 'https://delicate.jpg', 'Pop', CAST('2017-11-20' AS Date), 228, '11d77e95-f4f2-4a6f-980b-674d81d8c1d8', CAST('2024-07-15T00:00:00' AS DateTime2), CAST('2024-07-15T00:00:00' AS DateTime2), NULL),
('2dec0615-0284-4260-a0f8-44baa2954bc4', 'Echoes of Glory', 'https://echoes_of_glory.jpg', 'Pop', CAST('2017-11-12' AS Date), 228, '11d77e95-f4f2-4a6f-980b-674d81d8c1d8', CAST('2024-07-16T00:00:00' AS DateTime2), CAST('2024-07-16T00:00:00' AS DateTime2), NULL),
('55bce552-42e3-4ae9-96d2-6df192f2ac50', 'Silent Screams', 'https://silent_screams.jpg', 'Pop', CAST('2017-11-14' AS Date), 214, '11d77e95-f4f2-4a6f-980b-674d81d8c1d8', CAST('2024-07-17T00:00:00' AS DateTime2), CAST('2024-07-17T00:00:00' AS DateTime2), NULL),
-- Harry Styles' "Fine Line"
('7aaaf887-d5e5-47b6-b14b-6dfb7e423ea8', 'Watermelon Sugar', 'https://watermelon_sugar.jpg', 'Pop', CAST('2019-12-15' AS Date), 174, 'd4b7c7f3-8c6f-4f1a-91ff-ee2a850b2f3e', CAST('2024-07-18T00:00:00' AS DateTime2), CAST('2024-07-18T00:00:00' AS DateTime2), NULL),
('f7a5b648-8efe-41a8-8407-a9a76d8eb6fc', 'Golden Days', 'https://golden_days.jpg', 'Pop', CAST('2019-12-17' AS Date), 210, 'd4b7c7f3-8c6f-4f1a-91ff-ee2a850b2f3e', CAST('2024-07-19T00:00:00' AS DateTime2), CAST('2024-07-19T00:00:00' AS DateTime2), NULL),
('25d27dd1-8add-421e-93e0-ba7d964ff990', 'Hold Up', 'https://holdup.jpg', 'Rnb', CAST('2019-12-18' AS Date), 251, 'd4b7c7f3-8c6f-4f1a-91ff-ee2a850b2f3e', CAST('2024-07-20T00:00:00' AS DateTime2), CAST('2024-07-20T00:00:00' AS DateTime2), NULL),
('93218e81-668d-4697-ab5b-e9e04cc9732d', 'Freedom', 'https://freedom.jpg', 'Rnb', CAST('2019-12-18' AS Date), 274, 'd4b7c7f3-8c6f-4f1a-91ff-ee2a850b2f3e', CAST('2024-07-21T00:00:00' AS DateTime2), CAST('2024-07-21T00:00:00' AS DateTime2), NULL),
('3e5f72f3-c2f9-4771-99c8-5a5ced274ed7', 'Falling', 'https://falling.jpg', 'Pop', CAST('2019-12-19' AS Date), 240, 'd4b7c7f3-8c6f-4f1a-91ff-ee2a850b2f3e', CAST('2024-07-22T00:00:00' AS DateTime2), CAST('2024-07-22T00:00:00' AS DateTime2), NULL),
('c00dd550-41aa-41e3-890e-abf3c937e62f', 'She', 'https://she.jpg', 'Pop', CAST('2019-12-21' AS Date), 295, 'd4b7c7f3-8c6f-4f1a-91ff-ee2a850b2f3e', CAST('2024-07-23T00:00:00' AS DateTime2), CAST('2024-07-23T00:00:00' AS DateTime2), NULL),
-- Adele's "21"
('bd5e6040-ba62-4a5d-aeda-ba81f6f46eea', 'Rolling in the Deep', 'https://rolling_in_the_deep.jpg', 'Pop', CAST('2011-01-29' AS Date), 228, '9d4a518b-6673-4a91-b179-2b8c68a4f3f3', CAST('2024-07-24T00:00:00' AS DateTime2), CAST('2024-07-24T00:00:00' AS DateTime2), NULL),
('448f0c35-54b1-4bd3-9a37-24b350b50d0f', 'Someone Like You', 'https://someone_like_you.jpg', 'Pop', CAST('2011-01-31' AS Date), 286, '9d4a518b-6673-4a91-b179-2b8c68a4f3f3', CAST('2024-07-25T00:00:00' AS DateTime2), CAST('2024-07-25T00:00:00' AS DateTime2), NULL),
('835cb2dd-fb45-4605-9445-a2d14d2fba7b', 'Set Fire to the Rain', 'https://set_fire_to_the_rain.jpg', 'Pop', CAST('2011-01-28' AS Date), 242, '9d4a518b-6673-4a91-b179-2b8c68a4f3f3', CAST('2024-07-26T00:00:00' AS DateTime2), CAST('2024-07-26T00:00:00' AS DateTime2), NULL),
('d38a98c4-5cc7-45a2-93c0-4d03ff9cb496', 'Rumour Has It', 'https://rumour_has_it.jpg', 'Pop', CAST('2011-01-30' AS Date), 223, '9d4a518b-6673-4a91-b179-2b8c68a4f3f3', CAST('2024-07-27T00:00:00' AS DateTime2), CAST('2024-07-27T00:00:00' AS DateTime2), NULL),
-- Drake's "Nothing Was the Same"
('34531668-8c68-4ebd-a6a7-36645e9bac97', 'Started From the Bottom', 'https://started_from_the_bottom.jpg', 'HipHop', CAST('2013-09-26' AS Date), 197, '41ad644e-bdec-472c-ae5d-9f2d1e7fcb0d', CAST('2024-07-28T00:00:00' AS DateTime2), CAST('2024-07-28T00:00:00' AS DateTime2), NULL),
('f2c126f4-0b32-46b1-a293-e4d53fd70d0f', 'Hold On, Were Going Home', 'https://hold_on_were_going_home.jpg', 'HipHop', CAST('2013-09-28' AS Date), 231, '41ad644e-bdec-472c-ae5d-9f2d1e7fcb0d', CAST('2024-07-29T00:00:00' AS DateTime2), CAST('2024-07-29T00:00:00' AS DateTime2), NULL),
('095f7293-c7b5-4c29-9112-4aa24a8c063a', 'Too Much', 'https://too_much.jpg', 'HipHop', CAST('2013-09-30' AS Date), 250, '41ad644e-bdec-472c-ae5d-9f2d1e7fcb0d', CAST('2024-07-30T00:00:00' AS DateTime2), CAST('2024-07-30T00:00:00' AS DateTime2), NULL),
('1a4c8801-de6e-4787-b940-69ec4b9e8ad1', 'Wu-Tang Forever', 'https://wutang_forever.jpg', 'HipHop', CAST('2013-10-02' AS Date), 210, '41ad644e-bdec-472c-ae5d-9f2d1e7fcb0d', CAST('2024-07-31T00:00:00' AS DateTime2), CAST('2024-07-31T00:00:00' AS DateTime2), NULL),
-- Rihanna's "Anti"
('a1f09d89-9f92-4531-ae83-7d595da08138', 'Work', 'https://work.jpg', 'Pop', CAST('2016-01-30' AS Date), 213, 'c7e1f8b6-d8df-4eca-b45e-736b5d63b4d5', CAST('2024-08-01T00:00:00' AS DateTime2), CAST('2024-08-01T00:00:00' AS DateTime2), NULL),
('923182ab-0058-40ea-a878-f6ba3dad4f74', 'Desperado', 'https://desperado.jpg', 'Pop', CAST('2016-02-01' AS Date), 192, 'c7e1f8b6-d8df-4eca-b45e-736b5d63b4d5', CAST('2024-08-02T00:00:00' AS DateTime2), CAST('2024-08-02T00:00:00' AS DateTime2), NULL),
('3c15b1af-8b00-4356-ae83-873a553d99c6', 'Kiss It Better', 'https://kiss_it_better.jpg', 'Pop', CAST('2016-01-28' AS Date), 242, 'c7e1f8b6-d8df-4eca-b45e-736b5d63b4d5', CAST('2024-08-03T00:00:00' AS DateTime2), CAST('2024-08-03T00:00:00' AS DateTime2), NULL),
('3dab7f91-33f3-4271-a2ff-d9b5eb232068', 'Love on the Brain', 'https://love_on_the_brain.jpg', 'Pop', CAST('2016-01-30' AS Date), 228, 'c7e1f8b6-d8df-4eca-b45e-736b5d63b4d5', CAST('2024-08-04T00:00:00' AS DateTime2), CAST('2024-08-04T00:00:00' AS DateTime2), NULL),
-- Arctic Monkeys' "Tranquility Base Hotel & Casino"
('74316db6-7ad9-4570-b837-136944e986ad', 'Four Out Of Five', 'https://four_out_of_five.jpg', 'Rock', CAST('2018-05-13' AS Date), 275, '39fb8791-3b22-4aad-99d1-27b51a5a3e37', CAST('2024-08-05T00:00:00' AS DateTime2), CAST('2024-08-05T00:00:00' AS DateTime2), NULL),
('4cf28277-1496-4420-ac8a-9c24e1e41181', 'One Point Perspective', 'https://one_point_perspective.jpg', 'Rock', CAST('2018-05-15' AS Date), 243, '39fb8791-3b22-4aad-99d1-27b51a5a3e37', CAST('2024-08-06T00:00:00' AS DateTime2), CAST('2024-08-06T00:00:00' AS DateTime2), NULL),
('9a9e7afb-d32b-4975-a7ed-d0174761e6e7', 'Star Treatment', 'https://star_treatment.jpg', 'Rock', CAST('2018-05-11' AS Date), 245, '39fb8791-3b22-4aad-99d1-27b51a5a3e37', CAST('2024-08-07T00:00:00' AS DateTime2), CAST('2024-08-07T00:00:00' AS DateTime2), NULL),
('ad372f33-1ace-46da-b3ef-f9156398a019', 'Batphone', 'https://batphone.jpg', 'Rock', CAST('2018-05-13' AS Date), 200, '39fb8791-3b22-4aad-99d1-27b51a5a3e37', CAST('2024-08-08T00:00:00' AS DateTime2), CAST('2024-08-08T00:00:00' AS DateTime2), NULL),
-- Frank Ocean's "Blonde"
('bc795075-07ac-4458-a8a2-56b7d8ab0437', 'Paradise', 'https://paradise.jpg', 'Pop', CAST('2016-08-20' AS Date), 278, '995a2c8e-cdd5-4c0f-b875-8b6192b6b014', CAST('2024-08-09T00:00:00' AS DateTime2), CAST('2024-08-09T00:00:00' AS DateTime2), NULL),
('72c4be16-5b12-432b-8cec-4fa162788527', 'Moon River', 'https://moon_river.jpg', 'Pop', CAST('2016-08-22' AS Date), 219, '995a2c8e-cdd5-4c0f-b875-8b6192b6b014', CAST('2024-08-10T00:00:00' AS DateTime2), CAST('2024-08-10T00:00:00' AS DateTime2), NULL),
('f111ef40-05d2-4e04-9856-d63fade4a12d', 'Pink + White', 'https://pink_white.jpg', 'Pop', CAST('2016-08-24' AS Date), 204, '995a2c8e-cdd5-4c0f-b875-8b6192b6b014', CAST('2024-08-11T00:00:00' AS DateTime2), CAST('2024-08-11T00:00:00' AS DateTime2), NULL),
('f027a18c-3164-42a2-b49b-f299a1477798', 'Nikes', 'https://nikes.jpg', 'Pop', CAST('2016-08-26' AS Date), 214, '995a2c8e-cdd5-4c0f-b875-8b6192b6b014', CAST('2024-08-12T00:00:00' AS DateTime2), CAST('2024-08-12T00:00:00' AS DateTime2), NULL),
('a19c9d5d-5999-4972-aca8-1990d6c854ea', 'Solo (Reprise)', 'https://solo_reprise.jpg', 'HipHop', CAST('2016-08-21' AS Date), 157, '995a2c8e-cdd5-4c0f-b875-8b6192b6b014', CAST('2024-08-13T00:00:00' AS DateTime2), CAST('2024-08-13T00:00:00' AS DateTime2), NULL),
-- ABBA's "Melodrama"
('46d680bc-036d-4e72-bb12-1d8ed212c83a', 'Green Light', 'https://green_light.jpg', 'Pop', CAST('2017-06-16' AS Date), 234, '0fd3aee7-0bd0-4482-a78d-17e3c7d8b4d5', CAST('2024-08-14T00:00:00' AS DateTime2), CAST('2024-08-14T00:00:00' AS DateTime2), NULL),
('8f162292-9e44-4003-97b8-86fe410c486a', 'Homemade Dynamite', 'https://homemade_dynamite.jpg', 'Pop', CAST('2017-06-18' AS Date), 214, '0fd3aee7-0bd0-4482-a78d-17e3c7d8b4d5', CAST('2024-08-15T00:00:00' AS DateTime2), CAST('2024-08-15T00:00:00' AS DateTime2), NULL),
('b2c5d58f-9983-48c5-8a1e-96dafdb3307c', 'Liability', 'https://liability.jpg', 'Pop', CAST('2017-06-20' AS Date), 178, '0fd3aee7-0bd0-4482-a78d-17e3c7d8b4d5', CAST('2024-08-16T00:00:00' AS DateTime2), CAST('2024-08-16T00:00:00' AS DateTime2), NULL),
('d7cc064f-70a0-43ad-bd86-8d200580d6b8', 'Perfect Places', 'https://perfect_places.jpg', 'Pop', CAST('2017-06-22' AS Date), 230, '0fd3aee7-0bd0-4482-a78d-17e3c7d8b4d5', CAST('2024-08-17T00:00:00' AS DateTime2), CAST('2024-08-17T00:00:00' AS DateTime2), NULL),
-- Kanye West "Yeezus"
('daf6789f-eb96-423c-9958-82ba17c4517a', 'Rollercoaster', 'https://rollercoaster.jpg', 'Pop', CAST('2013-06-18' AS Date), 212, '89b992ff-29be-49d3-b786-8d2e8d44de55', CAST('2024-08-18T00:00:00' AS DateTime2), CAST('2024-08-18T00:00:00' AS DateTime2), NULL),
('5248af81-7450-48a8-bce9-d179a79101b3', 'Black Skinhead', 'https://black_skinhead.jpg', 'HipHop', CAST('2013-06-20' AS Date), 188, '89b992ff-29be-49d3-b786-8d2e8d44de55', CAST('2024-08-19T00:00:00' AS DateTime2), CAST('2024-08-19T00:00:00' AS DateTime2), NULL),
('a8bdf565-b0d2-46dd-aa34-fedd762ff61c', 'Bound 2', 'https://bound2.jpg', 'HipHop', CAST('2013-06-22' AS Date), 223, '89b992ff-29be-49d3-b786-8d2e8d44de55', CAST('2024-08-20T00:00:00' AS DateTime2), CAST('2024-08-20T00:00:00' AS DateTime2), NULL),
('be8f4a76-9966-4b2f-95ef-067dd7879655', 'I''m In It', 'https://im_in_it.jpg', 'HipHop', CAST('2013-06-19' AS Date), 233, '89b992ff-29be-49d3-b786-8d2e8d44de55', CAST('2024-08-21T00:00:00' AS DateTime2), CAST('2024-08-21T00:00:00' AS DateTime2), NULL),
('5904e413-0619-4099-afbc-71e133a68511', 'Blood On The Leaves', 'https://blood_on_the_leaves.jpg', 'HipHop', CAST('2013-06-19' AS Date), 206, '89b992ff-29be-49d3-b786-8d2e8d44de55', CAST('2024-08-22T00:00:00' AS DateTime2), CAST('2024-08-22T00:00:00' AS DateTime2), NULL),
-- Kendrick Lamar "Pimp a Butterfly"
('a5780fe8-4708-4574-a3de-416064b970d1', 'Reflection', 'https://reflection.jpg', 'Pop', CAST('2015-03-15' AS Date), 228, '71b4bdec-c4a4-413b-b874-e3fc2b8a1235', CAST('2024-08-23T00:00:00' AS DateTime2), CAST('2024-08-23T00:00:00' AS DateTime2), NULL),
('212c0538-0cb2-4126-bcc9-baaa8265afb2', 'Alright', 'https://alright.jpg', 'HipHop', CAST('2015-03-17' AS Date), 225, '71b4bdec-c4a4-413b-b874-e3fc2b8a1235', CAST('2024-08-24T00:00:00' AS DateTime2), CAST('2024-08-24T00:00:00' AS DateTime2), NULL),
('748d7f2c-0e5d-45cd-8f5d-77da302bbc0c', 'King Kunta', 'https://king_kunta.jpg', 'HipHop', CAST('2015-03-19' AS Date), 234, '71b4bdec-c4a4-413b-b874-e3fc2b8a1235', CAST('2024-08-25T00:00:00' AS DateTime2), CAST('2024-08-25T00:00:00' AS DateTime2), NULL),
('3a2b8ce7-e279-42dd-8905-a42d35bf6fa0', 'The Blacker The Berry', 'https://the_blacker_the_berry.jpg', 'HipHop', CAST('2015-03-16' AS Date), 212, '71b4bdec-c4a4-413b-b874-e3fc2b8a1235', CAST('2024-08-26T00:00:00' AS DateTime2), CAST('2024-08-26T00:00:00' AS DateTime2), NULL),
('af20c27b-e20c-459a-bbde-7603fc8715fc', 'These Walls', 'https://these_walls.jpg', 'HipHop', CAST('2015-03-16' AS Date), 287, '71b4bdec-c4a4-413b-b874-e3fc2b8a1235', CAST('2024-08-27T00:00:00' AS DateTime2), CAST('2024-08-27T00:00:00' AS DateTime2), NULL),
('a23d5a35-4168-40d2-a8eb-cd15f71f120c', 'Complexion (A Zulu Love)', 'https://complexion.jpg', 'HipHop', CAST('2015-03-16' AS Date), 279, '71b4bdec-c4a4-413b-b874-e3fc2b8a1235', CAST('2024-08-28T00:00:00' AS DateTime2), CAST('2024-08-28T00:00:00' AS DateTime2), NULL),
-- Ed Sheeran's "Divide"
('8b39efa4-ce8d-4617-84e7-45bf095c290a', 'Evening Shadows', 'https://evening_shadows.jpg', 'Jazz', CAST('2021-05-25' AS Date), 194, '2d68f441-d532-4e0d-8f51-c5d086078dd9', CAST('2024-08-29T00:00:00' AS DateTime2), CAST('2024-08-29T00:00:00' AS DateTime2), NULL),
('e5b2ec61-7152-4f1b-bfbb-4a05a9d8b227', 'Shape of You', 'https://shape_of_you.jpg', 'Pop', CAST('2017-01-06' AS Date), 233, '2d68f441-d532-4e0d-8f51-c5d086078dd9', CAST('2024-08-30T00:00:00' AS DateTime2), CAST('2024-08-30T00:00:00' AS DateTime2), NULL),
('b2c1d43d-78b7-4d82-9e4e-e852018c1e82', 'Perfect', 'https://perfect.jpg', 'Pop', CAST('2017-09-15' AS Date), 263, '2d68f441-d532-4e0d-8f51-c5d086078dd9', CAST('2024-08-31T00:00:00' AS DateTime2), CAST('2024-08-31T00:00:00' AS DateTime2), NULL),
-- Travis Scott's "Utopia"
('5b447453-56d5-418e-8af2-8c15594d67eb', 'Hyaena', 'https://hyaena.jpg', 'HipHop', CAST('2023-07-28' AS Date), 225, '6ee76a77-2be4-42e3-8417-e60d282cffcb', CAST('2024-09-01T00:00:00' AS DateTime2), CAST('2024-09-01T00:00:00' AS DateTime2), NULL),
('282bd513-06b1-42a6-ba38-689e934ca254', 'Fever', 'https://fever.jpg', 'HipHop', CAST('2023-08-01' AS Date), 210, '6ee76a77-2be4-42e3-8417-e60d282cffcb', CAST('2024-09-02T00:00:00' AS DateTime2), CAST('2024-09-02T00:00:00' AS DateTime2), NULL),
('4a3da028-5eff-4f76-a9e4-7959fbd62dc3', 'Looove', 'https://looove.jpg', 'HipHop', CAST('2023-08-05' AS Date), 260, '6ee76a77-2be4-42e3-8417-e60d282cffcb', CAST('2024-09-03T00:00:00' AS DateTime2), CAST('2024-09-03T00:00:00' AS DateTime2), NULL),
('55e26296-3afb-47aa-b9ce-c45993d3698b', 'Mafia', 'https://mafia.jpg', 'HipHop', CAST('2023-08-10' AS Date), 235, '6ee76a77-2be4-42e3-8417-e60d282cffcb', CAST('2024-09-04T00:00:00' AS DateTime2), CAST('2024-09-04T00:00:00' AS DateTime2), CAST('2024-09-04T12:00:00' AS DateTime2)),
('f45ef653-8cf8-470d-9b68-39e18ce83b56', 'Gang Gang', 'https://gang_gang.jpg', 'HipHop', CAST('2023-08-15' AS Date), 250, '6ee76a77-2be4-42e3-8417-e60d282cffcb', CAST('2024-09-05T00:00:00' AS DateTime2), CAST('2024-09-05T00:00:00' AS DateTime2), CAST('2024-09-05T12:00:00' AS DateTime2)),
('edcd516d-5da1-4dd6-bdeb-5cfefd2cd073', 'Til Further Notice', 'https://til_further_notice.jpg', 'HipHop', CAST('2023-08-20' AS Date), 200, '6ee76a77-2be4-42e3-8417-e60d282cffcb', CAST('2024-09-06T00:00:00' AS DateTime2), CAST('2024-09-06T00:00:00' AS DateTime2), CAST('2024-09-06T12:00:00' AS DateTime2)),
('599b474a-99ce-48f1-92a8-fb5711b46369', 'Love Me', 'https://love_me.jpg', 'HipHop', CAST('2023-08-25' AS Date), 220, '6ee76a77-2be4-42e3-8417-e60d282cffcb', CAST('2024-09-07T00:00:00' AS DateTime2), CAST('2024-09-07T00:00:00' AS DateTime2), CAST('2024-09-07T12:00:00' AS DateTime2)),
('0f43a456-5674-433b-b7b4-4406131f5a7f', 'Skeletons', 'https://skeletons.jpg', 'HipHop', CAST('2023-08-30' AS Date), 270, '6ee76a77-2be4-42e3-8417-e60d282cffcb', CAST('2024-09-08T00:00:00' AS DateTime2), CAST('2024-09-08T00:00:00' AS DateTime2), CAST('2024-09-08T12:00:00' AS DateTime2));

INSERT INTO [dbo].[SongPairs] ([SongId], [SimilarSongId]) VALUES
('64f534f8-f2d4-4402-95a3-54de48b678a8', '278cfa5a-6f44-420e-9930-07da6c43a6ad'),
('64f534f8-f2d4-4402-95a3-54de48b678a8', '7ef7351b-912e-4a64-ba6d-cfdfcb7d56af'),
('278cfa5a-6f44-420e-9930-07da6c43a6ad', '7ef7351b-912e-4a64-ba6d-cfdfcb7d56af'),
('278cfa5a-6f44-420e-9930-07da6c43a6ad', '03b3fb9f-38af-4074-8ab5-b9644ab44397'),
('7ef7351b-912e-4a64-ba6d-cfdfcb7d56af', '03b3fb9f-38af-4074-8ab5-b9644ab44397'),
('7ef7351b-912e-4a64-ba6d-cfdfcb7d56af', '3aff8c17-3c98-44ed-a849-1976d2c4a91a'),
('03b3fb9f-38af-4074-8ab5-b9644ab44397', '3aff8c17-3c98-44ed-a849-1976d2c4a91a'),
('03b3fb9f-38af-4074-8ab5-b9644ab44397', 'e7b0024e-cc97-46a8-bd3a-450607eebe3c'),
('3aff8c17-3c98-44ed-a849-1976d2c4a91a', 'e7b0024e-cc97-46a8-bd3a-450607eebe3c'),
('3aff8c17-3c98-44ed-a849-1976d2c4a91a', '8a5f664a-c72d-46b2-b12b-b38e4a5ec67f'),
('e7b0024e-cc97-46a8-bd3a-450607eebe3c', '8a5f664a-c72d-46b2-b12b-b38e4a5ec67f'),
('e7b0024e-cc97-46a8-bd3a-450607eebe3c', '83b64a87-6bc5-4b61-9121-505f37b81682'),
('8a5f664a-c72d-46b2-b12b-b38e4a5ec67f', '83b64a87-6bc5-4b61-9121-505f37b81682'),
('8a5f664a-c72d-46b2-b12b-b38e4a5ec67f', '23abfe5e-e938-4bf5-93d4-202e2fa3aa3e'),
('83b64a87-6bc5-4b61-9121-505f37b81682', '23abfe5e-e938-4bf5-93d4-202e2fa3aa3e'),
('83b64a87-6bc5-4b61-9121-505f37b81682', '48f88f8f-c393-4bda-9812-a748486f404e'),
('23abfe5e-e938-4bf5-93d4-202e2fa3aa3e', '48f88f8f-c393-4bda-9812-a748486f404e'),
('23abfe5e-e938-4bf5-93d4-202e2fa3aa3e', 'eb6c8e4c-502e-45b4-9a69-387e33cdadb1'),
('48f88f8f-c393-4bda-9812-a748486f404e', 'eb6c8e4c-502e-45b4-9a69-387e33cdadb1'),
('48f88f8f-c393-4bda-9812-a748486f404e', '68b0682b-9ac7-42a2-873a-8e9874e12953'),
('eb6c8e4c-502e-45b4-9a69-387e33cdadb1', '68b0682b-9ac7-42a2-873a-8e9874e12953'),
('eb6c8e4c-502e-45b4-9a69-387e33cdadb1', '1e43835a-4902-4d12-abaf-0bc8f2dae2aa'),
('68b0682b-9ac7-42a2-873a-8e9874e12953', '1e43835a-4902-4d12-abaf-0bc8f2dae2aa'),
('68b0682b-9ac7-42a2-873a-8e9874e12953', '19dc1564-8c00-4377-95db-16535a80610a'),
('1e43835a-4902-4d12-abaf-0bc8f2dae2aa', '19dc1564-8c00-4377-95db-16535a80610a'),
('1e43835a-4902-4d12-abaf-0bc8f2dae2aa', 'b26a4472-db66-4bec-926d-bb53f31083c2'),
('19dc1564-8c00-4377-95db-16535a80610a', 'b26a4472-db66-4bec-926d-bb53f31083c2'),
('19dc1564-8c00-4377-95db-16535a80610a', 'e91a010d-0fa4-4801-bee5-1974e87ab3d2'),
('b26a4472-db66-4bec-926d-bb53f31083c2', 'e91a010d-0fa4-4801-bee5-1974e87ab3d2'),
('b26a4472-db66-4bec-926d-bb53f31083c2', '469b6456-1157-43da-a275-88c983fcee9d'),
('e91a010d-0fa4-4801-bee5-1974e87ab3d2', '469b6456-1157-43da-a275-88c983fcee9d'),
('e91a010d-0fa4-4801-bee5-1974e87ab3d2', 'c23a762d-0f9f-43b9-8a6a-7a34421ee042'),
('469b6456-1157-43da-a275-88c983fcee9d', 'c23a762d-0f9f-43b9-8a6a-7a34421ee042'),
('469b6456-1157-43da-a275-88c983fcee9d', '80b291d4-5306-4879-8aa1-fec2ea4b6516'),
('c23a762d-0f9f-43b9-8a6a-7a34421ee042', '80b291d4-5306-4879-8aa1-fec2ea4b6516'),
('c23a762d-0f9f-43b9-8a6a-7a34421ee042', '81acd1bf-e6f3-44c4-ad24-c47dc22adc60'),
('80b291d4-5306-4879-8aa1-fec2ea4b6516', '81acd1bf-e6f3-44c4-ad24-c47dc22adc60'),
('80b291d4-5306-4879-8aa1-fec2ea4b6516', '0e13b758-e1dc-4f5a-a481-de9ab43934f1'),
('81acd1bf-e6f3-44c4-ad24-c47dc22adc60', '0e13b758-e1dc-4f5a-a481-de9ab43934f1'),
('81acd1bf-e6f3-44c4-ad24-c47dc22adc60', '9acfdf82-5ffd-474d-8303-b22a2a9ce0f8'),
('0e13b758-e1dc-4f5a-a481-de9ab43934f1', '9acfdf82-5ffd-474d-8303-b22a2a9ce0f8'),
('0e13b758-e1dc-4f5a-a481-de9ab43934f1', '586efb75-57ab-43ca-9b85-3bdeeae3ae19'),
('9acfdf82-5ffd-474d-8303-b22a2a9ce0f8', '586efb75-57ab-43ca-9b85-3bdeeae3ae19'),
('9acfdf82-5ffd-474d-8303-b22a2a9ce0f8', 'e4be062f-b594-4580-b514-d9d6cdaf2933'),
('586efb75-57ab-43ca-9b85-3bdeeae3ae19', 'e4be062f-b594-4580-b514-d9d6cdaf2933'),
('586efb75-57ab-43ca-9b85-3bdeeae3ae19', '0500418e-bfad-4cd1-860d-994cbdc9e2df'),
('e4be062f-b594-4580-b514-d9d6cdaf2933', '0500418e-bfad-4cd1-860d-994cbdc9e2df'),
('e4be062f-b594-4580-b514-d9d6cdaf2933', 'bc81df0c-573b-4269-ac2c-2b2667967dbb'),
('0500418e-bfad-4cd1-860d-994cbdc9e2df', 'bc81df0c-573b-4269-ac2c-2b2667967dbb'),
('0500418e-bfad-4cd1-860d-994cbdc9e2df', '866d5272-594d-423d-b702-cfccbe7a8e44'),
('bc81df0c-573b-4269-ac2c-2b2667967dbb', '866d5272-594d-423d-b702-cfccbe7a8e44'),
('bc81df0c-573b-4269-ac2c-2b2667967dbb', '5231566f-373d-46a2-af0f-62e1a9ea643b'),
('866d5272-594d-423d-b702-cfccbe7a8e44', '5231566f-373d-46a2-af0f-62e1a9ea643b'),
('866d5272-594d-423d-b702-cfccbe7a8e44', '70eb9a4b-be40-4b01-8534-796bb5f02d90'),
('5231566f-373d-46a2-af0f-62e1a9ea643b', '70eb9a4b-be40-4b01-8534-796bb5f02d90'),
('5231566f-373d-46a2-af0f-62e1a9ea643b', 'bb5f149f-8e45-455c-91d1-97639e96f671'),
('70eb9a4b-be40-4b01-8534-796bb5f02d90', 'bb5f149f-8e45-455c-91d1-97639e96f671'),
('70eb9a4b-be40-4b01-8534-796bb5f02d90', '4a88b128-2471-4f25-b51a-136363ddbe7d'),
('bb5f149f-8e45-455c-91d1-97639e96f671', '4a88b128-2471-4f25-b51a-136363ddbe7d'),
('bb5f149f-8e45-455c-91d1-97639e96f671', '84b69406-d92e-4feb-a313-f1f373f1958c'),
('4a88b128-2471-4f25-b51a-136363ddbe7d', '84b69406-d92e-4feb-a313-f1f373f1958c'),
('4a88b128-2471-4f25-b51a-136363ddbe7d', 'ded148fc-19d8-478a-9060-0b4543727d37'),
('84b69406-d92e-4feb-a313-f1f373f1958c', 'ded148fc-19d8-478a-9060-0b4543727d37'),
('84b69406-d92e-4feb-a313-f1f373f1958c', '92388b4d-6ff6-4500-9b02-24d4227f3a28'),
('ded148fc-19d8-478a-9060-0b4543727d37', '92388b4d-6ff6-4500-9b02-24d4227f3a28'),
('ded148fc-19d8-478a-9060-0b4543727d37', 'e1817fb5-5fb6-44aa-abbf-eda52cc578d7'),
('92388b4d-6ff6-4500-9b02-24d4227f3a28', 'e1817fb5-5fb6-44aa-abbf-eda52cc578d7'),
('92388b4d-6ff6-4500-9b02-24d4227f3a28', '9a5f706f-ae38-418d-b911-77559d20e076'),
('e1817fb5-5fb6-44aa-abbf-eda52cc578d7', '9a5f706f-ae38-418d-b911-77559d20e076'),
('e1817fb5-5fb6-44aa-abbf-eda52cc578d7', '01db55cc-7d06-4778-b9c1-7ccdc3e3cd13'),
('9a5f706f-ae38-418d-b911-77559d20e076', '01db55cc-7d06-4778-b9c1-7ccdc3e3cd13'),
('9a5f706f-ae38-418d-b911-77559d20e076', 'f80a900f-e0a5-4cc3-8adf-27c6309b81ca'),
('01db55cc-7d06-4778-b9c1-7ccdc3e3cd13', 'f80a900f-e0a5-4cc3-8adf-27c6309b81ca'),
('01db55cc-7d06-4778-b9c1-7ccdc3e3cd13', 'd6a31188-c1b8-4976-b372-aced401f2347'),
('f80a900f-e0a5-4cc3-8adf-27c6309b81ca', 'd6a31188-c1b8-4976-b372-aced401f2347'),
('f80a900f-e0a5-4cc3-8adf-27c6309b81ca', '8f0191bc-a242-4cb0-a9ba-38f48e823e54'),
('d6a31188-c1b8-4976-b372-aced401f2347', '8f0191bc-a242-4cb0-a9ba-38f48e823e54'),
('d6a31188-c1b8-4976-b372-aced401f2347', 'c80e5abb-3759-49eb-8cbe-c2b7ff742072'),
('8f0191bc-a242-4cb0-a9ba-38f48e823e54', 'c80e5abb-3759-49eb-8cbe-c2b7ff742072'),
('8f0191bc-a242-4cb0-a9ba-38f48e823e54', 'f1647832-8eb1-460d-a5ae-c9fac5e2cd5d'),
('c80e5abb-3759-49eb-8cbe-c2b7ff742072', 'f1647832-8eb1-460d-a5ae-c9fac5e2cd5d'),
('c80e5abb-3759-49eb-8cbe-c2b7ff742072', 'e3d3e750-7179-4189-9c19-fd546c4493c5'),
('f1647832-8eb1-460d-a5ae-c9fac5e2cd5d', 'e3d3e750-7179-4189-9c19-fd546c4493c5'),
('f1647832-8eb1-460d-a5ae-c9fac5e2cd5d', '2a14abb5-4eea-46e2-bb70-2cf907acbf09'),
('e3d3e750-7179-4189-9c19-fd546c4493c5', '2a14abb5-4eea-46e2-bb70-2cf907acbf09'),
('e3d3e750-7179-4189-9c19-fd546c4493c5', '8f764924-0f7a-49e0-a39d-d29f9c3b1161'),
('2a14abb5-4eea-46e2-bb70-2cf907acbf09', '8f764924-0f7a-49e0-a39d-d29f9c3b1161'),
('2a14abb5-4eea-46e2-bb70-2cf907acbf09', '2dec0615-0284-4260-a0f8-44baa2954bc4'),
('8f764924-0f7a-49e0-a39d-d29f9c3b1161', '2dec0615-0284-4260-a0f8-44baa2954bc4'),
('8f764924-0f7a-49e0-a39d-d29f9c3b1161', '55bce552-42e3-4ae9-96d2-6df192f2ac50'),
('2dec0615-0284-4260-a0f8-44baa2954bc4', '55bce552-42e3-4ae9-96d2-6df192f2ac50'),
('2dec0615-0284-4260-a0f8-44baa2954bc4', '7aaaf887-d5e5-47b6-b14b-6dfb7e423ea8'),
('55bce552-42e3-4ae9-96d2-6df192f2ac50', '7aaaf887-d5e5-47b6-b14b-6dfb7e423ea8'),
('55bce552-42e3-4ae9-96d2-6df192f2ac50', 'f7a5b648-8efe-41a8-8407-a9a76d8eb6fc'),
('7aaaf887-d5e5-47b6-b14b-6dfb7e423ea8', 'f7a5b648-8efe-41a8-8407-a9a76d8eb6fc'),
('7aaaf887-d5e5-47b6-b14b-6dfb7e423ea8', '25d27dd1-8add-421e-93e0-ba7d964ff990'),
('f7a5b648-8efe-41a8-8407-a9a76d8eb6fc', '25d27dd1-8add-421e-93e0-ba7d964ff990'),
('f7a5b648-8efe-41a8-8407-a9a76d8eb6fc', '93218e81-668d-4697-ab5b-e9e04cc9732d'),
('25d27dd1-8add-421e-93e0-ba7d964ff990', '93218e81-668d-4697-ab5b-e9e04cc9732d'),
('25d27dd1-8add-421e-93e0-ba7d964ff990', '3e5f72f3-c2f9-4771-99c8-5a5ced274ed7'),
('93218e81-668d-4697-ab5b-e9e04cc9732d', '3e5f72f3-c2f9-4771-99c8-5a5ced274ed7'),
('93218e81-668d-4697-ab5b-e9e04cc9732d', 'c00dd550-41aa-41e3-890e-abf3c937e62f'),
('3e5f72f3-c2f9-4771-99c8-5a5ced274ed7', 'c00dd550-41aa-41e3-890e-abf3c937e62f'),
('3e5f72f3-c2f9-4771-99c8-5a5ced274ed7', 'bd5e6040-ba62-4a5d-aeda-ba81f6f46eea'),
('c00dd550-41aa-41e3-890e-abf3c937e62f', 'bd5e6040-ba62-4a5d-aeda-ba81f6f46eea'),
('c00dd550-41aa-41e3-890e-abf3c937e62f', '448f0c35-54b1-4bd3-9a37-24b350b50d0f'),
('bd5e6040-ba62-4a5d-aeda-ba81f6f46eea', '448f0c35-54b1-4bd3-9a37-24b350b50d0f'),
('bd5e6040-ba62-4a5d-aeda-ba81f6f46eea', '835cb2dd-fb45-4605-9445-a2d14d2fba7b'),
('448f0c35-54b1-4bd3-9a37-24b350b50d0f', '835cb2dd-fb45-4605-9445-a2d14d2fba7b'),
('448f0c35-54b1-4bd3-9a37-24b350b50d0f', 'd38a98c4-5cc7-45a2-93c0-4d03ff9cb496'),
('835cb2dd-fb45-4605-9445-a2d14d2fba7b', 'd38a98c4-5cc7-45a2-93c0-4d03ff9cb496'),
('835cb2dd-fb45-4605-9445-a2d14d2fba7b', '34531668-8c68-4ebd-a6a7-36645e9bac97'),
('d38a98c4-5cc7-45a2-93c0-4d03ff9cb496', '34531668-8c68-4ebd-a6a7-36645e9bac97'),
('d38a98c4-5cc7-45a2-93c0-4d03ff9cb496', 'f2c126f4-0b32-46b1-a293-e4d53fd70d0f'),
('34531668-8c68-4ebd-a6a7-36645e9bac97', 'f2c126f4-0b32-46b1-a293-e4d53fd70d0f'),
('34531668-8c68-4ebd-a6a7-36645e9bac97', '095f7293-c7b5-4c29-9112-4aa24a8c063a'),
('f2c126f4-0b32-46b1-a293-e4d53fd70d0f', '095f7293-c7b5-4c29-9112-4aa24a8c063a'),
('f2c126f4-0b32-46b1-a293-e4d53fd70d0f', '1a4c8801-de6e-4787-b940-69ec4b9e8ad1'),
('095f7293-c7b5-4c29-9112-4aa24a8c063a', '1a4c8801-de6e-4787-b940-69ec4b9e8ad1'),
('095f7293-c7b5-4c29-9112-4aa24a8c063a', 'a1f09d89-9f92-4531-ae83-7d595da08138'),
('1a4c8801-de6e-4787-b940-69ec4b9e8ad1', 'a1f09d89-9f92-4531-ae83-7d595da08138'),
('1a4c8801-de6e-4787-b940-69ec4b9e8ad1', '923182ab-0058-40ea-a878-f6ba3dad4f74'),
('a1f09d89-9f92-4531-ae83-7d595da08138', '923182ab-0058-40ea-a878-f6ba3dad4f74'),
('a1f09d89-9f92-4531-ae83-7d595da08138', '3c15b1af-8b00-4356-ae83-873a553d99c6'),
('923182ab-0058-40ea-a878-f6ba3dad4f74', '3c15b1af-8b00-4356-ae83-873a553d99c6'),
('923182ab-0058-40ea-a878-f6ba3dad4f74', '3dab7f91-33f3-4271-a2ff-d9b5eb232068'),
('3c15b1af-8b00-4356-ae83-873a553d99c6', '3dab7f91-33f3-4271-a2ff-d9b5eb232068'),
('3c15b1af-8b00-4356-ae83-873a553d99c6', '74316db6-7ad9-4570-b837-136944e986ad'),
('3dab7f91-33f3-4271-a2ff-d9b5eb232068', '74316db6-7ad9-4570-b837-136944e986ad'),
('3dab7f91-33f3-4271-a2ff-d9b5eb232068', '4cf28277-1496-4420-ac8a-9c24e1e41181'),
('74316db6-7ad9-4570-b837-136944e986ad', '4cf28277-1496-4420-ac8a-9c24e1e41181'),
('74316db6-7ad9-4570-b837-136944e986ad', '9a9e7afb-d32b-4975-a7ed-d0174761e6e7'),
('4cf28277-1496-4420-ac8a-9c24e1e41181', '9a9e7afb-d32b-4975-a7ed-d0174761e6e7'),
('4cf28277-1496-4420-ac8a-9c24e1e41181', 'ad372f33-1ace-46da-b3ef-f9156398a019'),
('9a9e7afb-d32b-4975-a7ed-d0174761e6e7', 'ad372f33-1ace-46da-b3ef-f9156398a019'),
('9a9e7afb-d32b-4975-a7ed-d0174761e6e7', 'bc795075-07ac-4458-a8a2-56b7d8ab0437'),
('ad372f33-1ace-46da-b3ef-f9156398a019', 'bc795075-07ac-4458-a8a2-56b7d8ab0437'),
('ad372f33-1ace-46da-b3ef-f9156398a019', '72c4be16-5b12-432b-8cec-4fa162788527'),
('bc795075-07ac-4458-a8a2-56b7d8ab0437', '72c4be16-5b12-432b-8cec-4fa162788527'),
('bc795075-07ac-4458-a8a2-56b7d8ab0437', 'f111ef40-05d2-4e04-9856-d63fade4a12d'),
('72c4be16-5b12-432b-8cec-4fa162788527', 'f111ef40-05d2-4e04-9856-d63fade4a12d'),
('72c4be16-5b12-432b-8cec-4fa162788527', 'f027a18c-3164-42a2-b49b-f299a1477798'),
('f111ef40-05d2-4e04-9856-d63fade4a12d', 'f027a18c-3164-42a2-b49b-f299a1477798'),
('f111ef40-05d2-4e04-9856-d63fade4a12d', 'a19c9d5d-5999-4972-aca8-1990d6c854ea'),
('f027a18c-3164-42a2-b49b-f299a1477798', 'a19c9d5d-5999-4972-aca8-1990d6c854ea'),
('f027a18c-3164-42a2-b49b-f299a1477798', '46d680bc-036d-4e72-bb12-1d8ed212c83a'),
('a19c9d5d-5999-4972-aca8-1990d6c854ea', '46d680bc-036d-4e72-bb12-1d8ed212c83a'),
('a19c9d5d-5999-4972-aca8-1990d6c854ea', '8f162292-9e44-4003-97b8-86fe410c486a'),
('46d680bc-036d-4e72-bb12-1d8ed212c83a', '8f162292-9e44-4003-97b8-86fe410c486a'),
('46d680bc-036d-4e72-bb12-1d8ed212c83a', 'b2c5d58f-9983-48c5-8a1e-96dafdb3307c'),
('8f162292-9e44-4003-97b8-86fe410c486a', 'b2c5d58f-9983-48c5-8a1e-96dafdb3307c'),
('8f162292-9e44-4003-97b8-86fe410c486a', 'd7cc064f-70a0-43ad-bd86-8d200580d6b8'),
('b2c5d58f-9983-48c5-8a1e-96dafdb3307c', 'd7cc064f-70a0-43ad-bd86-8d200580d6b8'),
('b2c5d58f-9983-48c5-8a1e-96dafdb3307c', 'daf6789f-eb96-423c-9958-82ba17c4517a'),
('d7cc064f-70a0-43ad-bd86-8d200580d6b8', 'daf6789f-eb96-423c-9958-82ba17c4517a'),
('d7cc064f-70a0-43ad-bd86-8d200580d6b8', '5248af81-7450-48a8-bce9-d179a79101b3'),
('daf6789f-eb96-423c-9958-82ba17c4517a', '5248af81-7450-48a8-bce9-d179a79101b3'),
('daf6789f-eb96-423c-9958-82ba17c4517a', 'a8bdf565-b0d2-46dd-aa34-fedd762ff61c'),
('5248af81-7450-48a8-bce9-d179a79101b3', 'a8bdf565-b0d2-46dd-aa34-fedd762ff61c'),
('5248af81-7450-48a8-bce9-d179a79101b3', 'be8f4a76-9966-4b2f-95ef-067dd7879655'),
('a8bdf565-b0d2-46dd-aa34-fedd762ff61c', 'be8f4a76-9966-4b2f-95ef-067dd7879655'),
('a8bdf565-b0d2-46dd-aa34-fedd762ff61c', '5904e413-0619-4099-afbc-71e133a68511'),
('be8f4a76-9966-4b2f-95ef-067dd7879655', '5904e413-0619-4099-afbc-71e133a68511'),
('be8f4a76-9966-4b2f-95ef-067dd7879655', 'a5780fe8-4708-4574-a3de-416064b970d1'),
('5904e413-0619-4099-afbc-71e133a68511', 'a5780fe8-4708-4574-a3de-416064b970d1'),
('5904e413-0619-4099-afbc-71e133a68511', '212c0538-0cb2-4126-bcc9-baaa8265afb2'),
('a5780fe8-4708-4574-a3de-416064b970d1', '212c0538-0cb2-4126-bcc9-baaa8265afb2'),
('a5780fe8-4708-4574-a3de-416064b970d1', '748d7f2c-0e5d-45cd-8f5d-77da302bbc0c'),
('212c0538-0cb2-4126-bcc9-baaa8265afb2', '748d7f2c-0e5d-45cd-8f5d-77da302bbc0c'),
('212c0538-0cb2-4126-bcc9-baaa8265afb2', '3a2b8ce7-e279-42dd-8905-a42d35bf6fa0'),
('748d7f2c-0e5d-45cd-8f5d-77da302bbc0c', '3a2b8ce7-e279-42dd-8905-a42d35bf6fa0'),
('748d7f2c-0e5d-45cd-8f5d-77da302bbc0c', 'af20c27b-e20c-459a-bbde-7603fc8715fc'),
('3a2b8ce7-e279-42dd-8905-a42d35bf6fa0', 'af20c27b-e20c-459a-bbde-7603fc8715fc'),
('3a2b8ce7-e279-42dd-8905-a42d35bf6fa0', 'a23d5a35-4168-40d2-a8eb-cd15f71f120c'),
('af20c27b-e20c-459a-bbde-7603fc8715fc', 'a23d5a35-4168-40d2-a8eb-cd15f71f120c'),
('af20c27b-e20c-459a-bbde-7603fc8715fc', '8b39efa4-ce8d-4617-84e7-45bf095c290a'),
('a23d5a35-4168-40d2-a8eb-cd15f71f120c', '8b39efa4-ce8d-4617-84e7-45bf095c290a'),
('a23d5a35-4168-40d2-a8eb-cd15f71f120c', 'e5b2ec61-7152-4f1b-bfbb-4a05a9d8b227'),
('8b39efa4-ce8d-4617-84e7-45bf095c290a', 'e5b2ec61-7152-4f1b-bfbb-4a05a9d8b227'),
('8b39efa4-ce8d-4617-84e7-45bf095c290a', 'b2c1d43d-78b7-4d82-9e4e-e852018c1e82'),
('e5b2ec61-7152-4f1b-bfbb-4a05a9d8b227', 'b2c1d43d-78b7-4d82-9e4e-e852018c1e82'),
('e5b2ec61-7152-4f1b-bfbb-4a05a9d8b227', '5b447453-56d5-418e-8af2-8c15594d67eb'),
('b2c1d43d-78b7-4d82-9e4e-e852018c1e82', '5b447453-56d5-418e-8af2-8c15594d67eb'),
('b2c1d43d-78b7-4d82-9e4e-e852018c1e82', '282bd513-06b1-42a6-ba38-689e934ca254'),
('5b447453-56d5-418e-8af2-8c15594d67eb', '282bd513-06b1-42a6-ba38-689e934ca254'),
('5b447453-56d5-418e-8af2-8c15594d67eb', '4a3da028-5eff-4f76-a9e4-7959fbd62dc3'),
('282bd513-06b1-42a6-ba38-689e934ca254', '4a3da028-5eff-4f76-a9e4-7959fbd62dc3'),
('282bd513-06b1-42a6-ba38-689e934ca254', '55e26296-3afb-47aa-b9ce-c45993d3698b'),
('4a3da028-5eff-4f76-a9e4-7959fbd62dc3', '55e26296-3afb-47aa-b9ce-c45993d3698b'),
('4a3da028-5eff-4f76-a9e4-7959fbd62dc3', 'f45ef653-8cf8-470d-9b68-39e18ce83b56'),
('55e26296-3afb-47aa-b9ce-c45993d3698b', 'f45ef653-8cf8-470d-9b68-39e18ce83b56'),
('55e26296-3afb-47aa-b9ce-c45993d3698b', 'edcd516d-5da1-4dd6-bdeb-5cfefd2cd073'),
('f45ef653-8cf8-470d-9b68-39e18ce83b56', 'edcd516d-5da1-4dd6-bdeb-5cfefd2cd073'),
('f45ef653-8cf8-470d-9b68-39e18ce83b56', '599b474a-99ce-48f1-92a8-fb5711b46369'),
('edcd516d-5da1-4dd6-bdeb-5cfefd2cd073', '599b474a-99ce-48f1-92a8-fb5711b46369'),
('edcd516d-5da1-4dd6-bdeb-5cfefd2cd073', '0f43a456-5674-433b-b7b4-4406131f5a7f'),
('599b474a-99ce-48f1-92a8-fb5711b46369', '0f43a456-5674-433b-b7b4-4406131f5a7f'),
('599b474a-99ce-48f1-92a8-fb5711b46369', '64f534f8-f2d4-4402-95a3-54de48b678a8'),
('0f43a456-5674-433b-b7b4-4406131f5a7f', '64f534f8-f2d4-4402-95a3-54de48b678a8'),
('0f43a456-5674-433b-b7b4-4406131f5a7f', '278cfa5a-6f44-420e-9930-07da6c43a6ad');

INSERT INTO [dbo].[ArtistSong] ([ArtistsId], [SongsId]) VALUES
('4e75ecdd-aafe-4c35-836b-1b83fc7b8f88', '64f534f8-f2d4-4402-95a3-54de48b678a8'),
('4e75ecdd-aafe-4c35-836b-1b83fc7b8f88', '278cfa5a-6f44-420e-9930-07da6c43a6ad'),
('8c301aa9-6d56-4c06-b1f2-9b9956979345', '7ef7351b-912e-4a64-ba6d-cfdfcb7d56af'),
('8c301aa9-6d56-4c06-b1f2-9b9956979345', '03b3fb9f-38af-4074-8ab5-b9644ab44397'),
('fc3e6343-6f10-42e8-91c9-2d36c0154c42', '3aff8c17-3c98-44ed-a849-1976d2c4a91a'),
('fc3e6343-6f10-42e8-91c9-2d36c0154c42', 'e7b0024e-cc97-46a8-bd3a-450607eebe3c'),
('96de52c4-7dbf-4db1-baed-255c8f9215db', '8a5f664a-c72d-46b2-b12b-b38e4a5ec67f'),
('96de52c4-7dbf-4db1-baed-255c8f9215db', '83b64a87-6bc5-4b61-9121-505f37b81682'),
('66c4b36e-0fac-4911-9e9a-98d42d8ece10', '23abfe5e-e938-4bf5-93d4-202e2fa3aa3e'),
('66c4b36e-0fac-4911-9e9a-98d42d8ece10', '48f88f8f-c393-4bda-9812-a748486f404e'),
('1d9d1b54-6430-45c5-85d6-ae4d2288223f', 'eb6c8e4c-502e-45b4-9a69-387e33cdadb1'),
('1d9d1b54-6430-45c5-85d6-ae4d2288223f', '68b0682b-9ac7-42a2-873a-8e9874e12953'),
('6fbd52c1-d395-4349-975b-70916be1b8d0', '1e43835a-4902-4d12-abaf-0bc8f2dae2aa'),
('6fbd52c1-d395-4349-975b-70916be1b8d0', '19dc1564-8c00-4377-95db-16535a80610a'),
('b37cefef-c6d2-49a7-8b12-cdeacf5fe4c1', 'b26a4472-db66-4bec-926d-bb53f31083c2'),
('b37cefef-c6d2-49a7-8b12-cdeacf5fe4c1', 'e91a010d-0fa4-4801-bee5-1974e87ab3d2'),
('08af1af0-b71e-44bc-b5d3-82dab55d6b81', '469b6456-1157-43da-a275-88c983fcee9d'),
('08af1af0-b71e-44bc-b5d3-82dab55d6b81', 'c23a762d-0f9f-43b9-8a6a-7a34421ee042'),
('2f715aa4-7597-4f8e-9594-1f0245d16a97', '80b291d4-5306-4879-8aa1-fec2ea4b6516'),
('2f715aa4-7597-4f8e-9594-1f0245d16a97', '81acd1bf-e6f3-44c4-ad24-c47dc22adc60'),
('6a1e646b-e42d-4336-88c6-cb44d5f50682', '0e13b758-e1dc-4f5a-a481-de9ab43934f1'),
('6a1e646b-e42d-4336-88c6-cb44d5f50682', '9acfdf82-5ffd-474d-8303-b22a2a9ce0f8'),
('3f7b8c31-2f1f-4a5b-8b01-3395bf4c0931', '586efb75-57ab-43ca-9b85-3bdeeae3ae19'),
('3f7b8c31-2f1f-4a5b-8b01-3395bf4c0931', 'e4be062f-b594-4580-b514-d9d6cdaf2933'),
('3a448c5a-e1c8-456e-955f-ed2f98d87aa6', '0500418e-bfad-4cd1-860d-994cbdc9e2df'),
('3a448c5a-e1c8-456e-955f-ed2f98d87aa6', 'bc81df0c-573b-4269-ac2c-2b2667967dbb'),
('9e198401-4c15-4d2d-b9fb-63001bee256e', '866d5272-594d-423d-b702-cfccbe7a8e44'),
('9e198401-4c15-4d2d-b9fb-63001bee256e', '5231566f-373d-46a2-af0f-62e1a9ea643b'),
('60d224af-d862-43e5-b6f8-9c977feb2cfe', '70eb9a4b-be40-4b01-8534-796bb5f02d90'),
('60d224af-d862-43e5-b6f8-9c977feb2cfe', 'bb5f149f-8e45-455c-91d1-97639e96f671'),
('e5b25542-e19b-4661-a5e8-72fa34bfb7c9', '4a88b128-2471-4f25-b51a-136363ddbe7d'),
('e5b25542-e19b-4661-a5e8-72fa34bfb7c9', '84b69406-d92e-4feb-a313-f1f373f1958c'),
('bdfd8e1e-09f2-4a2b-a2ec-6381b3f63616', 'ded148fc-19d8-478a-9060-0b4543727d37'),
('bdfd8e1e-09f2-4a2b-a2ec-6381b3f63616', '92388b4d-6ff6-4500-9b02-24d4227f3a28'),
('7aeef64b-accf-4e2c-8009-1e62cbc85689', 'e1817fb5-5fb6-44aa-abbf-eda52cc578d7'),
('7aeef64b-accf-4e2c-8009-1e62cbc85689', '9a5f706f-ae38-418d-b911-77559d20e076'),
('f33a1cf0-5c51-4b65-a0fe-88d28cb33155', '01db55cc-7d06-4778-b9c1-7ccdc3e3cd13'),
('f33a1cf0-5c51-4b65-a0fe-88d28cb33155', 'f80a900f-e0a5-4cc3-8adf-27c6309b81ca'),
('124f550a-50d0-4f6a-b445-1b9a31a48571', 'd6a31188-c1b8-4976-b372-aced401f2347'),
('124f550a-50d0-4f6a-b445-1b9a31a48571', '8f0191bc-a242-4cb0-a9ba-38f48e823e54'),
('dc3f0a12-0809-4fec-b70d-8a2035fc3cf0', 'c80e5abb-3759-49eb-8cbe-c2b7ff742072'),
('dc3f0a12-0809-4fec-b70d-8a2035fc3cf0', 'f1647832-8eb1-460d-a5ae-c9fac5e2cd5d'),
('90d3f8b5-a0fd-4616-a5ed-ebea0340b29f', 'e3d3e750-7179-4189-9c19-fd546c4493c5'),
('90d3f8b5-a0fd-4616-a5ed-ebea0340b29f', '2a14abb5-4eea-46e2-bb70-2cf907acbf09'),
('2f41b1f0-bf26-406f-95ff-e29ee92b5a3a', '8f764924-0f7a-49e0-a39d-d29f9c3b1161'),
('2f41b1f0-bf26-406f-95ff-e29ee92b5a3a', '2dec0615-0284-4260-a0f8-44baa2954bc4'),
('6a9fcd23-2c91-4a32-a3c2-f44e35f1a421', '55bce552-42e3-4ae9-96d2-6df192f2ac50'),
('6a9fcd23-2c91-4a32-a3c2-f44e35f1a421', '7aaaf887-d5e5-47b6-b14b-6dfb7e423ea8'),
('4b6e5e08-93b2-4f37-8c80-f59c662153e4', 'f7a5b648-8efe-41a8-8407-a9a76d8eb6fc'),
('4b6e5e08-93b2-4f37-8c80-f59c662153e4', '25d27dd1-8add-421e-93e0-ba7d964ff990'),
('0f9d6cf2-497e-48ff-b1fa-440678951c28', '93218e81-668d-4697-ab5b-e9e04cc9732d'),
('0f9d6cf2-497e-48ff-b1fa-440678951c28', '3e5f72f3-c2f9-4771-99c8-5a5ced274ed7'),
('e97b22b8-d9a1-4a5e-bfa1-6ba9cc0758cf', 'c00dd550-41aa-41e3-890e-abf3c937e62f'),
('e97b22b8-d9a1-4a5e-bfa1-6ba9cc0758cf', 'bd5e6040-ba62-4a5d-aeda-ba81f6f46eea'),
('78322f23-3f6f-4420-ad26-3a014f5c5ea5', '448f0c35-54b1-4bd3-9a37-24b350b50d0f'),
('78322f23-3f6f-4420-ad26-3a014f5c5ea5', '835cb2dd-fb45-4605-9445-a2d14d2fba7b'),
('2a0c3b05-5f01-4b6b-84ea-b22f8bc301dc', 'd38a98c4-5cc7-45a2-93c0-4d03ff9cb496'),
('2a0c3b05-5f01-4b6b-84ea-b22f8bc301dc', '34531668-8c68-4ebd-a6a7-36645e9bac97'),
('4d905d70-95e3-4e76-bf59-ace2d3ec05ad', 'f2c126f4-0b32-46b1-a293-e4d53fd70d0f'),
('4d905d70-95e3-4e76-bf59-ace2d3ec05ad', '095f7293-c7b5-4c29-9112-4aa24a8c063a'),
('9cb82f47-a287-403a-a5c6-0f821d7d4c8a', '1a4c8801-de6e-4787-b940-69ec4b9e8ad1'),
('9cb82f47-a287-403a-a5c6-0f821d7d4c8a', 'a1f09d89-9f92-4531-ae83-7d595da08138'),
('0ac3e817-eda5-4a60-9e8c-6a82e2a3e5f3', '923182ab-0058-40ea-a878-f6ba3dad4f74'),
('0ac3e817-eda5-4a60-9e8c-6a82e2a3e5f3', '3c15b1af-8b00-4356-ae83-873a553d99c6'),
('cd1f9668-1eed-4a1c-9894-f7b3e3b9b486', '3dab7f91-33f3-4271-a2ff-d9b5eb232068'),
('cd1f9668-1eed-4a1c-9894-f7b3e3b9b486', '74316db6-7ad9-4570-b837-136944e986ad'),
('f98851a4-dd7b-45df-83d2-77df1f53f678', '4cf28277-1496-4420-ac8a-9c24e1e41181'),
('f98851a4-dd7b-45df-83d2-77df1f53f678', '9a9e7afb-d32b-4975-a7ed-d0174761e6e7'),
('2ba4fb8c-22d7-4ba6-9e95-1a1bfaa0fb4b', 'ad372f33-1ace-46da-b3ef-f9156398a019'),
('2ba4fb8c-22d7-4ba6-9e95-1a1bfaa0fb4b', 'bc795075-07ac-4458-a8a2-56b7d8ab0437'),
('bb90ec41-ce2d-4165-993b-c5ee2aabe8ce', '72c4be16-5b12-432b-8cec-4fa162788527'),
('bb90ec41-ce2d-4165-993b-c5ee2aabe8ce', 'f111ef40-05d2-4e04-9856-d63fade4a12d'),
('e1d9cee7-ecde-4d07-bc64-3cec9c3f7b04', 'f027a18c-3164-42a2-b49b-f299a1477798'),
('e1d9cee7-ecde-4d07-bc64-3cec9c3f7b04', 'a19c9d5d-5999-4972-aca8-1990d6c854ea'),
('a89d646a-230a-43ee-bd42-7988a4f80711', '46d680bc-036d-4e72-bb12-1d8ed212c83a'),
('a89d646a-230a-43ee-bd42-7988a4f80711', '8f162292-9e44-4003-97b8-86fe410c486a'),
('d2a3e8cf-b32d-4abe-9ae8-6ce7a89d2f64', 'b2c5d58f-9983-48c5-8a1e-96dafdb3307c'),
('d2a3e8cf-b32d-4abe-9ae8-6ce7a89d2f64', 'd7cc064f-70a0-43ad-bd86-8d200580d6b8'),
('fe3b72a5-0aa0-49f3-8407-accf2b081227', 'daf6789f-eb96-423c-9958-82ba17c4517a'),
('fe3b72a5-0aa0-49f3-8407-accf2b081227', '5248af81-7450-48a8-bce9-d179a79101b3'),
('1e00d247-6e57-413e-9ede-d4835f5cfbd1', 'a8bdf565-b0d2-46dd-aa34-fedd762ff61c'),
('1e00d247-6e57-413e-9ede-d4835f5cfbd1', 'be8f4a76-9966-4b2f-95ef-067dd7879655'),
('f32c8b31-d086-4d22-95e3-efb8e6cebbd8', '5904e413-0619-4099-afbc-71e133a68511'),
('f32c8b31-d086-4d22-95e3-efb8e6cebbd8', 'a5780fe8-4708-4574-a3de-416064b970d1'),
('6ab42fcb-33e8-4f13-ba58-c1ad5d98d543', '212c0538-0cb2-4126-bcc9-baaa8265afb2'),
('6ab42fcb-33e8-4f13-ba58-c1ad5d98d543', '748d7f2c-0e5d-45cd-8f5d-77da302bbc0c'),
('99aa6f02-c3c4-44fa-aa2a-23f31c2f355b', '3a2b8ce7-e279-42dd-8905-a42d35bf6fa0'),
('99aa6f02-c3c4-44fa-aa2a-23f31c2f355b', 'af20c27b-e20c-459a-bbde-7603fc8715fc'),
('f4f1479f-ccb7-4519-a636-fd3f1f8f921c', 'a23d5a35-4168-40d2-a8eb-cd15f71f120c'),
('f4f1479f-ccb7-4519-a636-fd3f1f8f921c', '8b39efa4-ce8d-4617-84e7-45bf095c290a'),
('d41d8cd9-245e-45ff-a5a7-d5d80a42f118', 'e5b2ec61-7152-4f1b-bfbb-4a05a9d8b227'),
('d41d8cd9-245e-45ff-a5a7-d5d80a42f118', 'b2c1d43d-78b7-4d82-9e4e-e852018c1e82'),
('98087cf2-9ae8-46b8-9bba-4cd0f63c8c08', '5b447453-56d5-418e-8af2-8c15594d67eb'),
('98087cf2-9ae8-46b8-9bba-4cd0f63c8c08', '282bd513-06b1-42a6-ba38-689e934ca254'),
('da17e22b-8b95-4f85-83d3-57a1ec9613e7', '4a3da028-5eff-4f76-a9e4-7959fbd62dc3'),
('da17e22b-8b95-4f85-83d3-57a1ec9613e7', '55e26296-3afb-47aa-b9ce-c45993d3698b'),
('3c16dffc-25a0-45ac-804d-cfcfbe730f1b', 'f45ef653-8cf8-470d-9b68-39e18ce83b56'),
('3c16dffc-25a0-45ac-804d-cfcfbe730f1b', 'edcd516d-5da1-4dd6-bdeb-5cfefd2cd073'),
('4fa7fb3d-1aa8-4e91-ba7a-6f4781c01d41', '599b474a-99ce-48f1-92a8-fb5711b46369'),
('4fa7fb3d-1aa8-4e91-ba7a-6f4781c01d41', '0f43a456-5674-433b-b7b4-4406131f5a7f');

INSERT [dbo].[Users] ([Id], [Name], [Email], [PasswordSalt], [PasswordHash], [Phone], [Address], [Birthday], [ImageUrl], [Role], [CreatedAt], [UpdatedAt], [DeletedAt]) VALUES
('0a9e546f-38b4-4dbf-a482-24a82169890e', 'John Doe', 'john.doe@email.com', '8N2aeuESLAW/U7ugfotVkA==', '2BQB4efoBi4Z5VldE8ErF0qQ47NvO9+0hF0al7PmJ24=', '+40721543701', '123 Main St, Boston, USA', CAST('1980-02-15' AS Date), 'https://john_doe.jpg', 'Admin', CAST('2024-08-01T00:00:00' AS DateTime2), CAST('2024-08-01T00:00:00' AS DateTime2), NULL), -- John_Doe_Password0!
('7eb88892-549b-4cae-90be-c52088354643', 'Jane Smith', 'jane.smith@email.com', 'YQg1izpe9i4sytzAGgHI7Q==', '3JaeXTimekdGh/REM6606mLuKrYRoiR41ZU/G6lB+QY=', '+40756321802', '456 Oak St, London, UK', CAST('1982-07-10' AS Date), 'https://jane_smith.jpg', 'Admin', CAST('2024-08-02T00:00:00' AS DateTime2), CAST('2024-08-02T00:00:00' AS DateTime2), NULL), -- Jane_Smith_Password0!
('36712aa4-77f0-4510-8425-cf53dad54840', 'Michael Johnson', 'michael.johnson@email.com', 'bFfX/bLhotMNHzTFJm6mOg==', 'hwITjH+aBIuqnoBtW2QYYaL07ZYfdhzFtO3f5FMLps4=', '+40789712303', '789 Pine St, Madrid, Spain', CAST('1990-11-20' AS Date), 'https://michael_johnson.jpg', 'Admin', CAST('2024-08-03T00:00:00' AS DateTime2), CAST('2024-08-03T00:00:00' AS DateTime2), NULL), -- Michael_Johnson_Password0!
('cb83d524-2016-4ce3-965b-223af9e7ba99', 'Laura Brown', 'laura.brown@email.com', 'sqNvyZ7e7GkjoEqU9YfMAw==', '3s4NRoTE5JNNU3oBn1Nu7/TvBCb7oEJ4rG6NDRoeYyo=', '+40734289604', '333 Elm St, Paris, France', CAST('1985-08-25' AS Date), 'https://laura_brown.jpg', 'Moderator', CAST('2024-08-04T00:00:00' AS DateTime2), CAST('2024-08-04T00:00:00' AS DateTime2), NULL), -- Laura_Brown_Password0!
('9c6a5f06-b1f0-4507-b2f8-955156a8bed6', 'Robert Davis', 'robert.davis@email.com', 'Nsh49T0WsVz+bOVqLNnzdA==', '5iTYDGwqxY+oxmeR/tv0LYx+9nu8nxWUoPEyjTXKsPA=', '+40754321805', '555 Oak St, Berlin, Germany', CAST('1988-05-12' AS Date), 'https://robert_davis.jpg', 'Moderator', CAST('2024-08-05T00:00:00' AS DateTime2), CAST('2024-08-05T00:00:00' AS DateTime2), NULL), -- Robert_Davis_Password0!
('ff3dd044-ebfb-4e1d-9050-b6dcfe684a1a', 'Emily Wilson', 'emily.wilson@email.com', 'jyjr+pUA1grf5+b2JYWLQw==', 'gG3FRFHv+UsSpIZt721JS8sJ5xyzleeSBL7+r5GiUsA=', '+40789012606', '777 Pine St, Sydney, Australia', CAST('1995-09-08' AS Date), 'https://emily_wilson.jpg', 'Moderator', CAST('2024-08-06T00:00:00' AS DateTime2), CAST('2024-08-06T00:00:00' AS DateTime2), NULL), -- Emily_Wilson_Password0!
('f2a1edb1-332f-4c2f-af59-6b5508eafbec', 'Michaela Taylor', 'michaela.taylor@email.com', 'Mq6REd3vYBoqGTaoyJ0mHA==', 'bA1qhE2oW/YKJ+/wIP72g6RddIqtXz20bjsnwLu0/AY=', '+40723145607', '999 Elm St, Rome, Italy', CAST('1983-12-07' AS Date), 'https://michaela_taylor.jpg', 'Listener', CAST('2024-08-07T00:00:00' AS DateTime2), CAST('2024-08-07T00:00:00' AS DateTime2), NULL), -- Michaela_Taylor_Password0!
('14a3d4c4-fb21-4153-9096-d96bda62ee59', 'David Anderson', 'david.anderson@email.com', 'I+vzT0Q0h9v6BokkhHH40g==', '+reqhXnGiShHUC5sxP02v23kKaYjedIRfZAYg9/3Mkw=', '+40787654308', '111 Oak St, Moscow, Russia', CAST('1992-04-23' AS Date), 'https://david_anderson.jpg', 'Listener', CAST('2024-08-08T00:00:00' AS DateTime2), CAST('2024-08-08T00:00:00' AS DateTime2), NULL), -- David_Anderson_Password0!
('978d41ee-1f38-4c84-8826-8e62bc5ba109', 'Sophia Garcia', 'sophia.garcia@email.com', '8auwB8NbccCHKdS1S+9sUg==', 'vBz8hkle8HsLLhVuCFuQaaYJw4ds0CmxCJBvacBp/pU=', '+40754321809', '333 Pine St, Athens, Greece', CAST('1998-07-30' AS Date), 'https://sophia_garcia.jpg', 'Listener', CAST('2024-08-09T00:00:00' AS DateTime2), CAST('2024-08-09T00:00:00' AS DateTime2), NULL), -- Sophia_Garcia_Password0!
('da189940-d09e-4587-9665-8efdf10684dd', 'Joseph Wilson', 'joseph.wilson@email.com', 'MHN0/ddi3b/HJXWTGm2RNw==', '+BiUsbLF9nCTfJJyoZCMQz8yVuD1FNfmWQZ7w8K8ucU=', '+40789012610', '555 Elm St, Madrid, Spain', CAST('1991-03-14' AS Date), 'https://joseph_wilson.jpg', 'Listener', CAST('2024-08-10T00:00:00' AS DateTime2), CAST('2024-08-10T00:00:00' AS DateTime2), NULL); -- Joseph_Wilson_Password0!

INSERT INTO [dbo].[Feedbacks] ([Id], [UserId], [Type], [Message], [CreatedAt], [UpdatedAt], [DeletedAt]) VALUES 
('83061e8c-3403-441a-8be5-867ed1f4a86b', '0a9e546f-38b4-4dbf-a482-24a82169890e', 'Issue', 'Notification sounds are not working on some devices.', CAST('2024-06-01T00:00:00' AS DateTime2), CAST('2024-06-01T00:00:00' AS DateTime2), NULL),
('3a02f5b9-00f1-4f75-8df8-89dbd1a7aeec', '0a9e546f-38b4-4dbf-a482-24a82169890e', 'Issue', 'Buttons on the settings page do not respond on first tap.', CAST('2024-06-02T00:00:00' AS DateTime2), CAST('2024-06-02T00:00:00' AS DateTime2), NULL),
('7d44b1e2-0715-4b8b-8f22-15c123b9179b', '0a9e546f-38b4-4dbf-a482-24a82169890e', 'Issue', 'Settings page crashes when toggling airplane mode.', CAST('2024-06-03T00:00:00' AS DateTime2), CAST('2024-06-03T00:00:00' AS DateTime2), NULL),
('9e592479-4c9f-444f-a1c3-f888f38ab008', '0a9e546f-38b4-4dbf-a482-24a82169890e', 'Optimization', 'Improve page load time for the dashboard.', CAST('2024-06-04T00:00:00' AS DateTime2), CAST('2024-06-04T00:00:00' AS DateTime2), NULL),
('7b6706a4-6df8-4391-9936-d0fb330cdd47', '0a9e546f-38b4-4dbf-a482-24a82169890e', 'Optimization', 'Reduce app startup time by optimizing splash screen.', CAST('2024-06-05T00:00:00' AS DateTime2), CAST('2024-06-05T00:00:00' AS DateTime2), NULL),
('e6e4625f-f172-4d9a-9a68-dbe02865f4c8', '0a9e546f-38b4-4dbf-a482-24a82169890e', 'Optimization', 'Minimize app size by reducing unused assets.', CAST('2024-06-06T00:00:00' AS DateTime2), CAST('2024-06-06T00:00:00' AS DateTime2), NULL),
('819ece95-0f7e-4ad6-aa95-4dcafff97345', '0a9e546f-38b4-4dbf-a482-24a82169890e', 'Improvement', 'Add more analytics features for users.', CAST('2024-06-07T00:00:00' AS DateTime2), CAST('2024-06-07T00:00:00' AS DateTime2), NULL),
('e8d2d9e1-207d-4f64-8e8a-4e65e82762b4', '0a9e546f-38b4-4dbf-a482-24a82169890e', 'Improvement', 'Add option to sync data across multiple devices.', CAST('2024-06-08T00:00:00' AS DateTime2), CAST('2024-06-08T00:00:00' AS DateTime2), NULL),
('2b76a5c9-f6b6-4b38-8c50-b198c7a19f31', '0a9e546f-38b4-4dbf-a482-24a82169890e', 'Improvement', 'Allow users to reorder items in their dashboard.', CAST('2024-06-09T00:00:00' AS DateTime2), CAST('2024-06-09T00:00:00' AS DateTime2), NULL),

('2abf1f0c-6201-4eeb-96df-810a7fcdde47', '7eb88892-549b-4cae-90be-c52088354643', 'Issue', 'Application crashes when uploading large files.', CAST('2024-06-10T00:00:00' AS DateTime2), CAST('2024-06-10T00:00:00' AS DateTime2), NULL),
('ce0fd348-c370-4874-8563-3c70332fe41d', '7eb88892-549b-4cae-90be-c52088354643', 'Issue', 'Keyboard covers text input on some screens.', CAST('2024-06-11T00:00:00' AS DateTime2), CAST('2024-06-11T00:00:00' AS DateTime2), NULL),
('f3f4096a-2a44-4050-85b2-df2d1e6a6c42', '7eb88892-549b-4cae-90be-c52088354643', 'Issue', 'Push notifications not working on some devices.', CAST('2024-06-12T00:00:00' AS DateTime2), CAST('2024-06-12T00:00:00' AS DateTime2), NULL),
('bf823996-d2ce-4616-a6b2-f7347f05c6aa', '7eb88892-549b-4cae-90be-c52088354643', 'Optimization', 'Optimize search functionality for better results.', CAST('2024-06-13T00:00:00' AS DateTime2), CAST('2024-06-13T00:00:00' AS DateTime2), NULL),
('c8c6b44d-88e7-40d8-bf82-1f7d9fc8f64d', '7eb88892-549b-4cae-90be-c52088354643', 'Optimization', 'Enhance image loading speed on slower connections.', CAST('2024-06-14T00:00:00' AS DateTime2), CAST('2024-06-14T00:00:00' AS DateTime2), NULL),
('62764098-1b4d-404b-a394-7ff5761e1e42', '7eb88892-549b-4cae-90be-c52088354643', 'Optimization', 'Improve network performance under low connectivity.', CAST('2024-06-15T00:00:00' AS DateTime2), CAST('2024-06-15T00:00:00' AS DateTime2), NULL),
('777cfbdd-5330-44ab-848d-e2d61b46dcf7', '7eb88892-549b-4cae-90be-c52088354643', 'Improvement', 'Allow users to customize their profile layout.', CAST('2024-06-16T00:00:00' AS DateTime2), CAST('2024-06-16T00:00:00' AS DateTime2), NULL),
('235b24a2-58e2-4e36-a346-71df77ed8c7c', '7eb88892-549b-4cae-90be-c52088354643', 'Improvement', 'Provide visual cues for successful actions.', CAST('2024-06-17T00:00:00' AS DateTime2), CAST('2024-06-17T00:00:00' AS DateTime2), NULL),
('b2a36ba2-67b3-46eb-95cb-2e9a76b0849c', '7eb88892-549b-4cae-90be-c52088354643', 'Improvement', 'Add biometric authentication for quick access.', CAST('2024-06-18T00:00:00' AS DateTime2), CAST('2024-06-18T00:00:00' AS DateTime2), CAST('2024-06-18T12:00:00' AS DateTime2)),

('fc1ae2d2-1234-4b5b-9a1e-39df1b636f38', '36712aa4-77f0-4510-8425-cf53dad54840', 'Issue', 'The report generation feature fails to load.', CAST('2024-06-19T00:00:00' AS DateTime2), CAST('2024-06-19T00:00:00' AS DateTime2), NULL),
('3b1453c7-e683-4671-9f72-159b779b4fe3', '36712aa4-77f0-4510-8425-cf53dad54840', 'Issue', 'Inconsistent behavior when switching tabs rapidly.', CAST('2024-06-20T00:00:00' AS DateTime2), CAST('2024-06-20T00:00:00' AS DateTime2), NULL),
('945cbf8a-7043-4ef3-9b80-2b2fb7f7e521', '36712aa4-77f0-4510-8425-cf53dad54840', 'Issue', 'Video playback stutters on slower devices.', CAST('2024-06-21T00:00:00' AS DateTime2), CAST('2024-06-21T00:00:00' AS DateTime2), NULL),
('48c8b307-d4b5-4c58-a3ad-1a2affea3b36', '36712aa4-77f0-4510-8425-cf53dad54840', 'Optimization', 'Compress images to improve page load time.', CAST('2024-06-22T00:00:00' AS DateTime2), CAST('2024-06-22T00:00:00' AS DateTime2), NULL),
('634d6820-eedb-49f8-b201-0c21dcecae1c', '36712aa4-77f0-4510-8425-cf53dad54840', 'Optimization', 'Reduce memory leaks during extended app usage.', CAST('2024-06-23T00:00:00' AS DateTime2), CAST('2024-06-23T00:00:00' AS DateTime2), NULL),
('e5e6fa2d-03ab-4d43-b2f3-8ecaa4c52fb2', '36712aa4-77f0-4510-8425-cf53dad54840', 'Optimization', 'Optimize background task management.', CAST('2024-06-24T00:00:00' AS DateTime2), CAST('2024-06-24T00:00:00' AS DateTime2), NULL),
('31f51cb2-a487-457b-9ad3-507e48a5f2b1', '36712aa4-77f0-4510-8425-cf53dad54840', 'Improvement', 'Update the search functionality to include filters.', CAST('2024-06-25T00:00:00' AS DateTime2), CAST('2024-06-25T00:00:00' AS DateTime2), NULL),
('99fc3420-8f9c-4a3b-bda3-5b8ec7b2080b', '36712aa4-77f0-4510-8425-cf53dad54840', 'Improvement', 'Add gesture controls for easier navigation.', CAST('2024-06-26T00:00:00' AS DateTime2), CAST('2024-06-26T00:00:00' AS DateTime2), NULL),
('ea90e1ae-bb66-470e-a607-2a896de8d2c6', '36712aa4-77f0-4510-8425-cf53dad54840', 'Improvement', 'Add a dark mode schedule option.', CAST('2024-06-27T00:00:00' AS DateTime2), CAST('2024-06-27T00:00:00' AS DateTime2), NULL),

('1e790ccd-7777-4bd7-a721-779f3b718b04', 'cb83d524-2016-4ce3-965b-223af9e7ba99', 'Issue', 'Multi-language support is inconsistent.', CAST('2024-06-28T00:00:00' AS DateTime2), CAST('2024-06-28T00:00:00' AS DateTime2), NULL),
('a6e8540f-41bc-4d8f-a847-1eaa0e68f7e0', 'cb83d524-2016-4ce3-965b-223af9e7ba99', 'Issue', 'Error 404 displayed on profile page occasionally.', CAST('2024-06-29T00:00:00' AS DateTime2), CAST('2024-06-29T00:00:00' AS DateTime2), NULL),
('d5c93570-870e-4e4c-83d8-1446d6e0a86f', 'cb83d524-2016-4ce3-965b-223af9e7ba99', 'Issue', 'Search bar does not yield results for partial terms.', CAST('2024-06-30T00:00:00' AS DateTime2), CAST('2024-06-30T00:00:00' AS DateTime2), NULL),
('7acaaed6-1bbb-4591-948c-ff5b6fbdad89', 'cb83d524-2016-4ce3-965b-223af9e7ba99', 'Optimization', 'Implement lazy loading for faster initial load.', CAST('2024-07-01T00:00:00' AS DateTime2), CAST('2024-07-01T00:00:00' AS DateTime2), NULL),
('0d64a9ff-018d-405d-a0e7-df1a29c3d60e', 'cb83d524-2016-4ce3-965b-223af9e7ba99', 'Optimization', 'Optimize animation rendering for smoother experience.', CAST('2024-07-02T00:00:00' AS DateTime2), CAST('2024-07-02T00:00:00' AS DateTime2), NULL),
('e26531d5-4e3c-4c3c-a835-e13fbb1b916a', 'cb83d524-2016-4ce3-965b-223af9e7ba99', 'Optimization', 'Improve battery efficiency when using GPS.', CAST('2024-07-03T00:00:00' AS DateTime2), CAST('2024-07-03T00:00:00' AS DateTime2), NULL),
('871103f4-b5c9-4788-9f41-265c72c41b9f', 'cb83d524-2016-4ce3-965b-223af9e7ba99', 'Improvement', 'Add more detailed logs for debugging purposes.', CAST('2024-07-04T00:00:00' AS DateTime2), CAST('2024-07-04T00:00:00' AS DateTime2), NULL),
('fa60c824-0642-4c80-bfa6-1c9b4e42ecba', 'cb83d524-2016-4ce3-965b-223af9e7ba99', 'Improvement', 'Add custom notification sounds.', CAST('2024-07-05T00:00:00' AS DateTime2), CAST('2024-07-05T00:00:00' AS DateTime2), NULL),
('a74892a7-2ac3-42c5-b7ae-71a41b199760', 'cb83d524-2016-4ce3-965b-223af9e7ba99', 'Improvement', 'Expand support for accessibility features.', CAST('2024-07-06T00:00:00' AS DateTime2), CAST('2024-07-06T00:00:00' AS DateTime2), CAST('2024-07-06T12:00:00' AS DateTime2)),

('9dd5b2dc-3c7b-42b6-b6f4-241541087b5b', '9c6a5f06-b1f0-4507-b2f8-955156a8bed6', 'Issue', 'App crashes when submitting a form.', CAST('2024-07-07T00:00:00' AS DateTime2), CAST('2024-07-07T00:00:00' AS DateTime2), NULL),
('2cc1f4b8-0e11-489f-8c92-dad0a62311a5', '9c6a5f06-b1f0-4507-b2f8-955156a8bed6', 'Issue', 'Graphical glitches on high-resolution displays.', CAST('2024-07-08T00:00:00' AS DateTime2), CAST('2024-07-08T00:00:00' AS DateTime2), NULL),
('e283b4de-8ac9-49b3-b124-d15b8a933238', '9c6a5f06-b1f0-4507-b2f8-955156a8bed6', 'Issue', 'Images are not loading on the main feed.', CAST('2024-07-09T00:00:00' AS DateTime2), CAST('2024-07-09T00:00:00' AS DateTime2), NULL),
('d901d2a3-3a96-496d-8f80-33d43a3b30da', '9c6a5f06-b1f0-4507-b2f8-955156a8bed6', 'Optimization', 'Reduce the memory usage on mobile devices.', CAST('2024-07-10T00:00:00' AS DateTime2), CAST('2024-07-10T00:00:00' AS DateTime2), NULL),
('110d9b91-823e-43c2-96ba-21ab7baf4600', '9c6a5f06-b1f0-4507-b2f8-955156a8bed6', 'Optimization', 'Speed up data synchronization between devices.', CAST('2024-07-11T00:00:00' AS DateTime2), CAST('2024-07-11T00:00:00' AS DateTime2), NULL),
('ce4edbc6-2c6a-4a8c-b376-d5b282616c14', '9c6a5f06-b1f0-4507-b2f8-955156a8bed6', 'Optimization', 'Optimize UI for better performance on older devices.', CAST('2024-07-12T00:00:00' AS DateTime2), CAST('2024-07-12T00:00:00' AS DateTime2), NULL),
('bc5b2a5c-3333-47b4-bdac-4b504f1f7473', '9c6a5f06-b1f0-4507-b2f8-955156a8bed6', 'Improvement', 'Provide customizable dashboard widgets.', CAST('2024-07-13T00:00:00' AS DateTime2), CAST('2024-07-13T00:00:00' AS DateTime2), NULL),
('745495cc-6c02-49bb-b7a2-99e87048f0d5', '9c6a5f06-b1f0-4507-b2f8-955156a8bed6', 'Improvement', 'Enable offline mode for key functionalities.', CAST('2024-07-14T00:00:00' AS DateTime2), CAST('2024-07-14T00:00:00' AS DateTime2), NULL),
('fc8fca0b-63de-439e-aac1-144b58a562c1', '9c6a5f06-b1f0-4507-b2f8-955156a8bed6', 'Improvement', 'Provide a tutorial for new users.', CAST('2024-07-15T00:00:00' AS DateTime2), CAST('2024-07-15T00:00:00' AS DateTime2), NULL),

('25d06c66-b0cd-44a6-8ede-5a6003d58bcb', 'ff3dd044-ebfb-4e1d-9050-b6dcfe684a1a', 'Issue', 'Error message appears when uploading an image.', CAST('2024-07-16T00:00:00' AS DateTime2), CAST('2024-07-16T00:00:00' AS DateTime2), NULL),
('4cce8a04-c268-497e-bb7b-f6559be27ed4', 'ff3dd044-ebfb-4e1d-9050-b6dcfe684a1a', 'Issue', 'Text formatting is lost when copying and pasting.', CAST('2024-07-17T00:00:00' AS DateTime2), CAST('2024-07-17T00:00:00' AS DateTime2), NULL),
('f9d9251d-81f6-4c8e-8c33-015cd36dd46e', 'ff3dd044-ebfb-4e1d-9050-b6dcfe684a1a', 'Issue', 'Notifications are duplicated after the latest update.', CAST('2024-07-18T00:00:00' AS DateTime2), CAST('2024-07-18T00:00:00' AS DateTime2), NULL),
('405b71fc-cd19-442b-b70b-c6fc1ef28eac', 'ff3dd044-ebfb-4e1d-9050-b6dcfe684a1a', 'Optimization', 'Improve server response time by optimizing queries.', CAST('2024-07-19T00:00:00' AS DateTime2), CAST('2024-07-19T00:00:00' AS DateTime2), NULL),
('7f0aee91-6909-48f4-8fb1-8d9b2050659f', 'ff3dd044-ebfb-4e1d-9050-b6dcfe684a1a', 'Optimization', 'Optimize database indexing for faster queries.', CAST('2024-07-20T00:00:00' AS DateTime2), CAST('2024-07-20T00:00:00' AS DateTime2), NULL),
('d498c0f4-4e8f-4c70-b0d0-b13fa57aaeb7', 'ff3dd044-ebfb-4e1d-9050-b6dcfe684a1a', 'Optimization', 'Reduce data usage when streaming content.', CAST('2024-07-21T00:00:00' AS DateTime2), CAST('2024-07-21T00:00:00' AS DateTime2), NULL),
('c20369a1-8080-4f0b-9a3d-07af2fde560b', 'ff3dd044-ebfb-4e1d-9050-b6dcfe684a1a', 'Improvement', 'Add dark mode feature for better user experience.', CAST('2024-07-22T00:00:00' AS DateTime2), CAST('2024-07-22T00:00:00' AS DateTime2), NULL),
('b4b960af-4a1d-45b2-8fa3-79802e0286b9', 'ff3dd044-ebfb-4e1d-9050-b6dcfe684a1a', 'Improvement', 'Add quick access to frequently used features.', CAST('2024-07-23T00:00:00' AS DateTime2), CAST('2024-07-23T00:00:00' AS DateTime2), NULL),
('d5b1f4c4-187d-4741-80c6-4b232f3afba0', 'ff3dd044-ebfb-4e1d-9050-b6dcfe684a1a', 'Improvement', 'Enable custom themes for personalization.', CAST('2024-07-24T00:00:00' AS DateTime2), CAST('2024-07-24T00:00:00' AS DateTime2), CAST('2024-07-24T12:00:00' AS DateTime2)),

('5fef891b-22a5-41d1-9d4a-c78db84d6ad8', 'f2a1edb1-332f-4c2f-af59-6b5508eafbec', 'Issue', 'Live chat feature is not functioning.', CAST('2024-07-25T00:00:00' AS DateTime2), CAST('2024-07-25T00:00:00' AS DateTime2), NULL),
('dd69b0bb-f54e-4c06-823d-bf8ac2aee2fc', 'f2a1edb1-332f-4c2f-af59-6b5508eafbec', 'Issue', 'Profile pictures do not load on some devices.', CAST('2024-07-26T00:00:00' AS DateTime2), CAST('2024-07-26T00:00:00' AS DateTime2), NULL),
('4abf7e21-c820-496b-a1a5-b76d8be17bde', 'f2a1edb1-332f-4c2f-af59-6b5508eafbec', 'Issue', 'App crashes when multiple tabs are open.', CAST('2024-07-27T00:00:00' AS DateTime2), CAST('2024-07-27T00:00:00' AS DateTime2), NULL),
('7812b64a-4a6b-47e3-a31d-1810062a9138', 'f2a1edb1-332f-4c2f-af59-6b5508eafbec', 'Optimization', 'Optimize the database to improve load balancing.', CAST('2024-07-28T00:00:00' AS DateTime2), CAST('2024-07-28T00:00:00' AS DateTime2), NULL),
('5738cb45-25b9-4b08-8901-d29fa97cf9a5', 'f2a1edb1-332f-4c2f-af59-6b5508eafbec', 'Optimization', 'Decrease the frequency of background updates.', CAST('2024-07-29T00:00:00' AS DateTime2), CAST('2024-07-29T00:00:00' AS DateTime2), NULL),
('10e6f07d-c94f-4314-b33d-3831d8b12a62', 'f2a1edb1-332f-4c2f-af59-6b5508eafbec', 'Optimization', 'Improve load times for large datasets.', CAST('2024-07-30T00:00:00' AS DateTime2), CAST('2024-07-30T00:00:00' AS DateTime2), NULL),
('3b70954d-fb63-4c5b-a6e5-7d6fd92844b0', 'f2a1edb1-332f-4c2f-af59-6b5508eafbec', 'Improvement', 'Enhance mobile app usability for tablet users.', CAST('2024-07-31T00:00:00' AS DateTime2), CAST('2024-07-31T00:00:00' AS DateTime2), NULL),
('07a42f43-3c88-4d64-9348-3f845256d252', 'f2a1edb1-332f-4c2f-af59-6b5508eafbec', 'Improvement', 'Support multi-language input on all platforms.', CAST('2024-08-01T00:00:00' AS DateTime2), CAST('2024-08-01T00:00:00' AS DateTime2), NULL),
('8c2091be-2db7-44d2-b907-54235f33fcdf', 'f2a1edb1-332f-4c2f-af59-6b5508eafbec', 'Improvement', 'Integrate third-party app integrations.', CAST('2024-08-02T00:00:00' AS DateTime2), CAST('2024-08-02T00:00:00' AS DateTime2), NULL),

('6505b389-45c5-4a8d-9735-d56709e4cdd3', '14a3d4c4-fb21-4153-9096-d96bda62ee59', 'Issue', 'Search results do not update on back navigation.', CAST('2024-08-03T00:00:00' AS DateTime2), CAST('2024-08-03T00:00:00' AS DateTime2), NULL),
('cb649063-87b8-4824-b34d-104189e79b5c', '14a3d4c4-fb21-4153-9096-d96bda62ee59', 'Issue', 'App crashes when switching between light and dark mode rapidly.', CAST('2024-08-04T00:00:00' AS DateTime2), CAST('2024-08-04T00:00:00' AS DateTime2), NULL),
('09e0a06d-bc43-4a1b-9b78-e82da01a90d6', '14a3d4c4-fb21-4153-9096-d96bda62ee59', 'Issue', 'Unable to download attachments from messages.', CAST('2024-08-05T00:00:00' AS DateTime2), CAST('2024-08-05T00:00:00' AS DateTime2), NULL),
('6aa6a324-7bfc-4d6d-bf0a-0c8f018c89b9', '14a3d4c4-fb21-4153-9096-d96bda62ee59', 'Optimization', 'Implement client-side caching to reduce server calls.', CAST('2024-08-06T00:00:00' AS DateTime2), CAST('2024-08-06T00:00:00' AS DateTime2), NULL),
('25f77135-205a-4a5b-a1ae-5baba229d3bc', '14a3d4c4-fb21-4153-9096-d96bda62ee59', 'Optimization', 'Optimize server response time during peak usage hours.', CAST('2024-08-07T00:00:00' AS DateTime2), CAST('2024-08-07T00:00:00' AS DateTime2), NULL),
('c2f4875b-0e10-4b27-b7a0-1e42cdd9cf9b', '14a3d4c4-fb21-4153-9096-d96bda62ee59', 'Optimization', 'Optimize video buffering on slower networks.', CAST('2024-08-08T00:00:00' AS DateTime2), CAST('2024-08-08T00:00:00' AS DateTime2), NULL),
('6a1ff3d4-0988-43e0-802a-f6bb6e7a6f1c', '14a3d4c4-fb21-4153-9096-d96bda62ee59', 'Improvement', 'Add the ability to schedule recurring tasks.', CAST('2024-08-09T00:00:00' AS DateTime2), CAST('2024-08-09T00:00:00' AS DateTime2), NULL),
('15e01f89-27ff-4085-ae8f-d9c7c75e10c8', '14a3d4c4-fb21-4153-9096-d96bda62ee59', 'Improvement', 'Introduce auto-save feature for draft messages.', CAST('2024-08-10T00:00:00' AS DateTime2), CAST('2024-08-10T00:00:00' AS DateTime2), NULL),
('b6846481-3ed1-4b5d-a77a-69f3b0e75b55', '14a3d4c4-fb21-4153-9096-d96bda62ee59', 'Improvement', 'Enable advanced search options for filtering results.', CAST('2024-08-11T00:00:00' AS DateTime2), CAST('2024-08-11T00:00:00' AS DateTime2), CAST('2024-08-11T12:00:00' AS DateTime2)),

('c597c164-e5a4-45ec-a536-1ab321db7f17', '978d41ee-1f38-4c84-8826-8e62bc5ba109', 'Issue', 'The app sometimes logs out users unexpectedly.', CAST('2024-08-12T00:00:00' AS DateTime2), CAST('2024-08-12T00:00:00' AS DateTime2), NULL),
('8fcb4209-8cbf-4e31-b508-9a646f1fd0e1', '978d41ee-1f38-4c84-8826-8e62bc5ba109', 'Issue', 'Voice messages do not play when the screen is locked.', CAST('2024-08-13T00:00:00' AS DateTime2), CAST('2024-08-13T00:00:00' AS DateTime2), NULL),
('43f4818c-8a5b-43d0-b587-44a3e61ed178', '978d41ee-1f38-4c84-8826-8e62bc5ba109', 'Issue', 'App freezes when trying to upload large files.', CAST('2024-08-14T00:00:00' AS DateTime2), CAST('2024-08-14T00:00:00' AS DateTime2), NULL),
('8d6e9d9b-3795-46d7-8bc2-3a6b0ed107b5', '978d41ee-1f38-4c84-8826-8e62bc5ba109', 'Optimization', 'Optimize the push notification delivery system.', CAST('2024-08-15T00:00:00' AS DateTime2), CAST('2024-08-15T00:00:00' AS DateTime2), NULL),
('240fef6f-53e4-44a0-bfe3-88f2db702409', '978d41ee-1f38-4c84-8826-8e62bc5ba109', 'Optimization', 'Improve GPS accuracy for location-based features.', CAST('2024-08-16T00:00:00' AS DateTime2), CAST('2024-08-16T00:00:00' AS DateTime2), NULL),
('b0eae189-5a1c-49fc-82cb-d2c169d58ab8', '978d41ee-1f38-4c84-8826-8e62bc5ba109', 'Optimization', 'Enhance app speed when switching between tabs.', CAST('2024-08-17T00:00:00' AS DateTime2), CAST('2024-08-17T00:00:00' AS DateTime2), NULL),
('b6c678e4-448b-4907-bd3a-2c9d693ce785', '978d41ee-1f38-4c84-8826-8e62bc5ba109', 'Improvement', 'Allow users to set custom themes.', CAST('2024-08-18T00:00:00' AS DateTime2), CAST('2024-08-18T00:00:00' AS DateTime2), NULL),
('187ccfcf-1916-4623-8e72-462f340a3e4c', '978d41ee-1f38-4c84-8826-8e62bc5ba109', 'Improvement', 'Add two-factor authentication for account security.', CAST('2024-08-19T00:00:00' AS DateTime2), CAST('2024-08-19T00:00:00' AS DateTime2), NULL),
('3b7f5e15-cbb7-43c2-bbcf-16334ec74b5a', '978d41ee-1f38-4c84-8826-8e62bc5ba109', 'Improvement', 'Add option to save app settings to cloud.', CAST('2024-08-20T00:00:00' AS DateTime2), CAST('2024-08-20T00:00:00' AS DateTime2), NULL),

('62374d6a-46f2-4d68-a4f2-f5bc0af004d5', 'da189940-d09e-4587-9665-8efdf10684dd', 'Issue', 'The feedback form does not submit when the network is slow.', CAST('2024-08-21T00:00:00' AS DateTime2), CAST('2024-08-21T00:00:00' AS DateTime2), NULL),
('e926d99d-2c7f-4b8c-b979-0d154a2052f1', 'da189940-d09e-4587-9665-8efdf10684dd', 'Issue', 'Notifications are delayed by several minutes.', CAST('2024-08-22T00:00:00' AS DateTime2), CAST('2024-08-22T00:00:00' AS DateTime2), NULL),
('a6a8b9a4-f1df-43b4-9ebf-740a93be3c8d', 'da189940-d09e-4587-9665-8efdf10684dd', 'Issue', 'Audio cuts out intermittently during calls.', CAST('2024-08-23T00:00:00' AS DateTime2), CAST('2024-08-23T00:00:00' AS DateTime2), NULL),
('d5e3fd9b-d0cf-4f91-8de8-8596e4bb4e14', 'da189940-d09e-4587-9665-8efdf10684dd', 'Optimization', 'Reduce app size to improve download speed.', CAST('2024-08-24T00:00:00' AS DateTime2), CAST('2024-08-24T00:00:00' AS DateTime2), NULL),
('1bc304f1-8032-4f0e-aaba-d6e91e4ab2d5', 'da189940-d09e-4587-9665-8efdf10684dd', 'Optimization', 'Optimize app for lower battery consumption.', CAST('2024-08-25T00:00:00' AS DateTime2), CAST('2024-08-25T00:00:00' AS DateTime2), NULL),
('f8c9d6ef-bac4-4017-9d77-3129f6fc5b35', 'da189940-d09e-4587-9665-8efdf10684dd', 'Optimization', 'Decrease app memory usage when idle.', CAST('2024-08-26T00:00:00' AS DateTime2), CAST('2024-08-26T00:00:00' AS DateTime2), NULL),
('4d676f92-1d8e-4f77-a8cb-9ad5c8bdc10d', 'da189940-d09e-4587-9665-8efdf10684dd', 'Improvement', 'Enable biometric login for added security.', CAST('2024-08-27T00:00:00' AS DateTime2), CAST('2024-08-27T00:00:00' AS DateTime2), NULL),
('fe551d90-1d0c-4e17-b68b-e06ff8ab09cb', 'da189940-d09e-4587-9665-8efdf10684dd', 'Improvement', 'Add customizable shortcuts for quick actions.', CAST('2024-08-28T00:00:00' AS DateTime2), CAST('2024-08-29T00:00:00' AS DateTime2), NULL),
('edf26e9b-7bb8-4c2c-a6c8-f0c0df1460e9', 'da189940-d09e-4587-9665-8efdf10684dd', 'Improvement', 'Add support for more file formats in attachments.', CAST('2024-08-29T00:00:00' AS DateTime2), CAST('2024-08-29T00:00:00' AS DateTime2), CAST('2024-08-29T12:00:00' AS DateTime2));

INSERT INTO [dbo].[Notifications] ([Id], [SenderId], [ReceiverId], [Type], [Message], [IsRead], [CreatedAt], [UpdatedAt], [DeletedAt]) VALUES 
('7e221fa3-2c22-4573-bf21-cd1d6696b576', '7eb88892-549b-4cae-90be-c52088354643', '0a9e546f-38b4-4dbf-a482-24a82169890e', 'Music', 'Discover the top hits this week!', 0, CAST('2024-06-01T00:00:00' AS DateTime2), CAST('2024-06-01T00:00:00' AS DateTime2), NULL),
('36624bfa-f9db-4e81-91e4-c54177e2e817', '36712aa4-77f0-4510-8425-cf53dad54840', '0a9e546f-38b4-4dbf-a482-24a82169890e', 'Music', 'Explore new albums that just dropped.', 0, CAST('2024-06-02T00:00:00' AS DateTime2), CAST('2024-06-02T00:00:00' AS DateTime2), NULL),
('d35f8020-9f64-4544-9ed7-f24b97de5ade', 'cb83d524-2016-4ce3-965b-223af9e7ba99', '0a9e546f-38b4-4dbf-a482-24a82169890e', 'Music', 'Check out the latest music video trending now!', 0, CAST('2024-06-03T00:00:00' AS DateTime2), CAST('2024-06-03T00:00:00' AS DateTime2), NULL),
('1d23fa22-3455-407b-9371-c42d56001de7', '9c6a5f06-b1f0-4507-b2f8-955156a8bed6', '0a9e546f-38b4-4dbf-a482-24a82169890e', 'Social', 'Your friend just updated their status!', 0, CAST('2024-06-04T00:00:00' AS DateTime2), CAST('2024-06-04T00:00:00' AS DateTime2), NULL),
('51965dce-b06b-40da-84b9-4d56a0e304ce', 'ff3dd044-ebfb-4e1d-9050-b6dcfe684a1a', '0a9e546f-38b4-4dbf-a482-24a82169890e', 'Social', 'Join the conversation in a popular thread.', 0, CAST('2024-06-05T00:00:00' AS DateTime2), CAST('2024-06-05T00:00:00' AS DateTime2), NULL),
('4ede744f-a688-4106-bb9d-a82e25fe067c', 'f2a1edb1-332f-4c2f-af59-6b5508eafbec', '0a9e546f-38b4-4dbf-a482-24a82169890e', 'Social', 'You were mentioned in a post by a friend.', 0, CAST('2024-06-06T00:00:00' AS DateTime2), CAST('2024-06-06T00:00:00' AS DateTime2), NULL),
('a88fda83-356b-46b2-a1fd-041ef5b98270', '14a3d4c4-fb21-4153-9096-d96bda62ee59', '0a9e546f-38b4-4dbf-a482-24a82169890e', 'Account', 'Complete your profile to unlock new features.', 0, CAST('2024-06-07T00:00:00' AS DateTime2), CAST('2024-06-07T00:00:00' AS DateTime2), NULL),
('4078255e-d40c-467b-9404-2638772c89a1', '978d41ee-1f38-4c84-8826-8e62bc5ba109', '0a9e546f-38b4-4dbf-a482-24a82169890e', 'Account', 'Your account settings have been updated successfully.', 0, CAST('2024-06-08T00:00:00' AS DateTime2), CAST('2024-06-08T00:00:00' AS DateTime2), NULL),
('635e834e-fc43-4698-8823-191a2c888267', 'da189940-d09e-4587-9665-8efdf10684dd', '0a9e546f-38b4-4dbf-a482-24a82169890e', 'Account', 'Check out the new features added to your account.', 0, CAST('2024-06-09T00:00:00' AS DateTime2), CAST('2024-06-09T00:00:00' AS DateTime2), NULL),
('8f6c5a67-369c-402b-88a7-0c0535e67411', '7eb88892-549b-4cae-90be-c52088354643', '0a9e546f-38b4-4dbf-a482-24a82169890e', 'System', 'Your subscription has been renewed successfully.', 0, CAST('2024-06-10T00:00:00' AS DateTime2), CAST('2024-06-10T00:00:00' AS DateTime2), NULL),
('49b2bef0-cfe1-4290-b703-0927fde4c027', '36712aa4-77f0-4510-8425-cf53dad54840', '0a9e546f-38b4-4dbf-a482-24a82169890e', 'System', 'Enjoy the new features with the latest update.', 0, CAST('2024-06-11T00:00:00' AS DateTime2), CAST('2024-06-11T00:00:00' AS DateTime2), NULL),
('f9b5d15a-d589-4349-b2ac-f267bfe308a3', 'cb83d524-2016-4ce3-965b-223af9e7ba99', '0a9e546f-38b4-4dbf-a482-24a82169890e', 'System', 'Weve made improvements to your experience. Check it out now!', 0, CAST('2024-06-12T00:00:00' AS DateTime2), CAST('2024-06-12T00:00:00' AS DateTime2), NULL),

('2ba6fa59-3c3b-4599-8a2c-bf34b6aac71b', '36712aa4-77f0-4510-8425-cf53dad54840', '7eb88892-549b-4cae-90be-c52088354643', 'Music', 'Live concert alert: Your favorite band is performing next week! Don''t miss out.', 0, CAST('2024-06-13T00:00:00' AS DateTime2), CAST('2024-06-13T00:00:00' AS DateTime2), NULL),
('df18e464-fe9e-4b4f-b67f-e5f51d093246', 'cb83d524-2016-4ce3-965b-223af9e7ba99', '7eb88892-549b-4cae-90be-c52088354643', 'Music', 'Your favorite artist just released a new album. Check it out!', 0, CAST('2024-06-14T00:00:00' AS DateTime2), CAST('2024-06-14T00:00:00' AS DateTime2), NULL),
('9e16b405-e7fc-4676-9d1d-922ba9fe3eae', '9c6a5f06-b1f0-4507-b2f8-955156a8bed6', '7eb88892-549b-4cae-90be-c52088354643', 'Music', 'New playlist recommendation based on your recent listens!', 0, CAST('2024-06-15T00:00:00' AS DateTime2), CAST('2024-06-15T00:00:00' AS DateTime2), NULL),
('49f1caba-5d7e-4f3b-9217-49fefa6c4f3b', 'ff3dd044-ebfb-4e1d-9050-b6dcfe684a1a', '7eb88892-549b-4cae-90be-c52088354643', 'Social', 'Your post has gone viral! Over 100 shares!', 0, CAST('2024-06-16T00:00:00' AS DateTime2), CAST('2024-06-16T00:00:00' AS DateTime2), NULL),
('de8664c7-a45b-4e4f-b108-405fc0e50313', 'f2a1edb1-332f-4c2f-af59-6b5508eafbec', '7eb88892-549b-4cae-90be-c52088354643', 'Social', 'Congratulations! Your latest post has received over 100 likes.', 0, CAST('2024-06-17T00:00:00' AS DateTime2), CAST('2024-06-17T00:00:00' AS DateTime2), NULL),
('cd387c97-361b-4942-b6fe-3cd4149397c3', '14a3d4c4-fb21-4153-9096-d96bda62ee59', '7eb88892-549b-4cae-90be-c52088354643', 'Social', 'Your post has been featured in the top trending list!', 0, CAST('2024-06-18T00:00:00' AS DateTime2), CAST('2024-06-18T00:00:00' AS DateTime2), NULL),
('17de3d40-3f7a-45f1-a25e-2538c09e4d22', '978d41ee-1f38-4c84-8826-8e62bc5ba109', '7eb88892-549b-4cae-90be-c52088354643', 'Account', 'Your profile has been updated successfully.', 0, CAST('2024-06-19T00:00:00' AS DateTime2), CAST('2024-06-19T00:00:00' AS DateTime2), NULL),
('eac935b5-c8cf-470d-8709-3a97167e288d', 'da189940-d09e-4587-9665-8efdf10684dd', '7eb88892-549b-4cae-90be-c52088354643', 'Account', 'Your account settings have been changed.', 0, CAST('2024-06-20T00:00:00' AS DateTime2), CAST('2024-06-20T00:00:00' AS DateTime2), NULL),
('19a9cfc5-3907-45ab-b82b-c48314181b07', '0a9e546f-38b4-4dbf-a482-24a82169890e', '7eb88892-549b-4cae-90be-c52088354643', 'Account', 'Your password has been updated.', 0, CAST('2024-06-21T00:00:00' AS DateTime2), CAST('2024-06-21T00:00:00' AS DateTime2), NULL),
('6ec9550d-073c-4a17-8d1a-20a54dfd15f1', '36712aa4-77f0-4510-8425-cf53dad54840', '7eb88892-549b-4cae-90be-c52088354643', 'System', 'Scheduled system maintenance will take place on Sunday.', 0, CAST('2024-06-22T00:00:00' AS DateTime2), CAST('2024-06-22T00:00:00' AS DateTime2), NULL),
('14cb4d71-ad8e-4780-95a4-32d78a57522e', 'cb83d524-2016-4ce3-965b-223af9e7ba99', '7eb88892-549b-4cae-90be-c52088354643', 'System', 'We will be performing maintenance this Sunday. Plan accordingly.', 0, CAST('2024-06-23T00:00:00' AS DateTime2), CAST('2024-06-23T00:00:00' AS DateTime2), NULL),
('e6d24a5c-6f29-42fc-90ad-61ad94664bd1', '9c6a5f06-b1f0-4507-b2f8-955156a8bed6', '7eb88892-549b-4cae-90be-c52088354643', 'System', 'Reminder: Scheduled maintenance this Sunday.', 0, CAST('2024-06-24T00:00:00' AS DateTime2), CAST('2024-06-24T00:00:00' AS DateTime2), CAST('2024-06-24T12:00:00' AS DateTime2)),

('5f14e45d-e702-47ed-bb98-dd1f5d556f47', 'cb83d524-2016-4ce3-965b-223af9e7ba99', '36712aa4-77f0-4510-8425-cf53dad54840', 'Music', 'We''ve updated your playlist based on recent activity.', 0, CAST('2024-06-25T00:00:00' AS DateTime2), CAST('2024-06-25T00:00:00' AS DateTime2), NULL),
('ee11ad32-9d3f-4f45-9a56-5698e0549437', '9c6a5f06-b1f0-4507-b2f8-955156a8bed6', '36712aa4-77f0-4510-8425-cf53dad54840', 'Music', 'New songs added to your playlist based on your latest listens.', 0, CAST('2024-06-26T00:00:00' AS DateTime2), CAST('2024-06-26T00:00:00' AS DateTime2), NULL),
('35b4d624-fdbe-4d9f-b5cc-c9c3d0639bc2', 'ff3dd044-ebfb-4e1d-9050-b6dcfe684a1a', '36712aa4-77f0-4510-8425-cf53dad54840', 'Music', 'Check out the updated playlist curated for you!', 0, CAST('2024-06-27T00:00:00' AS DateTime2), CAST('2024-06-27T00:00:00' AS DateTime2), NULL),
('67b832f0-4883-4df4-9a9d-9b3f0f4efc8e', '14a3d4c4-fb21-4153-9096-d96bda62ee59', '36712aa4-77f0-4510-8425-cf53dad54840', 'Social', 'You have new comments to respond to.', 0, CAST('2024-06-28T00:00:00' AS DateTime2), CAST('2024-06-28T00:00:00' AS DateTime2), NULL),
('0f583946-c3a2-4619-81f2-d7718b921bd7', '14a3d4c4-fb21-4153-9096-d96bda62ee59', '36712aa4-77f0-4510-8425-cf53dad54840', 'Social', 'You have new likes on your post.', 0, CAST('2024-06-29T00:00:00' AS DateTime2), CAST('2024-06-29T00:00:00' AS DateTime2), NULL),
('d4517e13-4a7d-4482-961a-c047765cf2dd', '978d41ee-1f38-4c84-8826-8e62bc5ba109', '36712aa4-77f0-4510-8425-cf53dad54840', 'Social', 'You have new followers.', 0, CAST('2024-06-30T00:00:00' AS DateTime2), CAST('2024-06-30T00:00:00' AS DateTime2), NULL),
('1dc0d6c1-33a2-49f4-87a2-a2df00df00a1', 'da189940-d09e-4587-9665-8efdf10684dd', '36712aa4-77f0-4510-8425-cf53dad54840', 'Account', 'Feature update: New tools available in your account management.', 0, CAST('2024-07-01T00:00:00' AS DateTime2), CAST('2024-07-01T00:00:00' AS DateTime2), NULL),
('a50cebf0-6fc6-4769-9851-ffdf24551180', '0a9e546f-38b4-4dbf-a482-24a82169890e', '36712aa4-77f0-4510-8425-cf53dad54840', 'Account', 'Feature update: Enhanced security features added.', 0, CAST('2024-07-02T00:00:00' AS DateTime2), CAST('2024-07-02T00:00:00' AS DateTime2), NULL),
('3e981aa2-dc28-45af-aa4a-2efecf5a7c3f', '7eb88892-549b-4cae-90be-c52088354643', '36712aa4-77f0-4510-8425-cf53dad54840', 'Account', 'Feature update: Improved user interface.', 0, CAST('2024-07-03T00:00:00' AS DateTime2), CAST('2024-07-03T00:00:00' AS DateTime2), NULL),
('22d0d3b1-33a3-49f5-87a3-a2df01df01a1', 'cb83d524-2016-4ce3-965b-223af9e7ba99', '36712aa4-77f0-4510-8425-cf53dad54840', 'System', 'Security notice: Please update your password.', 0, CAST('2024-07-04T00:00:00' AS DateTime2), CAST('2024-07-04T00:00:00' AS DateTime2), NULL),
('343b7f36-192a-471d-97d8-c422fb22a386', '9c6a5f06-b1f0-4507-b2f8-955156a8bed6', '36712aa4-77f0-4510-8425-cf53dad54840', 'System', 'Security notice: Unusual login activity detected.', 0, CAST('2024-07-05T00:00:00' AS DateTime2), CAST('2024-07-05T00:00:00' AS DateTime2), NULL),
('de4748ab-44c3-40c3-bec9-ba65d66710ab', 'ff3dd044-ebfb-4e1d-9050-b6dcfe684a1a', '36712aa4-77f0-4510-8425-cf53dad54840', 'System', 'Security notice: Two-factor authentication enabled.', 0, CAST('2024-07-06T00:00:00' AS DateTime2), CAST('2024-07-06T00:00:00' AS DateTime2), NULL),

('33d0d4c2-34a4-4af6-88a4-a3ef02df02a2', '9c6a5f06-b1f0-4507-b2f8-955156a8bed6', 'cb83d524-2016-4ce3-965b-223af9e7ba99', 'Music', 'Check out the newest albums released this week!', 0, CAST('2024-07-07T00:00:00' AS DateTime2), CAST('2024-07-07T00:00:00' AS DateTime2), NULL),
('eb88d004-5c92-4f46-a8b9-8e57da8bc8da', 'ff3dd044-ebfb-4e1d-9050-b6dcfe684a1a', 'cb83d524-2016-4ce3-965b-223af9e7ba99', 'Music', 'Discover the latest albums of the week!', 0, CAST('2024-07-08T00:00:00' AS DateTime2), CAST('2024-07-08T00:00:00' AS DateTime2), NULL),
('2230c2a9-be8f-4dbd-a6b2-14da2237395e', 'f2a1edb1-332f-4c2f-af59-6b5508eafbec', 'cb83d524-2016-4ce3-965b-223af9e7ba99', 'Music', 'New music releases this week you might like!', 0, CAST('2024-07-09T00:00:00' AS DateTime2), CAST('2024-07-09T00:00:00' AS DateTime2), NULL),
('44e0d5d3-35a5-4bf7-99a5-a4ff03df03a3', '14a3d4c4-fb21-4153-9096-d96bda62ee59', 'cb83d524-2016-4ce3-965b-223af9e7ba99', 'Social', 'You have been tagged in 10 new photos.', 0, CAST('2024-07-10T00:00:00' AS DateTime2), CAST('2024-07-10T00:00:00' AS DateTime2), NULL),
('ce6ed6cb-53b2-4f38-aa90-a116c1a5d83c', '978d41ee-1f38-4c84-8826-8e62bc5ba109', 'cb83d524-2016-4ce3-965b-223af9e7ba99', 'Social', 'New comments in posts you follow.', 0, CAST('2024-07-11T00:00:00' AS DateTime2), CAST('2024-07-11T00:00:00' AS DateTime2), NULL),
('dc3e389c-a5e9-44fb-b865-d360f4996a8c', 'da189940-d09e-4587-9665-8efdf10684dd', 'cb83d524-2016-4ce3-965b-223af9e7ba99', 'Social', 'You have new mentions in your posts.', 0, CAST('2024-07-12T00:00:00' AS DateTime2), CAST('2024-07-12T00:00:00' AS DateTime2), NULL),
('55f0e6e4-36a6-4cf8-aaa6-b50004df04a4', '0a9e546f-38b4-4dbf-a482-24a82169890e', 'cb83d524-2016-4ce3-965b-223af9e7ba99', 'Account', 'Password change confirmation.', 0, CAST('2024-07-13T00:00:00' AS DateTime2), CAST('2024-07-13T00:00:00' AS DateTime2), NULL),
('e3ee8c5d-1bc0-48ae-b7cd-f82842524725', '7eb88892-549b-4cae-90be-c52088354643', 'cb83d524-2016-4ce3-965b-223af9e7ba99', 'Account', 'Your password has been successfully changed.', 0, CAST('2024-07-14T00:00:00' AS DateTime2), CAST('2024-07-14T00:00:00' AS DateTime2), NULL),
('b6643a26-bbef-441b-9b68-9e7a07332340', '36712aa4-77f0-4510-8425-cf53dad54840', 'cb83d524-2016-4ce3-965b-223af9e7ba99', 'Account', 'Password change was successful.', 0, CAST('2024-07-15T00:00:00' AS DateTime2), CAST('2024-07-15T00:00:00' AS DateTime2), NULL),
('fe62d1cb-797b-47b8-b61d-2fb4bc55ce20', '9c6a5f06-b1f0-4507-b2f8-955156a8bed6', 'cb83d524-2016-4ce3-965b-223af9e7ba99', 'System', 'Update: Your requested features are now live!', 0, CAST('2024-07-16T00:00:00' AS DateTime2), CAST('2024-07-16T00:00:00' AS DateTime2), NULL),
('68659872-cdde-45b9-a8b8-9702a249ab8b', 'ff3dd044-ebfb-4e1d-9050-b6dcfe684a1a', 'cb83d524-2016-4ce3-965b-223af9e7ba99', 'System', 'New features have been deployed as per your request.', 0, CAST('2024-07-17T00:00:00' AS DateTime2), CAST('2024-07-17T00:00:00' AS DateTime2), NULL),
('932a0069-0ea8-4338-b2da-3e1bf0fd907b', 'f2a1edb1-332f-4c2f-af59-6b5508eafbec', 'cb83d524-2016-4ce3-965b-223af9e7ba99', 'System', 'Your requested features are now available.', 0, CAST('2024-07-18T00:00:00' AS DateTime2), CAST('2024-07-18T00:00:00' AS DateTime2), CAST('2024-07-18T12:00:00' AS DateTime2)),

('c8afa171-ee36-424e-a67d-de6d465861f7', 'ff3dd044-ebfb-4e1d-9050-b6dcfe684a1a', '9c6a5f06-b1f0-4507-b2f8-955156a8bed6', 'Music', 'Playlist update: New tracks added to your favorite genre.', 0, CAST('2024-07-19T00:00:00' AS DateTime2), CAST('2024-07-19T00:00:00' AS DateTime2), NULL),
('c07373b0-58d4-4da6-8f5a-d5cb195b9a3f', 'f2a1edb1-332f-4c2f-af59-6b5508eafbec', '9c6a5f06-b1f0-4507-b2f8-955156a8bed6', 'Music', 'New tracks have been added to your playlist.', 0, CAST('2024-07-20T00:00:00' AS DateTime2), CAST('2024-07-20T00:00:00' AS DateTime2), NULL),
('9fcdae03-c4e9-42c8-b2a3-3dca104eb4b0', '14a3d4c4-fb21-4153-9096-d96bda62ee59', '9c6a5f06-b1f0-4507-b2f8-955156a8bed6', 'Music', 'Your playlist has been updated with new tracks.', 0, CAST('2024-07-21T00:00:00' AS DateTime2), CAST('2024-07-21T00:00:00' AS DateTime2), NULL),
('984df627-a5b3-4541-9987-b54e9c1576c0', '978d41ee-1f38-4c84-8826-8e62bc5ba109', '9c6a5f06-b1f0-4507-b2f8-955156a8bed6', 'Social', 'Thank you for your feedback on social features! We have implemented your suggestions.', 0, CAST('2024-07-22T00:00:00' AS DateTime2), CAST('2024-07-22T00:00:00' AS DateTime2), NULL),
('d21accdb-62ae-4fea-86b7-9db506aa21da', 'da189940-d09e-4587-9665-8efdf10684dd', '9c6a5f06-b1f0-4507-b2f8-955156a8bed6', 'Social', 'Your suggestions for social features have been implemented.', 0, CAST('2024-07-23T00:00:00' AS DateTime2), CAST('2024-07-23T00:00:00' AS DateTime2), NULL),
('72e5be4e-bd17-49fd-9581-713954704f56', '0a9e546f-38b4-4dbf-a482-24a82169890e', '9c6a5f06-b1f0-4507-b2f8-955156a8bed6', 'Social', 'We have implemented your feedback on social features.', 0, CAST('2024-07-24T00:00:00' AS DateTime2), CAST('2024-07-24T00:00:00' AS DateTime2), NULL),
('b4c57e93-4f26-4868-bfd6-f511fe63d7e3', '7eb88892-549b-4cae-90be-c52088354643', '9c6a5f06-b1f0-4507-b2f8-955156a8bed6', 'Account', 'Account notification: You''ve earned a new loyalty badge.', 0, CAST('2024-07-25T00:00:00' AS DateTime2), CAST('2024-07-25T00:00:00' AS DateTime2), NULL),
('b5a62816-699c-4219-8cb0-8ccbb09fee68', '36712aa4-77f0-4510-8425-cf53dad54840', '9c6a5f06-b1f0-4507-b2f8-955156a8bed6', 'Account', 'Congratulations! You have earned a new loyalty badge.', 0, CAST('2024-07-26T00:00:00' AS DateTime2), CAST('2024-07-26T00:00:00' AS DateTime2), NULL),
('25e0ac5c-a0d7-48f9-b3a2-ec340f7a9e02', 'cb83d524-2016-4ce3-965b-223af9e7ba99', '9c6a5f06-b1f0-4507-b2f8-955156a8bed6', 'Account', 'You have earned a new loyalty badge.', 0, CAST('2024-07-27T00:00:00' AS DateTime2), CAST('2024-07-27T00:00:00' AS DateTime2), NULL),
('376659d1-fa63-48b3-956b-f178e7750a04', 'ff3dd044-ebfb-4e1d-9050-b6dcfe684a1a', '9c6a5f06-b1f0-4507-b2f8-955156a8bed6', 'System', 'Your app interface has been updated for a better experience.', 0, CAST('2024-07-28T00:00:00' AS DateTime2), CAST('2024-07-28T00:00:00' AS DateTime2), NULL),
('3ff4bb54-57a8-4ca6-9a30-eb827e0b62c8', 'f2a1edb1-332f-4c2f-af59-6b5508eafbec', '9c6a5f06-b1f0-4507-b2f8-955156a8bed6', 'System', 'We have updated your app interface for a better experience.', 0, CAST('2024-07-29T00:00:00' AS DateTime2), CAST('2024-07-29T00:00:00' AS DateTime2), NULL),
('5d7c239c-d531-4ced-860c-f0e43d5442a3', '14a3d4c4-fb21-4153-9096-d96bda62ee59', '9c6a5f06-b1f0-4507-b2f8-955156a8bed6', 'System', 'Enjoy the new app interface update.', 0, CAST('2024-07-30T00:00:00' AS DateTime2), CAST('2024-07-30T00:00:00' AS DateTime2), NULL),

('31a74b33-5530-4fd9-9530-c5b31adddba9', 'f2a1edb1-332f-4c2f-af59-6b5508eafbec', 'ff3dd044-ebfb-4e1d-9050-b6dcfe684a1a', 'Music', 'A live concert is happening near you. Don''t miss out!', 0, CAST('2024-07-31T00:00:00' AS DateTime2), CAST('2024-07-31T00:00:00' AS DateTime2), NULL),
('2e5a8563-0b6d-443f-92c8-d32abfe56c52', '14a3d4c4-fb21-4153-9096-d96bda62ee59', 'ff3dd044-ebfb-4e1d-9050-b6dcfe684a1a', 'Music', 'Your favorite band just announced a tour. Tickets are on sale now!', 0, CAST('2024-08-01T00:00:00' AS DateTime2), CAST('2024-08-01T00:00:00' AS DateTime2), NULL),
('8b258db8-5603-487f-ba6e-aa8ee2484bdd', '978d41ee-1f38-4c84-8826-8e62bc5ba109', 'ff3dd044-ebfb-4e1d-9050-b6dcfe684a1a', 'Music', 'Check out our playlist of trending songs this week!', 0, CAST('2024-08-02T00:00:00' AS DateTime2), CAST('2024-08-02T00:00:00' AS DateTime2), NULL),
('938732f5-3bff-426d-a838-657a577c87b1', 'da189940-d09e-4587-9665-8efdf10684dd', 'ff3dd044-ebfb-4e1d-9050-b6dcfe684a1a', 'Social', 'A friend just shared a photo with you. Take a look!', 0, CAST('2024-08-03T00:00:00' AS DateTime2), CAST('2024-08-03T00:00:00' AS DateTime2), NULL),
('74112870-a28d-4ac3-881d-1f18d20a903b', '0a9e546f-38b4-4dbf-a482-24a82169890e', 'ff3dd044-ebfb-4e1d-9050-b6dcfe684a1a', 'Social', 'You have a new message from a friend. Open it now!', 0, CAST('2024-08-04T00:00:00' AS DateTime2), CAST('2024-08-04T00:00:00' AS DateTime2), NULL),
('f5fb713d-2899-4869-883a-ae4600550259', '7eb88892-549b-4cae-90be-c52088354643', 'ff3dd044-ebfb-4e1d-9050-b6dcfe684a1a', 'Social', 'Someone tagged you in a post. Check it out!', 0, CAST('2024-08-05T00:00:00' AS DateTime2), CAST('2024-08-05T00:00:00' AS DateTime2), NULL),
('b7954386-cacc-476c-bfad-01267d262f69', '36712aa4-77f0-4510-8425-cf53dad54840', 'ff3dd044-ebfb-4e1d-9050-b6dcfe684a1a', 'Account', 'You''ve successfully logged into your account from a new device.', 0, CAST('2024-08-06T00:00:00' AS DateTime2), CAST('2024-08-06T00:00:00' AS DateTime2), NULL),
('2a206d3a-c25c-408e-aa7f-c57ef7508a81', 'cb83d524-2016-4ce3-965b-223af9e7ba99', 'ff3dd044-ebfb-4e1d-9050-b6dcfe684a1a', 'Account', 'Password successfully changed. Keep your account secure.', 0, CAST('2024-08-07T00:00:00' AS DateTime2), CAST('2024-08-07T00:00:00' AS DateTime2), NULL),
('712decd3-5fb7-4796-8b65-dfd8174b719a', '9c6a5f06-b1f0-4507-b2f8-955156a8bed6', 'ff3dd044-ebfb-4e1d-9050-b6dcfe684a1a', 'Account', 'A new device was added to your account. Review your security settings.', 0, CAST('2024-08-08T00:00:00' AS DateTime2), CAST('2024-08-08T00:00:00' AS DateTime2), NULL),
('f562d55f-281b-4b48-92fa-e2476b3abf74', 'f2a1edb1-332f-4c2f-af59-6b5508eafbec', 'ff3dd044-ebfb-4e1d-9050-b6dcfe684a1a', 'System', 'System maintenance scheduled for tonight. Expect brief downtime.', 0, CAST('2024-08-09T00:00:00' AS DateTime2), CAST('2024-08-09T00:00:00' AS DateTime2), NULL),
('2798dee8-0dbd-4ff6-ab7a-2f89870f3a74', '14a3d4c4-fb21-4153-9096-d96bda62ee59', 'ff3dd044-ebfb-4e1d-9050-b6dcfe684a1a', 'System', 'New features added in the latest update. Explore them now!', 0, CAST('2024-08-10T00:00:00' AS DateTime2), CAST('2024-08-10T00:00:00' AS DateTime2), NULL),
('50b132fa-f8d1-49af-abf2-8fccc66e11f0', '978d41ee-1f38-4c84-8826-8e62bc5ba109', 'ff3dd044-ebfb-4e1d-9050-b6dcfe684a1a', 'System', 'We''ve improved our performance in the latest app update.', 0, CAST('2024-08-11T00:00:00' AS DateTime2), CAST('2024-08-11T00:00:00' AS DateTime2), CAST('2024-08-11T12:00:00' AS DateTime2)),

('25dbcfe4-b6aa-44c0-aa2d-e95cca4df9ff', '14a3d4c4-fb21-4153-9096-d96bda62ee59', 'f2a1edb1-332f-4c2f-af59-6b5508eafbec', 'Music', 'New tracks added to your favorite playlist.', 0, CAST('2024-08-12T00:00:00' AS DateTime2), CAST('2024-08-12T00:00:00' AS DateTime2), NULL),
('10d744ac-589f-4db7-8135-a51e8601134f', '978d41ee-1f38-4c84-8826-8e62bc5ba109', 'f2a1edb1-332f-4c2f-af59-6b5508eafbec', 'Music', 'Your playlist has been updated with new songs.', 0, CAST('2024-08-13T00:00:00' AS DateTime2), CAST('2024-08-13T00:00:00' AS DateTime2), NULL),
('3b9c29fe-db09-4e97-b1c6-f345e7817ec0', 'da189940-d09e-4587-9665-8efdf10684dd', 'f2a1edb1-332f-4c2f-af59-6b5508eafbec', 'Music', 'Check out the latest additions to your playlist.', 0, CAST('2024-08-14T00:00:00' AS DateTime2), CAST('2024-08-14T00:00:00' AS DateTime2), NULL),
('0f96131e-74c2-4acb-82a3-5564c1049086', '0a9e546f-38b4-4dbf-a482-24a82169890e', 'f2a1edb1-332f-4c2f-af59-6b5508eafbec', 'Social', 'You have been mentioned in a new comment.', 0, CAST('2024-08-15T00:00:00' AS DateTime2), CAST('2024-08-15T00:00:00' AS DateTime2), NULL),
('c18c2552-ab4a-4054-bbb1-6c5aa0e90c16', '7eb88892-549b-4cae-90be-c52088354643', 'f2a1edb1-332f-4c2f-af59-6b5508eafbec', 'Social', 'Someone mentioned you in a comment.', 0, CAST('2024-08-16T00:00:00' AS DateTime2), CAST('2024-08-16T00:00:00' AS DateTime2), NULL),
('1035d3ad-03a1-4e6d-9363-4d57abf0e094', '36712aa4-77f0-4510-8425-cf53dad54840', 'f2a1edb1-332f-4c2f-af59-6b5508eafbec', 'Social', 'You were tagged in a new comment.', 0, CAST('2024-08-17T00:00:00' AS DateTime2), CAST('2024-08-17T00:00:00' AS DateTime2), NULL),
('2ea232f6-b229-4846-b028-ecdaa214ef7f', 'cb83d524-2016-4ce3-965b-223af9e7ba99', 'f2a1edb1-332f-4c2f-af59-6b5508eafbec', 'Account', 'Profile update confirmed.', 0, CAST('2024-08-18T00:00:00' AS DateTime2), CAST('2024-08-18T00:00:00' AS DateTime2), NULL),
('45b1ddd6-078d-4ee8-87ba-ee3cdd57790a', '9c6a5f06-b1f0-4507-b2f8-955156a8bed6', 'f2a1edb1-332f-4c2f-af59-6b5508eafbec', 'Account', 'Your profile has been successfully updated.', 0, CAST('2024-08-19T00:00:00' AS DateTime2), CAST('2024-08-19T00:00:00' AS DateTime2), NULL),
('04316896-5f53-441d-9db4-231492a4d57b', 'ff3dd044-ebfb-4e1d-9050-b6dcfe684a1a', 'f2a1edb1-332f-4c2f-af59-6b5508eafbec', 'Account', 'Your profile changes have been saved.', 0, CAST('2024-08-20T00:00:00' AS DateTime2), CAST('2024-08-20T00:00:00' AS DateTime2), NULL),
('dc41888e-78f4-4fe4-a437-3fd27401d9ea', '14a3d4c4-fb21-4153-9096-d96bda62ee59', 'f2a1edb1-332f-4c2f-af59-6b5508eafbec', 'System', 'System security patch applied successfully.', 0, CAST('2024-08-21T00:00:00' AS DateTime2), CAST('2024-08-21T00:00:00' AS DateTime2), NULL),
('01b3b8e8-84ca-46d5-9a67-f454bcfaff83', '978d41ee-1f38-4c84-8826-8e62bc5ba109', 'f2a1edb1-332f-4c2f-af59-6b5508eafbec', 'System', 'Security patch has been successfully applied.', 0, CAST('2024-08-22T00:00:00' AS DateTime2), CAST('2024-08-22T00:00:00' AS DateTime2), NULL),
('710f2fb0-0d33-4172-b472-08b4e2eec71b', 'da189940-d09e-4587-9665-8efdf10684dd', 'f2a1edb1-332f-4c2f-af59-6b5508eafbec', 'System', 'System update completed successfully.', 0, CAST('2024-08-23T00:00:00' AS DateTime2), CAST('2024-08-23T00:00:00' AS DateTime2), NULL),

('707e8678-89f3-4670-9fd0-aba89da589ff', '978d41ee-1f38-4c84-8826-8e62bc5ba109', '14a3d4c4-fb21-4153-9096-d96bda62ee59', 'Music', 'New recommendations based on your listening habits.', 0, CAST('2024-08-24T00:00:00' AS DateTime2), CAST('2024-08-24T00:00:00' AS DateTime2), NULL),
('dd064a28-3e8c-41b2-9d46-57c63d73e276', 'da189940-d09e-4587-9665-8efdf10684dd', '14a3d4c4-fb21-4153-9096-d96bda62ee59', 'Music', 'Check out these new albums based on your recent plays.', 0, CAST('2024-08-25T00:00:00' AS DateTime2), CAST('2024-08-25T00:00:00' AS DateTime2), NULL),
('511feb97-9244-452e-af5d-49d2b7eabcb4', '0a9e546f-38b4-4dbf-a482-24a82169890e', '14a3d4c4-fb21-4153-9096-d96bda62ee59', 'Music', 'Discover new artists similar to your favorites.', 0, CAST('2024-08-26T00:00:00' AS DateTime2), CAST('2024-08-26T00:00:00' AS DateTime2), NULL),
('ec4f53d0-5554-4ad9-a761-8f2811add21f', '7eb88892-549b-4cae-90be-c52088354643', '14a3d4c4-fb21-4153-9096-d96bda62ee59', 'Social', 'Your post has been featured in a trending topic.', 0, CAST('2024-08-27T00:00:00' AS DateTime2), CAST('2024-08-27T00:00:00' AS DateTime2), NULL),
('fa0e6fa9-21f6-4490-9c84-db57d9051850', '36712aa4-77f0-4510-8425-cf53dad54840', '14a3d4c4-fb21-4153-9096-d96bda62ee59', 'Social', 'Your recent post is gaining popularity!', 0, CAST('2024-08-28T00:00:00' AS DateTime2), CAST('2024-08-28T00:00:00' AS DateTime2), NULL),
('eb4ccd1f-905f-4d56-bddc-62663bf52c66', 'cb83d524-2016-4ce3-965b-223af9e7ba99', '14a3d4c4-fb21-4153-9096-d96bda62ee59', 'Social', 'You have new comments on your post.', 0, CAST('2024-08-29T00:00:00' AS DateTime2), CAST('2024-08-29T00:00:00' AS DateTime2), NULL),
('a492110f-a4ba-4f6e-9565-d0e902b91f36', '9c6a5f06-b1f0-4507-b2f8-955156a8bed6', '14a3d4c4-fb21-4153-9096-d96bda62ee59', 'Account', 'Your account has been successfully upgraded.', 0, CAST('2024-08-30T00:00:00' AS DateTime2), CAST('2024-08-30T00:00:00' AS DateTime2), NULL),
('53482f1c-f686-459b-8d96-67504a61064b', 'ff3dd044-ebfb-4e1d-9050-b6dcfe684a1a', '14a3d4c4-fb21-4153-9096-d96bda62ee59', 'Account', 'Your subscription plan has been updated.', 0, CAST('2024-08-31T00:00:00' AS DateTime2), CAST('2024-08-31T00:00:00' AS DateTime2), NULL),
('c2a38821-b5db-4cef-98b6-beead97e9d44', 'f2a1edb1-332f-4c2f-af59-6b5508eafbec', '14a3d4c4-fb21-4153-9096-d96bda62ee59', 'Account', 'Your account settings have been updated.', 0, CAST('2024-09-01T00:00:00' AS DateTime2), CAST('2024-09-01T00:00:00' AS DateTime2), NULL),
('2b76e979-7def-44c8-9b3c-f6ac0253b86b', '978d41ee-1f38-4c84-8826-8e62bc5ba109', '14a3d4c4-fb21-4153-9096-d96bda62ee59', 'System', 'New system enhancements are available now.', 0, CAST('2024-09-02T00:00:00' AS DateTime2), CAST('2024-09-02T00:00:00' AS DateTime2), NULL),
('bc9680b6-e3e8-42de-af81-96a8bd3cdd5f', 'da189940-d09e-4587-9665-8efdf10684dd', '14a3d4c4-fb21-4153-9096-d96bda62ee59', 'System', 'System update completed successfully.', 0, CAST('2024-09-03T00:00:00' AS DateTime2), CAST('2024-09-03T00:00:00' AS DateTime2), NULL),
('c87d903d-8b4b-4533-b162-e58bbf61ae87', '0a9e546f-38b4-4dbf-a482-24a82169890e', '14a3d4c4-fb21-4153-9096-d96bda62ee59', 'System', 'Scheduled maintenance has been completed.', 0, CAST('2024-09-04T00:00:00' AS DateTime2), CAST('2024-09-04T00:00:00' AS DateTime2), CAST('2024-09-04T12:00:00' AS DateTime2)),

('0d1d4015-a33d-4f2c-b947-39cf988b4b1b', 'da189940-d09e-4587-9665-8efdf10684dd', '978d41ee-1f38-4c84-8826-8e62bc5ba109', 'Music', 'A new album by your favorite artist is now available!', 0, CAST('2024-09-05T00:00:00' AS DateTime2), CAST('2024-09-05T00:00:00' AS DateTime2), NULL),
('5a638c5c-006b-4ea4-b197-e89c7846c649', '0a9e546f-38b4-4dbf-a482-24a82169890e', '978d41ee-1f38-4c84-8826-8e62bc5ba109', 'Music', 'Check out the latest release from your favorite artist!', 0, CAST('2024-09-06T00:00:00' AS DateTime2), CAST('2024-09-06T00:00:00' AS DateTime2), NULL),
('3650bfe2-6f60-4de9-aa05-6e1a91e62aa9', '7eb88892-549b-4cae-90be-c52088354643', '978d41ee-1f38-4c84-8826-8e62bc5ba109', 'Music', 'New music alert: Your favorite artist has just dropped a new album!', 0, CAST('2024-09-07T00:00:00' AS DateTime2), CAST('2024-09-07T00:00:00' AS DateTime2), NULL),
('c9b81833-485b-4d0e-91b9-dbc65a299c55', '36712aa4-77f0-4510-8425-cf53dad54840', '978d41ee-1f38-4c84-8826-8e62bc5ba109', 'Social', 'Your friend just started a live stream. Join in now!', 0, CAST('2024-09-08T00:00:00' AS DateTime2), CAST('2024-09-08T00:00:00' AS DateTime2), NULL),
('e89248ed-5b5f-46bb-85c7-410d490814d7', 'cb83d524-2016-4ce3-965b-223af9e7ba99', '978d41ee-1f38-4c84-8826-8e62bc5ba109', 'Social', 'A friend just sent you a virtual gift. Check it out!', 0, CAST('2024-09-09T00:00:00' AS DateTime2), CAST('2024-09-09T00:00:00' AS DateTime2), NULL),
('66774f24-fe4b-4efb-9a0b-6fb8fa5326c4', '9c6a5f06-b1f0-4507-b2f8-955156a8bed6', '978d41ee-1f38-4c84-8826-8e62bc5ba109', 'Social', 'Your friend just created a new event. RSVP now!', 0, CAST('2024-09-10T00:00:00' AS DateTime2), CAST('2024-09-10T00:00:00' AS DateTime2), NULL),
('f245bed0-ab5b-4470-8c0c-373ef2a10c3b', 'ff3dd044-ebfb-4e1d-9050-b6dcfe684a1a', '978d41ee-1f38-4c84-8826-8e62bc5ba109', 'Account', 'Your account balance has been updated.', 0, CAST('2024-09-11T00:00:00' AS DateTime2), CAST('2024-09-11T00:00:00' AS DateTime2), NULL),
('32d9d85a-ca9f-4443-b5dc-835ffd19ae3f', 'f2a1edb1-332f-4c2f-af59-6b5508eafbec', '978d41ee-1f38-4c84-8826-8e62bc5ba109', 'Account', 'You''ve earned rewards points. Redeem them now!', 0, CAST('2024-09-12T00:00:00' AS DateTime2), CAST('2024-09-12T00:00:00' AS DateTime2), NULL),
('98a0cf0e-c65f-401e-a87c-e79a8b3b147e', '14a3d4c4-fb21-4153-9096-d96bda62ee59', '978d41ee-1f38-4c84-8826-8e62bc5ba109', 'Account', 'You''ve unlocked a new achievement. View it in your profile!', 0, CAST('2024-09-13T00:00:00' AS DateTime2), CAST('2024-09-13T00:00:00' AS DateTime2), NULL),
('0960f07f-ce1f-485b-83f2-55f33a7bbd92', 'da189940-d09e-4587-9665-8efdf10684dd', '978d41ee-1f38-4c84-8826-8e62bc5ba109', 'System', 'A backup of your data was successfully completed.', 0, CAST('2024-09-14T00:00:00' AS DateTime2), CAST('2024-09-14T00:00:00' AS DateTime2), NULL),
('5788b299-fdaa-44d9-ac97-ea079ee745f3', '0a9e546f-38b4-4dbf-a482-24a82169890e', '978d41ee-1f38-4c84-8826-8e62bc5ba109', 'System', 'Your settings have been successfully updated.', 0, CAST('2024-09-15T00:00:00' AS DateTime2), CAST('2024-09-15T00:00:00' AS DateTime2), NULL),
('7c42e285-6c3f-4109-8e8d-82ad0ae3ae51', '7eb88892-549b-4cae-90be-c52088354643', '978d41ee-1f38-4c84-8826-8e62bc5ba109', 'System', 'You''ve successfully synced your device. Everything is up to date.', 0, CAST('2024-09-16T00:00:00' AS DateTime2), CAST('2024-09-16T00:00:00' AS DateTime2), NULL),

('4ad89c50-e58c-4d4c-aadf-1e80519a84d7', '0a9e546f-38b4-4dbf-a482-24a82169890e', 'da189940-d09e-4587-9665-8efdf10684dd', 'Music', 'Special offer: 20% off on all albums this week!', 0, CAST('2024-09-17T00:00:00' AS DateTime2), CAST('2024-09-17T00:00:00' AS DateTime2), NULL),
('c259ff30-a12e-47b7-b7c8-2312cae9810a', '7eb88892-549b-4cae-90be-c52088354643', 'da189940-d09e-4587-9665-8efdf10684dd', 'Music', 'New album release: Check out the latest hits!', 0, CAST('2024-09-18T00:00:00' AS DateTime2), CAST('2024-09-18T00:00:00' AS DateTime2), NULL),
('91e35ae6-8b4e-4abd-87ce-a30ccc4b93ce', '36712aa4-77f0-4510-8425-cf53dad54840', 'da189940-d09e-4587-9665-8efdf10684dd', 'Music', 'Exclusive: Early access to upcoming concerts!', 0, CAST('2024-09-19T00:00:00' AS DateTime2), CAST('2024-09-19T00:00:00' AS DateTime2), NULL),
('35f49831-5024-47ab-bec1-f7e19f6919bc', 'cb83d524-2016-4ce3-965b-223af9e7ba99', 'da189940-d09e-4587-9665-8efdf10684dd', 'Social', 'You have received a new message from a friend.', 0, CAST('2024-09-20T00:00:00' AS DateTime2), CAST('2024-09-20T00:00:00' AS DateTime2), NULL),
('251fd063-84db-4427-b09d-1a82822ced54', '9c6a5f06-b1f0-4507-b2f8-955156a8bed6', 'da189940-d09e-4587-9665-8efdf10684dd', 'Social', 'Your friend has commented on your post.', 0, CAST('2024-09-21T00:00:00' AS DateTime2), CAST('2024-09-21T00:00:00' AS DateTime2), NULL),
('dbc4a2a3-75ab-49a5-98ee-cc12c9f09fa4', 'ff3dd044-ebfb-4e1d-9050-b6dcfe684a1a', 'da189940-d09e-4587-9665-8efdf10684dd', 'Social', 'You have a new follower!', 0, CAST('2024-09-22T00:00:00' AS DateTime2), CAST('2024-09-22T00:00:00' AS DateTime2), NULL),
('1952adee-ae48-4c4a-bdf5-1838f17a329a', 'f2a1edb1-332f-4c2f-af59-6b5508eafbec', 'da189940-d09e-4587-9665-8efdf10684dd', 'Account', 'Your email address has been verified.', 0, CAST('2024-09-23T00:00:00' AS DateTime2), CAST('2024-09-23T00:00:00' AS DateTime2), NULL),
('761ce11f-fd7e-4b2a-adc1-ea138a33f1eb', '14a3d4c4-fb21-4153-9096-d96bda62ee59', 'da189940-d09e-4587-9665-8efdf10684dd', 'Account', 'Your password has been successfully changed.', 0, CAST('2024-09-24T00:00:00' AS DateTime2), CAST('2024-09-24T00:00:00' AS DateTime2), NULL),
('aa568bd5-24e0-42f8-aaaa-bb82da89eca8', '978d41ee-1f38-4c84-8826-8e62bc5ba109', 'da189940-d09e-4587-9665-8efdf10684dd', 'Account', 'Your profile has been updated.', 0, CAST('2024-09-25T00:00:00' AS DateTime2), CAST('2024-09-25T00:00:00' AS DateTime2), NULL),
('b0a154df-217e-407a-af1a-167daec30b0c', '0a9e546f-38b4-4dbf-a482-24a82169890e', 'da189940-d09e-4587-9665-8efdf10684dd', 'System', 'Critical security update applied. Please review changes.', 0, CAST('2024-09-26T00:00:00' AS DateTime2), CAST('2024-09-26T00:00:00' AS DateTime2), NULL),
('7c88fd57-893c-4df4-839c-01cfa355dab3', '7eb88892-549b-4cae-90be-c52088354643', 'da189940-d09e-4587-9665-8efdf10684dd', 'System', 'System maintenance scheduled for this weekend.', 0, CAST('2024-09-27T00:00:00' AS DateTime2), CAST('2024-09-27T00:00:00' AS DateTime2), NULL),
('3861af67-bf42-477d-869f-407d6c0bd717', '36712aa4-77f0-4510-8425-cf53dad54840', 'da189940-d09e-4587-9665-8efdf10684dd', 'System', 'New feature released: Check out the latest updates!', 0, CAST('2024-09-28T00:00:00' AS DateTime2), CAST('2024-09-28T00:00:00' AS DateTime2), CAST('2024-09-28T12:00:00' AS DateTime2));

INSERT INTO [dbo].[Playlists] ([Id], [Title], [UserId], [CreatedAt], [UpdatedAt], [DeletedAt]) VALUES 
('239d050b-b59c-47e0-9e1a-ab5faf6f903e', 'Echoes of Euphoria', '0a9e546f-38b4-4dbf-a482-24a82169890e', CAST('2024-08-01T00:00:00' AS DateTime2), CAST('2024-08-01T00:00:00' AS DateTime2), NULL),
('67b394ad-aeba-4804-be29-71fc4ebd37c8', 'Midnight Vibes', '0a9e546f-38b4-4dbf-a482-24a82169890e', CAST('2024-08-02T00:00:00' AS DateTime2), CAST('2024-08-02T00:00:00' AS DateTime2), NULL),
('25fc284d-9ad3-462e-8947-9a46f1bb7bde', 'Retro Grooves', '0a9e546f-38b4-4dbf-a482-24a82169890e', CAST('2024-08-03T00:00:00' AS DateTime2), CAST('2024-08-03T00:00:00' AS DateTime2), NULL),
('db73836b-b090-4b9e-979c-f02e712a4941', 'Chillwave Escapes', '0a9e546f-38b4-4dbf-a482-24a82169890e', CAST('2024-08-04T00:00:00' AS DateTime2), CAST('2024-08-04T00:00:00' AS DateTime2), NULL),
('883b32f5-6f45-4e36-aae4-271b40322445', 'Urban Beats', '0a9e546f-38b4-4dbf-a482-24a82169890e', CAST('2024-08-05T00:00:00' AS DateTime2), CAST('2024-08-05T00:00:00' AS DateTime2), NULL),

('a9f4b39f-c273-41e1-a82f-544e4c287192', 'Indie Dreams', '7eb88892-549b-4cae-90be-c52088354643', CAST('2024-08-06T00:00:00' AS DateTime2), CAST('2024-08-06T00:00:00' AS DateTime2), NULL),
('49ea6e91-4033-49bd-9275-24292ee36bb8', 'Soulful Sessions', '7eb88892-549b-4cae-90be-c52088354643', CAST('2024-08-07T00:00:00' AS DateTime2), CAST('2024-08-07T00:00:00' AS DateTime2), NULL),
('f1d2f01e-dcb1-46e5-bb3c-a6a0cbd280f3', 'Acoustic Mornings', '7eb88892-549b-4cae-90be-c52088354643', CAST('2024-08-08T00:00:00' AS DateTime2), CAST('2024-08-08T00:00:00' AS DateTime2), NULL),
('20a85f02-c737-4f5e-ab72-e1512e1177d1', 'Electronic Odyssey', '7eb88892-549b-4cae-90be-c52088354643', CAST('2024-08-09T00:00:00' AS DateTime2), CAST('2024-08-09T00:00:00' AS DateTime2), NULL),
('c012c843-ca72-4121-b818-4b38d03be24b', 'Rock Revival', '7eb88892-549b-4cae-90be-c52088354643', CAST('2024-08-10T00:00:00' AS DateTime2), CAST('2024-08-10T00:00:00' AS DateTime2), CAST('2024-08-10T12:00:00' AS DateTime2)),

('c6c1b55d-b30f-49e1-af8d-beeff7b76b24', 'Jazz Journeys', '36712aa4-77f0-4510-8425-cf53dad54840', CAST('2024-08-11T00:00:00' AS DateTime2), CAST('2024-08-11T00:00:00' AS DateTime2), NULL),
('55fca191-e4fc-43da-a576-1a867256e65d', 'HipHop Highways', '36712aa4-77f0-4510-8425-cf53dad54840', CAST('2024-08-12T00:00:00' AS DateTime2), CAST('2024-08-12T00:00:00' AS DateTime2), NULL),
('514b9ab3-0a63-4219-8989-9b3dd6422005', 'Classical Serenity', '36712aa4-77f0-4510-8425-cf53dad54840', CAST('2024-08-13T00:00:00' AS DateTime2), CAST('2024-08-13T00:00:00' AS DateTime2), NULL),
('e8560429-a622-473a-9646-bfcaac9cc934', 'Pop Spectrum', '36712aa4-77f0-4510-8425-cf53dad54840', CAST('2024-08-14T00:00:00' AS DateTime2), CAST('2024-08-14T00:00:00' AS DateTime2), NULL),
('677abd5c-33e0-4553-9be7-f8be825e7afe', 'Alt-Rock Anthems', '36712aa4-77f0-4510-8425-cf53dad54840', CAST('2024-08-15T00:00:00' AS DateTime2), CAST('2024-08-15T00:00:00' AS DateTime2), NULL),

('1b6de32d-f60e-45ee-9d96-dcec12fe6525', 'Folklore Fields', 'cb83d524-2016-4ce3-965b-223af9e7ba99', CAST('2024-08-16T00:00:00' AS DateTime2), CAST('2024-08-16T00:00:00' AS DateTime2), NULL),
('4c8747b0-e5a6-48e4-af5c-bdebbe041daa', 'R&B Reflections', 'cb83d524-2016-4ce3-965b-223af9e7ba99', CAST('2024-08-17T00:00:00' AS DateTime2), CAST('2024-08-17T00:00:00' AS DateTime2), NULL),
('ab9ee809-25a5-4c16-8f04-1c9ee63c7784', 'Techno Pulse', 'cb83d524-2016-4ce3-965b-223af9e7ba99', CAST('2024-08-18T00:00:00' AS DateTime2), CAST('2024-08-18T00:00:00' AS DateTime2), NULL),
('01de5998-2c9f-40c5-8766-0d17103da4a0', 'Country Roads', 'cb83d524-2016-4ce3-965b-223af9e7ba99', CAST('2024-08-19T00:00:00' AS DateTime2), CAST('2024-08-19T00:00:00' AS DateTime2), NULL),
('309ba8a0-3a2a-44fd-b359-1058defb3c75', 'Reggae Rhythms', 'cb83d524-2016-4ce3-965b-223af9e7ba99', CAST('2024-08-20T00:00:00' AS DateTime2), CAST('2024-08-20T00:00:00' AS DateTime2), CAST('2024-08-20T12:00:00' AS DateTime2)),

('ca6f3c65-8051-48a5-8c36-adbfc1a6ac1c', 'Latin Fire', '9c6a5f06-b1f0-4507-b2f8-955156a8bed6', CAST('2024-08-21T00:00:00' AS DateTime2), CAST('2024-08-21T00:00:00' AS DateTime2), NULL),
('80759f9e-c756-4ae1-abcc-c5b300c4890f', 'Dance Floor Fillers', '9c6a5f06-b1f0-4507-b2f8-955156a8bed6', CAST('2024-08-22T00:00:00' AS DateTime2), CAST('2024-08-22T00:00:00' AS DateTime2), NULL),
('07919c9c-2642-4a31-8200-e978052c4d7e', 'Cinematic Scores', '9c6a5f06-b1f0-4507-b2f8-955156a8bed6', CAST('2024-08-23T00:00:00' AS DateTime2), CAST('2024-08-23T00:00:00' AS DateTime2), NULL),
('cd410a0f-e3dc-4cd9-99b8-ecbd540bb19c', 'Punk Power', '9c6a5f06-b1f0-4507-b2f8-955156a8bed6', CAST('2024-08-24T00:00:00' AS DateTime2), CAST('2024-08-24T00:00:00' AS DateTime2), NULL),
('a3d00a7e-fc57-4666-b45a-0977ed204df5', 'Ambient Horizons', '9c6a5f06-b1f0-4507-b2f8-955156a8bed6', CAST('2024-08-25T00:00:00' AS DateTime2), CAST('2024-08-25T00:00:00' AS DateTime2), NULL),

('e0b1dfed-0a04-439b-8d85-c0f0f1d34b69', 'Synthwave Dreams', 'ff3dd044-ebfb-4e1d-9050-b6dcfe684a1a', CAST('2024-08-26T00:00:00' AS DateTime2), CAST('2024-08-26T00:00:00' AS DateTime2), NULL),
('6f3d74c7-50f4-4a28-a17c-1cb1f549ce59', 'Energetic Beats', 'ff3dd044-ebfb-4e1d-9050-b6dcfe684a1a', CAST('2024-08-27T00:00:00' AS DateTime2), CAST('2024-08-27T00:00:00' AS DateTime2), NULL),
('5b82d124-78a2-4638-b865-2ef7e7d6a0d2', 'Electronic Chill', 'ff3dd044-ebfb-4e1d-9050-b6dcfe684a1a', CAST('2024-08-28T00:00:00' AS DateTime2), CAST('2024-08-28T00:00:00' AS DateTime2), NULL),
('f5729d38-03c3-4a27-8d63-e43a4e5276c3', 'Folk Inspirations', 'ff3dd044-ebfb-4e1d-9050-b6dcfe684a1a', CAST('2024-08-29T00:00:00' AS DateTime2), CAST('2024-08-29T00:00:00' AS DateTime2), NULL),
('6e4c1e87-e4ff-4b43-9ad7-94f6243b058a', 'Pop Hits of the 90s', 'ff3dd044-ebfb-4e1d-9050-b6dcfe684a1a', CAST('2024-08-30T00:00:00' AS DateTime2), CAST('2024-08-30T00:00:00' AS DateTime2), CAST('2024-08-30T12:00:00' AS DateTime2)),

('9f64cf15-5a3e-4a73-80c3-74851d18a2f5', 'Country Classics', 'f2a1edb1-332f-4c2f-af59-6b5508eafbec', CAST('2024-08-31T00:00:00' AS DateTime2), CAST('2024-08-31T00:00:00' AS DateTime2), NULL),
('b3a3c9ea-c78e-44c0-9274-4b3c8f825ae4', 'Soul Groove', 'f2a1edb1-332f-4c2f-af59-6b5508eafbec', CAST('2024-09-01T00:00:00' AS DateTime2), CAST('2024-09-01T00:00:00' AS DateTime2), NULL),
('5fa03b7b-16b7-4b3b-b26d-42688d809a1e', 'Jazz Fusion', 'f2a1edb1-332f-4c2f-af59-6b5508eafbec', CAST('2024-09-02T00:00:00' AS DateTime2), CAST('2024-09-02T00:00:00' AS DateTime2), NULL),
('84b4f63d-dbb6-4d2f-b28b-fbcff91b4c4f', 'Lofi Lounge', 'f2a1edb1-332f-4c2f-af59-6b5508eafbec', CAST('2024-09-03T00:00:00' AS DateTime2), CAST('2024-09-03T00:00:00' AS DateTime2), NULL),
('7d2a7e6b-dc63-4b67-8e9a-53f020f6c2c0', 'Classic Rock Hits', 'f2a1edb1-332f-4c2f-af59-6b5508eafbec', CAST('2024-09-04T00:00:00' AS DateTime2), CAST('2024-09-04T00:00:00' AS DateTime2), NULL),

('f54937f3-3a34-4a5e-92af-fd13f3e46b22', 'Indie Essentials', '14a3d4c4-fb21-4153-9096-d96bda62ee59', CAST('2024-09-05T00:00:00' AS DateTime2), CAST('2024-09-05T00:00:00' AS DateTime2), NULL),
('9ac9c8a7-2ff6-4187-91bb-c6cfcf26ab1b', 'Ambient Dreams', '14a3d4c4-fb21-4153-9096-d96bda62ee59', CAST('2024-09-06T00:00:00' AS DateTime2), CAST('2024-09-06T00:00:00' AS DateTime2), NULL),
('02c1834c-82fd-49dc-8b14-9d80b28cbb34', 'Pop Magic', '14a3d4c4-fb21-4153-9096-d96bda62ee59', CAST('2024-09-07T00:00:00' AS DateTime2), CAST('2024-09-07T00:00:00' AS DateTime2), NULL),
('fbb4d8cb-36b7-464b-9250-b75c1c42e56f', 'Electronic Beats', '14a3d4c4-fb21-4153-9096-d96bda62ee59', CAST('2024-09-08T00:00:00' AS DateTime2), CAST('2024-09-08T00:00:00' AS DateTime2), NULL),
('bcb58a94-2d6a-4f5a-a9ac-5675b756fbfa', 'Folk Fusion', '14a3d4c4-fb21-4153-9096-d96bda62ee59', CAST('2024-09-09T00:00:00' AS DateTime2), CAST('2024-09-09T00:00:00' AS DateTime2), CAST('2024-09-09T12:00:00' AS DateTime2)),

('3ef67e29-7a5d-4b5c-9e68-b2e23d7343e6', 'Dance Party Hits', '978d41ee-1f38-4c84-8826-8e62bc5ba109', CAST('2024-09-10T00:00:00' AS DateTime2), CAST('2024-09-10T00:00:00' AS DateTime2), NULL),
('2fc6f4b6-5a9a-4f23-87d1-9a4d82e3b8d2', 'Synth Pop Classics', '978d41ee-1f38-4c84-8826-8e62bc5ba109', CAST('2024-09-11T00:00:00' AS DateTime2), CAST('2024-09-11T00:00:00' AS DateTime2), NULL),
('b33cfe86-4d4b-40b8-85c3-cf80e14f8d36', 'Alternative Essentials', '978d41ee-1f38-4c84-8826-8e62bc5ba109', CAST('2024-09-12T00:00:00' AS DateTime2), CAST('2024-09-12T00:00:00' AS DateTime2), NULL),
('4f4dbb4e-6260-429d-bc1c-9a0ef13d8d90', 'Classic Country', '978d41ee-1f38-4c84-8826-8e62bc5ba109', CAST('2024-09-13T00:00:00' AS DateTime2), CAST('2024-09-13T00:00:00' AS DateTime2), NULL),
('2e00e477-10f0-4c87-b94e-7a89369c01d0', 'R&B Hits', '978d41ee-1f38-4c84-8826-8e62bc5ba109', CAST('2024-09-14T00:00:00' AS DateTime2), CAST('2024-09-14T00:00:00' AS DateTime2), NULL),

('d44a6e92-4b19-4975-b0f3-1f75d9f7333e', 'Tech House Grooves', 'da189940-d09e-4587-9665-8efdf10684dd', CAST('2024-09-15T00:00:00' AS DateTime2), CAST('2024-09-15T00:00:00' AS DateTime2), NULL),
('21e84a8f-b8d7-489b-bd1f-4b8c8e14cb4c', 'Reggae Vibes', 'da189940-d09e-4587-9665-8efdf10684dd', CAST('2024-09-16T00:00:00' AS DateTime2), CAST('2024-09-16T00:00:00' AS DateTime2), NULL),
('7e9cba7c-1a0a-4c9b-87e3-64fc8739fcfd', 'Latin Grooves', 'da189940-d09e-4587-9665-8efdf10684dd', CAST('2024-09-17T00:00:00' AS DateTime2), CAST('2024-09-17T00:00:00' AS DateTime2), NULL),
('b4e51dc4-25e4-4d29-b0ee-ef758488dd4b', 'Cinematic Soundscapes', 'da189940-d09e-4587-9665-8efdf10684dd', CAST('2024-09-18T00:00:00' AS DateTime2), CAST('2024-09-18T00:00:00' AS DateTime2), NULL),
('5d8e8e1c-2799-4e34-8a09-b13b7595a497', 'Classic Jazz', 'da189940-d09e-4587-9665-8efdf10684dd', CAST('2024-09-19T00:00:00' AS DateTime2), CAST('2024-09-19T00:00:00' AS DateTime2), CAST('2024-09-19T12:00:00' AS DateTime2));

INSERT INTO [dbo].[PlaylistSong] ([PlaylistsId], [SongsId]) VALUES
('239d050b-b59c-47e0-9e1a-ab5faf6f903e', '64f534f8-f2d4-4402-95a3-54de48b678a8'),
('239d050b-b59c-47e0-9e1a-ab5faf6f903e', '278cfa5a-6f44-420e-9930-07da6c43a6ad'),
('67b394ad-aeba-4804-be29-71fc4ebd37c8', '7ef7351b-912e-4a64-ba6d-cfdfcb7d56af'),
('67b394ad-aeba-4804-be29-71fc4ebd37c8', '03b3fb9f-38af-4074-8ab5-b9644ab44397'),
('25fc284d-9ad3-462e-8947-9a46f1bb7bde', '3aff8c17-3c98-44ed-a849-1976d2c4a91a'),
('25fc284d-9ad3-462e-8947-9a46f1bb7bde', 'e7b0024e-cc97-46a8-bd3a-450607eebe3c'),
('db73836b-b090-4b9e-979c-f02e712a4941', '8a5f664a-c72d-46b2-b12b-b38e4a5ec67f'),
('db73836b-b090-4b9e-979c-f02e712a4941', '83b64a87-6bc5-4b61-9121-505f37b81682'),
('883b32f5-6f45-4e36-aae4-271b40322445', '23abfe5e-e938-4bf5-93d4-202e2fa3aa3e'),
('883b32f5-6f45-4e36-aae4-271b40322445', '48f88f8f-c393-4bda-9812-a748486f404e'),
('a9f4b39f-c273-41e1-a82f-544e4c287192', 'eb6c8e4c-502e-45b4-9a69-387e33cdadb1'),
('a9f4b39f-c273-41e1-a82f-544e4c287192', '68b0682b-9ac7-42a2-873a-8e9874e12953'),
('49ea6e91-4033-49bd-9275-24292ee36bb8', '1e43835a-4902-4d12-abaf-0bc8f2dae2aa'),
('49ea6e91-4033-49bd-9275-24292ee36bb8', '19dc1564-8c00-4377-95db-16535a80610a'),
('f1d2f01e-dcb1-46e5-bb3c-a6a0cbd280f3', 'b26a4472-db66-4bec-926d-bb53f31083c2'),
('f1d2f01e-dcb1-46e5-bb3c-a6a0cbd280f3', 'e91a010d-0fa4-4801-bee5-1974e87ab3d2'),
('20a85f02-c737-4f5e-ab72-e1512e1177d1', '469b6456-1157-43da-a275-88c983fcee9d'),
('20a85f02-c737-4f5e-ab72-e1512e1177d1', 'c23a762d-0f9f-43b9-8a6a-7a34421ee042'),
('c012c843-ca72-4121-b818-4b38d03be24b', '80b291d4-5306-4879-8aa1-fec2ea4b6516'),
('c012c843-ca72-4121-b818-4b38d03be24b', '81acd1bf-e6f3-44c4-ad24-c47dc22adc60'),
('c6c1b55d-b30f-49e1-af8d-beeff7b76b24', '0e13b758-e1dc-4f5a-a481-de9ab43934f1'),
('c6c1b55d-b30f-49e1-af8d-beeff7b76b24', '9acfdf82-5ffd-474d-8303-b22a2a9ce0f8'),
('55fca191-e4fc-43da-a576-1a867256e65d', '586efb75-57ab-43ca-9b85-3bdeeae3ae19'),
('55fca191-e4fc-43da-a576-1a867256e65d', 'e4be062f-b594-4580-b514-d9d6cdaf2933'),
('514b9ab3-0a63-4219-8989-9b3dd6422005', '0500418e-bfad-4cd1-860d-994cbdc9e2df'),
('514b9ab3-0a63-4219-8989-9b3dd6422005', 'bc81df0c-573b-4269-ac2c-2b2667967dbb'),
('e8560429-a622-473a-9646-bfcaac9cc934', '866d5272-594d-423d-b702-cfccbe7a8e44'),
('e8560429-a622-473a-9646-bfcaac9cc934', '5231566f-373d-46a2-af0f-62e1a9ea643b'),
('677abd5c-33e0-4553-9be7-f8be825e7afe', '70eb9a4b-be40-4b01-8534-796bb5f02d90'),
('677abd5c-33e0-4553-9be7-f8be825e7afe', 'bb5f149f-8e45-455c-91d1-97639e96f671'),
('1b6de32d-f60e-45ee-9d96-dcec12fe6525', '4a88b128-2471-4f25-b51a-136363ddbe7d'),
('1b6de32d-f60e-45ee-9d96-dcec12fe6525', '84b69406-d92e-4feb-a313-f1f373f1958c'),
('4c8747b0-e5a6-48e4-af5c-bdebbe041daa', 'ded148fc-19d8-478a-9060-0b4543727d37'),
('4c8747b0-e5a6-48e4-af5c-bdebbe041daa', '92388b4d-6ff6-4500-9b02-24d4227f3a28'),
('ab9ee809-25a5-4c16-8f04-1c9ee63c7784', 'e1817fb5-5fb6-44aa-abbf-eda52cc578d7'),
('ab9ee809-25a5-4c16-8f04-1c9ee63c7784', '9a5f706f-ae38-418d-b911-77559d20e076'),
('01de5998-2c9f-40c5-8766-0d17103da4a0', '01db55cc-7d06-4778-b9c1-7ccdc3e3cd13'),
('01de5998-2c9f-40c5-8766-0d17103da4a0', 'f80a900f-e0a5-4cc3-8adf-27c6309b81ca'),
('309ba8a0-3a2a-44fd-b359-1058defb3c75', 'd6a31188-c1b8-4976-b372-aced401f2347'),
('309ba8a0-3a2a-44fd-b359-1058defb3c75', '8f0191bc-a242-4cb0-a9ba-38f48e823e54'),
('ca6f3c65-8051-48a5-8c36-adbfc1a6ac1c', 'c80e5abb-3759-49eb-8cbe-c2b7ff742072'),
('ca6f3c65-8051-48a5-8c36-adbfc1a6ac1c', 'f1647832-8eb1-460d-a5ae-c9fac5e2cd5d'),
('80759f9e-c756-4ae1-abcc-c5b300c4890f', 'e3d3e750-7179-4189-9c19-fd546c4493c5'),
('80759f9e-c756-4ae1-abcc-c5b300c4890f', '2a14abb5-4eea-46e2-bb70-2cf907acbf09'),
('07919c9c-2642-4a31-8200-e978052c4d7e', '8f764924-0f7a-49e0-a39d-d29f9c3b1161'),
('07919c9c-2642-4a31-8200-e978052c4d7e', '2dec0615-0284-4260-a0f8-44baa2954bc4'),
('cd410a0f-e3dc-4cd9-99b8-ecbd540bb19c', '55bce552-42e3-4ae9-96d2-6df192f2ac50'),
('cd410a0f-e3dc-4cd9-99b8-ecbd540bb19c', '7aaaf887-d5e5-47b6-b14b-6dfb7e423ea8'),
('a3d00a7e-fc57-4666-b45a-0977ed204df5', 'f7a5b648-8efe-41a8-8407-a9a76d8eb6fc'),
('a3d00a7e-fc57-4666-b45a-0977ed204df5', '25d27dd1-8add-421e-93e0-ba7d964ff990'),
('e0b1dfed-0a04-439b-8d85-c0f0f1d34b69', '93218e81-668d-4697-ab5b-e9e04cc9732d'),
('e0b1dfed-0a04-439b-8d85-c0f0f1d34b69', '3e5f72f3-c2f9-4771-99c8-5a5ced274ed7'),
('6f3d74c7-50f4-4a28-a17c-1cb1f549ce59', 'c00dd550-41aa-41e3-890e-abf3c937e62f'),
('6f3d74c7-50f4-4a28-a17c-1cb1f549ce59', 'bd5e6040-ba62-4a5d-aeda-ba81f6f46eea'),
('5b82d124-78a2-4638-b865-2ef7e7d6a0d2', '448f0c35-54b1-4bd3-9a37-24b350b50d0f'),
('5b82d124-78a2-4638-b865-2ef7e7d6a0d2', '835cb2dd-fb45-4605-9445-a2d14d2fba7b'),
('f5729d38-03c3-4a27-8d63-e43a4e5276c3', 'd38a98c4-5cc7-45a2-93c0-4d03ff9cb496'),
('f5729d38-03c3-4a27-8d63-e43a4e5276c3', '34531668-8c68-4ebd-a6a7-36645e9bac97'),
('6e4c1e87-e4ff-4b43-9ad7-94f6243b058a', 'f2c126f4-0b32-46b1-a293-e4d53fd70d0f'),
('6e4c1e87-e4ff-4b43-9ad7-94f6243b058a', '095f7293-c7b5-4c29-9112-4aa24a8c063a'),
('9f64cf15-5a3e-4a73-80c3-74851d18a2f5', '1a4c8801-de6e-4787-b940-69ec4b9e8ad1'),
('9f64cf15-5a3e-4a73-80c3-74851d18a2f5', 'a1f09d89-9f92-4531-ae83-7d595da08138'),
('b3a3c9ea-c78e-44c0-9274-4b3c8f825ae4', '923182ab-0058-40ea-a878-f6ba3dad4f74'),
('b3a3c9ea-c78e-44c0-9274-4b3c8f825ae4', '3c15b1af-8b00-4356-ae83-873a553d99c6'),
('5fa03b7b-16b7-4b3b-b26d-42688d809a1e', '3dab7f91-33f3-4271-a2ff-d9b5eb232068'),
('5fa03b7b-16b7-4b3b-b26d-42688d809a1e', '74316db6-7ad9-4570-b837-136944e986ad'),
('84b4f63d-dbb6-4d2f-b28b-fbcff91b4c4f', '4cf28277-1496-4420-ac8a-9c24e1e41181'),
('84b4f63d-dbb6-4d2f-b28b-fbcff91b4c4f', '9a9e7afb-d32b-4975-a7ed-d0174761e6e7'),
('7d2a7e6b-dc63-4b67-8e9a-53f020f6c2c0', 'ad372f33-1ace-46da-b3ef-f9156398a019'),
('7d2a7e6b-dc63-4b67-8e9a-53f020f6c2c0', 'bc795075-07ac-4458-a8a2-56b7d8ab0437'),
('f54937f3-3a34-4a5e-92af-fd13f3e46b22', '72c4be16-5b12-432b-8cec-4fa162788527'),
('f54937f3-3a34-4a5e-92af-fd13f3e46b22', 'f111ef40-05d2-4e04-9856-d63fade4a12d'),
('9ac9c8a7-2ff6-4187-91bb-c6cfcf26ab1b', 'f027a18c-3164-42a2-b49b-f299a1477798'),
('9ac9c8a7-2ff6-4187-91bb-c6cfcf26ab1b', 'a19c9d5d-5999-4972-aca8-1990d6c854ea'),
('02c1834c-82fd-49dc-8b14-9d80b28cbb34', '46d680bc-036d-4e72-bb12-1d8ed212c83a'),
('02c1834c-82fd-49dc-8b14-9d80b28cbb34', '8f162292-9e44-4003-97b8-86fe410c486a'),
('fbb4d8cb-36b7-464b-9250-b75c1c42e56f', 'b2c5d58f-9983-48c5-8a1e-96dafdb3307c'),
('fbb4d8cb-36b7-464b-9250-b75c1c42e56f', 'd7cc064f-70a0-43ad-bd86-8d200580d6b8'),
('bcb58a94-2d6a-4f5a-a9ac-5675b756fbfa', 'daf6789f-eb96-423c-9958-82ba17c4517a'),
('bcb58a94-2d6a-4f5a-a9ac-5675b756fbfa', '5248af81-7450-48a8-bce9-d179a79101b3'),
('3ef67e29-7a5d-4b5c-9e68-b2e23d7343e6', 'a8bdf565-b0d2-46dd-aa34-fedd762ff61c'),
('3ef67e29-7a5d-4b5c-9e68-b2e23d7343e6', 'be8f4a76-9966-4b2f-95ef-067dd7879655'),
('2fc6f4b6-5a9a-4f23-87d1-9a4d82e3b8d2', '5904e413-0619-4099-afbc-71e133a68511'),
('2fc6f4b6-5a9a-4f23-87d1-9a4d82e3b8d2', 'a5780fe8-4708-4574-a3de-416064b970d1'),
('b33cfe86-4d4b-40b8-85c3-cf80e14f8d36', '212c0538-0cb2-4126-bcc9-baaa8265afb2'),
('b33cfe86-4d4b-40b8-85c3-cf80e14f8d36', '748d7f2c-0e5d-45cd-8f5d-77da302bbc0c'),
('4f4dbb4e-6260-429d-bc1c-9a0ef13d8d90', '3a2b8ce7-e279-42dd-8905-a42d35bf6fa0'),
('4f4dbb4e-6260-429d-bc1c-9a0ef13d8d90', 'af20c27b-e20c-459a-bbde-7603fc8715fc'),
('2e00e477-10f0-4c87-b94e-7a89369c01d0', 'a23d5a35-4168-40d2-a8eb-cd15f71f120c'),
('2e00e477-10f0-4c87-b94e-7a89369c01d0', '8b39efa4-ce8d-4617-84e7-45bf095c290a'),
('d44a6e92-4b19-4975-b0f3-1f75d9f7333e', 'e5b2ec61-7152-4f1b-bfbb-4a05a9d8b227'),
('d44a6e92-4b19-4975-b0f3-1f75d9f7333e', 'b2c1d43d-78b7-4d82-9e4e-e852018c1e82'),
('21e84a8f-b8d7-489b-bd1f-4b8c8e14cb4c', '5b447453-56d5-418e-8af2-8c15594d67eb'),
('21e84a8f-b8d7-489b-bd1f-4b8c8e14cb4c', '282bd513-06b1-42a6-ba38-689e934ca254'),
('7e9cba7c-1a0a-4c9b-87e3-64fc8739fcfd', '4a3da028-5eff-4f76-a9e4-7959fbd62dc3'),
('7e9cba7c-1a0a-4c9b-87e3-64fc8739fcfd', '55e26296-3afb-47aa-b9ce-c45993d3698b'),
('b4e51dc4-25e4-4d29-b0ee-ef758488dd4b', 'f45ef653-8cf8-470d-9b68-39e18ce83b56'),
('b4e51dc4-25e4-4d29-b0ee-ef758488dd4b', 'edcd516d-5da1-4dd6-bdeb-5cfefd2cd073'),
('5d8e8e1c-2799-4e34-8a09-b13b7595a497', '599b474a-99ce-48f1-92a8-fb5711b46369'),
('5d8e8e1c-2799-4e34-8a09-b13b7595a497', '0f43a456-5674-433b-b7b4-4406131f5a7f');

INSERT [dbo].[UsersArtists] ([UserId], [ArtistId], [IsFollowing]) VALUES
('0a9e546f-38b4-4dbf-a482-24a82169890e', '4e75ecdd-aafe-4c35-836b-1b83fc7b8f88', 0),
('0a9e546f-38b4-4dbf-a482-24a82169890e', '8c301aa9-6d56-4c06-b1f2-9b9956979345', 0),
('0a9e546f-38b4-4dbf-a482-24a82169890e', 'fc3e6343-6f10-42e8-91c9-2d36c0154c42', 0),
('0a9e546f-38b4-4dbf-a482-24a82169890e', '96de52c4-7dbf-4db1-baed-255c8f9215db', 0),
('0a9e546f-38b4-4dbf-a482-24a82169890e', '66c4b36e-0fac-4911-9e9a-98d42d8ece10', 0),
('0a9e546f-38b4-4dbf-a482-24a82169890e', '1d9d1b54-6430-45c5-85d6-ae4d2288223f', 0),
('0a9e546f-38b4-4dbf-a482-24a82169890e', '6fbd52c1-d395-4349-975b-70916be1b8d0', 0),
('0a9e546f-38b4-4dbf-a482-24a82169890e', 'b37cefef-c6d2-49a7-8b12-cdeacf5fe4c1', 0),
('0a9e546f-38b4-4dbf-a482-24a82169890e', '08af1af0-b71e-44bc-b5d3-82dab55d6b81', 0),
('0a9e546f-38b4-4dbf-a482-24a82169890e', '2f715aa4-7597-4f8e-9594-1f0245d16a97', 0),
('0a9e546f-38b4-4dbf-a482-24a82169890e', '6a1e646b-e42d-4336-88c6-cb44d5f50682', 0),
('0a9e546f-38b4-4dbf-a482-24a82169890e', '3f7b8c31-2f1f-4a5b-8b01-3395bf4c0931', 0),
('0a9e546f-38b4-4dbf-a482-24a82169890e', '3a448c5a-e1c8-456e-955f-ed2f98d87aa6', 0),
('0a9e546f-38b4-4dbf-a482-24a82169890e', '9e198401-4c15-4d2d-b9fb-63001bee256e', 0),
('0a9e546f-38b4-4dbf-a482-24a82169890e', '60d224af-d862-43e5-b6f8-9c977feb2cfe', 0),
('0a9e546f-38b4-4dbf-a482-24a82169890e', 'e5b25542-e19b-4661-a5e8-72fa34bfb7c9', 0),
('0a9e546f-38b4-4dbf-a482-24a82169890e', 'bdfd8e1e-09f2-4a2b-a2ec-6381b3f63616', 0),
('0a9e546f-38b4-4dbf-a482-24a82169890e', '7aeef64b-accf-4e2c-8009-1e62cbc85689', 0),
('0a9e546f-38b4-4dbf-a482-24a82169890e', 'f33a1cf0-5c51-4b65-a0fe-88d28cb33155', 0),
('0a9e546f-38b4-4dbf-a482-24a82169890e', '124f550a-50d0-4f6a-b445-1b9a31a48571', 0),
('0a9e546f-38b4-4dbf-a482-24a82169890e', 'dc3f0a12-0809-4fec-b70d-8a2035fc3cf0', 0),
('0a9e546f-38b4-4dbf-a482-24a82169890e', '90d3f8b5-a0fd-4616-a5ed-ebea0340b29f', 0),
('0a9e546f-38b4-4dbf-a482-24a82169890e', '2f41b1f0-bf26-406f-95ff-e29ee92b5a3a', 0),
('0a9e546f-38b4-4dbf-a482-24a82169890e', '6a9fcd23-2c91-4a32-a3c2-f44e35f1a421', 0),
('0a9e546f-38b4-4dbf-a482-24a82169890e', '4b6e5e08-93b2-4f37-8c80-f59c662153e4', 0),
('0a9e546f-38b4-4dbf-a482-24a82169890e', '0f9d6cf2-497e-48ff-b1fa-440678951c28', 0),
('0a9e546f-38b4-4dbf-a482-24a82169890e', 'e97b22b8-d9a1-4a5e-bfa1-6ba9cc0758cf', 0),
('0a9e546f-38b4-4dbf-a482-24a82169890e', '78322f23-3f6f-4420-ad26-3a014f5c5ea5', 0),
('0a9e546f-38b4-4dbf-a482-24a82169890e', '2a0c3b05-5f01-4b6b-84ea-b22f8bc301dc', 0),
('0a9e546f-38b4-4dbf-a482-24a82169890e', '4d905d70-95e3-4e76-bf59-ace2d3ec05ad', 0),
('0a9e546f-38b4-4dbf-a482-24a82169890e', '9cb82f47-a287-403a-a5c6-0f821d7d4c8a', 0),
('0a9e546f-38b4-4dbf-a482-24a82169890e', '0ac3e817-eda5-4a60-9e8c-6a82e2a3e5f3', 0),
('0a9e546f-38b4-4dbf-a482-24a82169890e', 'cd1f9668-1eed-4a1c-9894-f7b3e3b9b486', 0),
('0a9e546f-38b4-4dbf-a482-24a82169890e', 'f98851a4-dd7b-45df-83d2-77df1f53f678', 0),
('0a9e546f-38b4-4dbf-a482-24a82169890e', '2ba4fb8c-22d7-4ba6-9e95-1a1bfaa0fb4b', 0),
('0a9e546f-38b4-4dbf-a482-24a82169890e', 'bb90ec41-ce2d-4165-993b-c5ee2aabe8ce', 0),
('0a9e546f-38b4-4dbf-a482-24a82169890e', 'e1d9cee7-ecde-4d07-bc64-3cec9c3f7b04', 0),
('0a9e546f-38b4-4dbf-a482-24a82169890e', 'a89d646a-230a-43ee-bd42-7988a4f80711', 0),
('0a9e546f-38b4-4dbf-a482-24a82169890e', 'd2a3e8cf-b32d-4abe-9ae8-6ce7a89d2f64', 0),
('0a9e546f-38b4-4dbf-a482-24a82169890e', 'fe3b72a5-0aa0-49f3-8407-accf2b081227', 0),
('0a9e546f-38b4-4dbf-a482-24a82169890e', '1e00d247-6e57-413e-9ede-d4835f5cfbd1', 0),
('0a9e546f-38b4-4dbf-a482-24a82169890e', 'f32c8b31-d086-4d22-95e3-efb8e6cebbd8', 0),
('0a9e546f-38b4-4dbf-a482-24a82169890e', '6ab42fcb-33e8-4f13-ba58-c1ad5d98d543', 0),
('0a9e546f-38b4-4dbf-a482-24a82169890e', '99aa6f02-c3c4-44fa-aa2a-23f31c2f355b', 0),
('0a9e546f-38b4-4dbf-a482-24a82169890e', 'f4f1479f-ccb7-4519-a636-fd3f1f8f921c', 0),
('0a9e546f-38b4-4dbf-a482-24a82169890e', 'd41d8cd9-245e-45ff-a5a7-d5d80a42f118', 0),
('0a9e546f-38b4-4dbf-a482-24a82169890e', '98087cf2-9ae8-46b8-9bba-4cd0f63c8c08', 0),
('0a9e546f-38b4-4dbf-a482-24a82169890e', 'da17e22b-8b95-4f85-83d3-57a1ec9613e7', 0),
('0a9e546f-38b4-4dbf-a482-24a82169890e', '3c16dffc-25a0-45ac-804d-cfcfbe730f1b', 0),
('0a9e546f-38b4-4dbf-a482-24a82169890e', '4fa7fb3d-1aa8-4e91-ba7a-6f4781c01d41', 0),

('7eb88892-549b-4cae-90be-c52088354643', '4e75ecdd-aafe-4c35-836b-1b83fc7b8f88', 0),
('7eb88892-549b-4cae-90be-c52088354643', '8c301aa9-6d56-4c06-b1f2-9b9956979345', 0),
('7eb88892-549b-4cae-90be-c52088354643', 'fc3e6343-6f10-42e8-91c9-2d36c0154c42', 0),
('7eb88892-549b-4cae-90be-c52088354643', '96de52c4-7dbf-4db1-baed-255c8f9215db', 0),
('7eb88892-549b-4cae-90be-c52088354643', '66c4b36e-0fac-4911-9e9a-98d42d8ece10', 0),
('7eb88892-549b-4cae-90be-c52088354643', '1d9d1b54-6430-45c5-85d6-ae4d2288223f', 0),
('7eb88892-549b-4cae-90be-c52088354643', '6fbd52c1-d395-4349-975b-70916be1b8d0', 0),
('7eb88892-549b-4cae-90be-c52088354643', 'b37cefef-c6d2-49a7-8b12-cdeacf5fe4c1', 0),
('7eb88892-549b-4cae-90be-c52088354643', '08af1af0-b71e-44bc-b5d3-82dab55d6b81', 0),
('7eb88892-549b-4cae-90be-c52088354643', '2f715aa4-7597-4f8e-9594-1f0245d16a97', 0),
('7eb88892-549b-4cae-90be-c52088354643', '6a1e646b-e42d-4336-88c6-cb44d5f50682', 0),
('7eb88892-549b-4cae-90be-c52088354643', '3f7b8c31-2f1f-4a5b-8b01-3395bf4c0931', 0),
('7eb88892-549b-4cae-90be-c52088354643', '3a448c5a-e1c8-456e-955f-ed2f98d87aa6', 0),
('7eb88892-549b-4cae-90be-c52088354643', '9e198401-4c15-4d2d-b9fb-63001bee256e', 0),
('7eb88892-549b-4cae-90be-c52088354643', '60d224af-d862-43e5-b6f8-9c977feb2cfe', 0),
('7eb88892-549b-4cae-90be-c52088354643', 'e5b25542-e19b-4661-a5e8-72fa34bfb7c9', 0),
('7eb88892-549b-4cae-90be-c52088354643', 'bdfd8e1e-09f2-4a2b-a2ec-6381b3f63616', 0),
('7eb88892-549b-4cae-90be-c52088354643', '7aeef64b-accf-4e2c-8009-1e62cbc85689', 0),
('7eb88892-549b-4cae-90be-c52088354643', 'f33a1cf0-5c51-4b65-a0fe-88d28cb33155', 0),
('7eb88892-549b-4cae-90be-c52088354643', '124f550a-50d0-4f6a-b445-1b9a31a48571', 0),
('7eb88892-549b-4cae-90be-c52088354643', 'dc3f0a12-0809-4fec-b70d-8a2035fc3cf0', 0),
('7eb88892-549b-4cae-90be-c52088354643', '90d3f8b5-a0fd-4616-a5ed-ebea0340b29f', 0),
('7eb88892-549b-4cae-90be-c52088354643', '2f41b1f0-bf26-406f-95ff-e29ee92b5a3a', 0),
('7eb88892-549b-4cae-90be-c52088354643', '6a9fcd23-2c91-4a32-a3c2-f44e35f1a421', 0),
('7eb88892-549b-4cae-90be-c52088354643', '4b6e5e08-93b2-4f37-8c80-f59c662153e4', 0),
('7eb88892-549b-4cae-90be-c52088354643', '0f9d6cf2-497e-48ff-b1fa-440678951c28', 0),
('7eb88892-549b-4cae-90be-c52088354643', 'e97b22b8-d9a1-4a5e-bfa1-6ba9cc0758cf', 0),
('7eb88892-549b-4cae-90be-c52088354643', '78322f23-3f6f-4420-ad26-3a014f5c5ea5', 0),
('7eb88892-549b-4cae-90be-c52088354643', '2a0c3b05-5f01-4b6b-84ea-b22f8bc301dc', 0),
('7eb88892-549b-4cae-90be-c52088354643', '4d905d70-95e3-4e76-bf59-ace2d3ec05ad', 0),
('7eb88892-549b-4cae-90be-c52088354643', '9cb82f47-a287-403a-a5c6-0f821d7d4c8a', 0),
('7eb88892-549b-4cae-90be-c52088354643', '0ac3e817-eda5-4a60-9e8c-6a82e2a3e5f3', 0),
('7eb88892-549b-4cae-90be-c52088354643', 'cd1f9668-1eed-4a1c-9894-f7b3e3b9b486', 0),
('7eb88892-549b-4cae-90be-c52088354643', 'f98851a4-dd7b-45df-83d2-77df1f53f678', 0),
('7eb88892-549b-4cae-90be-c52088354643', '2ba4fb8c-22d7-4ba6-9e95-1a1bfaa0fb4b', 0),
('7eb88892-549b-4cae-90be-c52088354643', 'bb90ec41-ce2d-4165-993b-c5ee2aabe8ce', 0),
('7eb88892-549b-4cae-90be-c52088354643', 'e1d9cee7-ecde-4d07-bc64-3cec9c3f7b04', 0),
('7eb88892-549b-4cae-90be-c52088354643', 'a89d646a-230a-43ee-bd42-7988a4f80711', 0),
('7eb88892-549b-4cae-90be-c52088354643', 'd2a3e8cf-b32d-4abe-9ae8-6ce7a89d2f64', 0),
('7eb88892-549b-4cae-90be-c52088354643', 'fe3b72a5-0aa0-49f3-8407-accf2b081227', 0),
('7eb88892-549b-4cae-90be-c52088354643', '1e00d247-6e57-413e-9ede-d4835f5cfbd1', 0),
('7eb88892-549b-4cae-90be-c52088354643', 'f32c8b31-d086-4d22-95e3-efb8e6cebbd8', 0),
('7eb88892-549b-4cae-90be-c52088354643', '6ab42fcb-33e8-4f13-ba58-c1ad5d98d543', 0),
('7eb88892-549b-4cae-90be-c52088354643', '99aa6f02-c3c4-44fa-aa2a-23f31c2f355b', 0),
('7eb88892-549b-4cae-90be-c52088354643', 'f4f1479f-ccb7-4519-a636-fd3f1f8f921c', 0),
('7eb88892-549b-4cae-90be-c52088354643', 'd41d8cd9-245e-45ff-a5a7-d5d80a42f118', 0),
('7eb88892-549b-4cae-90be-c52088354643', '98087cf2-9ae8-46b8-9bba-4cd0f63c8c08', 0),
('7eb88892-549b-4cae-90be-c52088354643', 'da17e22b-8b95-4f85-83d3-57a1ec9613e7', 0),
('7eb88892-549b-4cae-90be-c52088354643', '3c16dffc-25a0-45ac-804d-cfcfbe730f1b', 0),
('7eb88892-549b-4cae-90be-c52088354643', '4fa7fb3d-1aa8-4e91-ba7a-6f4781c01d41', 0),

('36712aa4-77f0-4510-8425-cf53dad54840', '4e75ecdd-aafe-4c35-836b-1b83fc7b8f88', 0),
('36712aa4-77f0-4510-8425-cf53dad54840', '8c301aa9-6d56-4c06-b1f2-9b9956979345', 0),
('36712aa4-77f0-4510-8425-cf53dad54840', 'fc3e6343-6f10-42e8-91c9-2d36c0154c42', 0),
('36712aa4-77f0-4510-8425-cf53dad54840', '96de52c4-7dbf-4db1-baed-255c8f9215db', 0),
('36712aa4-77f0-4510-8425-cf53dad54840', '66c4b36e-0fac-4911-9e9a-98d42d8ece10', 0),
('36712aa4-77f0-4510-8425-cf53dad54840', '1d9d1b54-6430-45c5-85d6-ae4d2288223f', 0),
('36712aa4-77f0-4510-8425-cf53dad54840', '6fbd52c1-d395-4349-975b-70916be1b8d0', 0),
('36712aa4-77f0-4510-8425-cf53dad54840', 'b37cefef-c6d2-49a7-8b12-cdeacf5fe4c1', 0),
('36712aa4-77f0-4510-8425-cf53dad54840', '08af1af0-b71e-44bc-b5d3-82dab55d6b81', 0),
('36712aa4-77f0-4510-8425-cf53dad54840', '2f715aa4-7597-4f8e-9594-1f0245d16a97', 0),
('36712aa4-77f0-4510-8425-cf53dad54840', '6a1e646b-e42d-4336-88c6-cb44d5f50682', 0),
('36712aa4-77f0-4510-8425-cf53dad54840', '3f7b8c31-2f1f-4a5b-8b01-3395bf4c0931', 0),
('36712aa4-77f0-4510-8425-cf53dad54840', '3a448c5a-e1c8-456e-955f-ed2f98d87aa6', 0),
('36712aa4-77f0-4510-8425-cf53dad54840', '9e198401-4c15-4d2d-b9fb-63001bee256e', 0),
('36712aa4-77f0-4510-8425-cf53dad54840', '60d224af-d862-43e5-b6f8-9c977feb2cfe', 0),
('36712aa4-77f0-4510-8425-cf53dad54840', 'e5b25542-e19b-4661-a5e8-72fa34bfb7c9', 0),
('36712aa4-77f0-4510-8425-cf53dad54840', 'bdfd8e1e-09f2-4a2b-a2ec-6381b3f63616', 0),
('36712aa4-77f0-4510-8425-cf53dad54840', '7aeef64b-accf-4e2c-8009-1e62cbc85689', 0),
('36712aa4-77f0-4510-8425-cf53dad54840', 'f33a1cf0-5c51-4b65-a0fe-88d28cb33155', 0),
('36712aa4-77f0-4510-8425-cf53dad54840', '124f550a-50d0-4f6a-b445-1b9a31a48571', 0),
('36712aa4-77f0-4510-8425-cf53dad54840', 'dc3f0a12-0809-4fec-b70d-8a2035fc3cf0', 0),
('36712aa4-77f0-4510-8425-cf53dad54840', '90d3f8b5-a0fd-4616-a5ed-ebea0340b29f', 0),
('36712aa4-77f0-4510-8425-cf53dad54840', '2f41b1f0-bf26-406f-95ff-e29ee92b5a3a', 0),
('36712aa4-77f0-4510-8425-cf53dad54840', '6a9fcd23-2c91-4a32-a3c2-f44e35f1a421', 0),
('36712aa4-77f0-4510-8425-cf53dad54840', '4b6e5e08-93b2-4f37-8c80-f59c662153e4', 0),
('36712aa4-77f0-4510-8425-cf53dad54840', '0f9d6cf2-497e-48ff-b1fa-440678951c28', 0),
('36712aa4-77f0-4510-8425-cf53dad54840', 'e97b22b8-d9a1-4a5e-bfa1-6ba9cc0758cf', 0),
('36712aa4-77f0-4510-8425-cf53dad54840', '78322f23-3f6f-4420-ad26-3a014f5c5ea5', 0),
('36712aa4-77f0-4510-8425-cf53dad54840', '2a0c3b05-5f01-4b6b-84ea-b22f8bc301dc', 0),
('36712aa4-77f0-4510-8425-cf53dad54840', '4d905d70-95e3-4e76-bf59-ace2d3ec05ad', 0),
('36712aa4-77f0-4510-8425-cf53dad54840', '9cb82f47-a287-403a-a5c6-0f821d7d4c8a', 0),
('36712aa4-77f0-4510-8425-cf53dad54840', '0ac3e817-eda5-4a60-9e8c-6a82e2a3e5f3', 0),
('36712aa4-77f0-4510-8425-cf53dad54840', 'cd1f9668-1eed-4a1c-9894-f7b3e3b9b486', 0),
('36712aa4-77f0-4510-8425-cf53dad54840', 'f98851a4-dd7b-45df-83d2-77df1f53f678', 0),
('36712aa4-77f0-4510-8425-cf53dad54840', '2ba4fb8c-22d7-4ba6-9e95-1a1bfaa0fb4b', 0),
('36712aa4-77f0-4510-8425-cf53dad54840', 'bb90ec41-ce2d-4165-993b-c5ee2aabe8ce', 0),
('36712aa4-77f0-4510-8425-cf53dad54840', 'e1d9cee7-ecde-4d07-bc64-3cec9c3f7b04', 0),
('36712aa4-77f0-4510-8425-cf53dad54840', 'a89d646a-230a-43ee-bd42-7988a4f80711', 0),
('36712aa4-77f0-4510-8425-cf53dad54840', 'd2a3e8cf-b32d-4abe-9ae8-6ce7a89d2f64', 0),
('36712aa4-77f0-4510-8425-cf53dad54840', 'fe3b72a5-0aa0-49f3-8407-accf2b081227', 0),
('36712aa4-77f0-4510-8425-cf53dad54840', '1e00d247-6e57-413e-9ede-d4835f5cfbd1', 0),
('36712aa4-77f0-4510-8425-cf53dad54840', 'f32c8b31-d086-4d22-95e3-efb8e6cebbd8', 0),
('36712aa4-77f0-4510-8425-cf53dad54840', '6ab42fcb-33e8-4f13-ba58-c1ad5d98d543', 0),
('36712aa4-77f0-4510-8425-cf53dad54840', '99aa6f02-c3c4-44fa-aa2a-23f31c2f355b', 0),
('36712aa4-77f0-4510-8425-cf53dad54840', 'f4f1479f-ccb7-4519-a636-fd3f1f8f921c', 0),
('36712aa4-77f0-4510-8425-cf53dad54840', 'd41d8cd9-245e-45ff-a5a7-d5d80a42f118', 0),
('36712aa4-77f0-4510-8425-cf53dad54840', '98087cf2-9ae8-46b8-9bba-4cd0f63c8c08', 0),
('36712aa4-77f0-4510-8425-cf53dad54840', 'da17e22b-8b95-4f85-83d3-57a1ec9613e7', 0),
('36712aa4-77f0-4510-8425-cf53dad54840', '3c16dffc-25a0-45ac-804d-cfcfbe730f1b', 0),
('36712aa4-77f0-4510-8425-cf53dad54840', '4fa7fb3d-1aa8-4e91-ba7a-6f4781c01d41', 0),

('cb83d524-2016-4ce3-965b-223af9e7ba99', '4e75ecdd-aafe-4c35-836b-1b83fc7b8f88', 0),
('cb83d524-2016-4ce3-965b-223af9e7ba99', '8c301aa9-6d56-4c06-b1f2-9b9956979345', 0),
('cb83d524-2016-4ce3-965b-223af9e7ba99', 'fc3e6343-6f10-42e8-91c9-2d36c0154c42', 0),
('cb83d524-2016-4ce3-965b-223af9e7ba99', '96de52c4-7dbf-4db1-baed-255c8f9215db', 0),
('cb83d524-2016-4ce3-965b-223af9e7ba99', '66c4b36e-0fac-4911-9e9a-98d42d8ece10', 0),
('cb83d524-2016-4ce3-965b-223af9e7ba99', '1d9d1b54-6430-45c5-85d6-ae4d2288223f', 0),
('cb83d524-2016-4ce3-965b-223af9e7ba99', '6fbd52c1-d395-4349-975b-70916be1b8d0', 0),
('cb83d524-2016-4ce3-965b-223af9e7ba99', 'b37cefef-c6d2-49a7-8b12-cdeacf5fe4c1', 0),
('cb83d524-2016-4ce3-965b-223af9e7ba99', '08af1af0-b71e-44bc-b5d3-82dab55d6b81', 0),
('cb83d524-2016-4ce3-965b-223af9e7ba99', '2f715aa4-7597-4f8e-9594-1f0245d16a97', 0),
('cb83d524-2016-4ce3-965b-223af9e7ba99', '6a1e646b-e42d-4336-88c6-cb44d5f50682', 0),
('cb83d524-2016-4ce3-965b-223af9e7ba99', '3f7b8c31-2f1f-4a5b-8b01-3395bf4c0931', 0),
('cb83d524-2016-4ce3-965b-223af9e7ba99', '3a448c5a-e1c8-456e-955f-ed2f98d87aa6', 0),
('cb83d524-2016-4ce3-965b-223af9e7ba99', '9e198401-4c15-4d2d-b9fb-63001bee256e', 0),
('cb83d524-2016-4ce3-965b-223af9e7ba99', '60d224af-d862-43e5-b6f8-9c977feb2cfe', 0),
('cb83d524-2016-4ce3-965b-223af9e7ba99', 'e5b25542-e19b-4661-a5e8-72fa34bfb7c9', 0),
('cb83d524-2016-4ce3-965b-223af9e7ba99', 'bdfd8e1e-09f2-4a2b-a2ec-6381b3f63616', 0),
('cb83d524-2016-4ce3-965b-223af9e7ba99', '7aeef64b-accf-4e2c-8009-1e62cbc85689', 0),
('cb83d524-2016-4ce3-965b-223af9e7ba99', 'f33a1cf0-5c51-4b65-a0fe-88d28cb33155', 0),
('cb83d524-2016-4ce3-965b-223af9e7ba99', '124f550a-50d0-4f6a-b445-1b9a31a48571', 0),
('cb83d524-2016-4ce3-965b-223af9e7ba99', 'dc3f0a12-0809-4fec-b70d-8a2035fc3cf0', 0),
('cb83d524-2016-4ce3-965b-223af9e7ba99', '90d3f8b5-a0fd-4616-a5ed-ebea0340b29f', 0),
('cb83d524-2016-4ce3-965b-223af9e7ba99', '2f41b1f0-bf26-406f-95ff-e29ee92b5a3a', 0),
('cb83d524-2016-4ce3-965b-223af9e7ba99', '6a9fcd23-2c91-4a32-a3c2-f44e35f1a421', 0),
('cb83d524-2016-4ce3-965b-223af9e7ba99', '4b6e5e08-93b2-4f37-8c80-f59c662153e4', 0),
('cb83d524-2016-4ce3-965b-223af9e7ba99', '0f9d6cf2-497e-48ff-b1fa-440678951c28', 0),
('cb83d524-2016-4ce3-965b-223af9e7ba99', 'e97b22b8-d9a1-4a5e-bfa1-6ba9cc0758cf', 0),
('cb83d524-2016-4ce3-965b-223af9e7ba99', '78322f23-3f6f-4420-ad26-3a014f5c5ea5', 0),
('cb83d524-2016-4ce3-965b-223af9e7ba99', '2a0c3b05-5f01-4b6b-84ea-b22f8bc301dc', 0),
('cb83d524-2016-4ce3-965b-223af9e7ba99', '4d905d70-95e3-4e76-bf59-ace2d3ec05ad', 0),
('cb83d524-2016-4ce3-965b-223af9e7ba99', '9cb82f47-a287-403a-a5c6-0f821d7d4c8a', 0),
('cb83d524-2016-4ce3-965b-223af9e7ba99', '0ac3e817-eda5-4a60-9e8c-6a82e2a3e5f3', 0),
('cb83d524-2016-4ce3-965b-223af9e7ba99', 'cd1f9668-1eed-4a1c-9894-f7b3e3b9b486', 0),
('cb83d524-2016-4ce3-965b-223af9e7ba99', 'f98851a4-dd7b-45df-83d2-77df1f53f678', 0),
('cb83d524-2016-4ce3-965b-223af9e7ba99', '2ba4fb8c-22d7-4ba6-9e95-1a1bfaa0fb4b', 0),
('cb83d524-2016-4ce3-965b-223af9e7ba99', 'bb90ec41-ce2d-4165-993b-c5ee2aabe8ce', 0),
('cb83d524-2016-4ce3-965b-223af9e7ba99', 'e1d9cee7-ecde-4d07-bc64-3cec9c3f7b04', 0),
('cb83d524-2016-4ce3-965b-223af9e7ba99', 'a89d646a-230a-43ee-bd42-7988a4f80711', 0),
('cb83d524-2016-4ce3-965b-223af9e7ba99', 'd2a3e8cf-b32d-4abe-9ae8-6ce7a89d2f64', 0),
('cb83d524-2016-4ce3-965b-223af9e7ba99', 'fe3b72a5-0aa0-49f3-8407-accf2b081227', 0),
('cb83d524-2016-4ce3-965b-223af9e7ba99', '1e00d247-6e57-413e-9ede-d4835f5cfbd1', 0),
('cb83d524-2016-4ce3-965b-223af9e7ba99', 'f32c8b31-d086-4d22-95e3-efb8e6cebbd8', 0),
('cb83d524-2016-4ce3-965b-223af9e7ba99', '6ab42fcb-33e8-4f13-ba58-c1ad5d98d543', 0),
('cb83d524-2016-4ce3-965b-223af9e7ba99', '99aa6f02-c3c4-44fa-aa2a-23f31c2f355b', 0),
('cb83d524-2016-4ce3-965b-223af9e7ba99', 'f4f1479f-ccb7-4519-a636-fd3f1f8f921c', 0),
('cb83d524-2016-4ce3-965b-223af9e7ba99', 'd41d8cd9-245e-45ff-a5a7-d5d80a42f118', 0),
('cb83d524-2016-4ce3-965b-223af9e7ba99', '98087cf2-9ae8-46b8-9bba-4cd0f63c8c08', 0),
('cb83d524-2016-4ce3-965b-223af9e7ba99', 'da17e22b-8b95-4f85-83d3-57a1ec9613e7', 0),
('cb83d524-2016-4ce3-965b-223af9e7ba99', '3c16dffc-25a0-45ac-804d-cfcfbe730f1b', 0),
('cb83d524-2016-4ce3-965b-223af9e7ba99', '4fa7fb3d-1aa8-4e91-ba7a-6f4781c01d41', 0),

('9c6a5f06-b1f0-4507-b2f8-955156a8bed6', '4e75ecdd-aafe-4c35-836b-1b83fc7b8f88', 0),
('9c6a5f06-b1f0-4507-b2f8-955156a8bed6', '8c301aa9-6d56-4c06-b1f2-9b9956979345', 0),
('9c6a5f06-b1f0-4507-b2f8-955156a8bed6', 'fc3e6343-6f10-42e8-91c9-2d36c0154c42', 0),
('9c6a5f06-b1f0-4507-b2f8-955156a8bed6', '96de52c4-7dbf-4db1-baed-255c8f9215db', 0),
('9c6a5f06-b1f0-4507-b2f8-955156a8bed6', '66c4b36e-0fac-4911-9e9a-98d42d8ece10', 0),
('9c6a5f06-b1f0-4507-b2f8-955156a8bed6', '1d9d1b54-6430-45c5-85d6-ae4d2288223f', 0),
('9c6a5f06-b1f0-4507-b2f8-955156a8bed6', '6fbd52c1-d395-4349-975b-70916be1b8d0', 0),
('9c6a5f06-b1f0-4507-b2f8-955156a8bed6', 'b37cefef-c6d2-49a7-8b12-cdeacf5fe4c1', 0),
('9c6a5f06-b1f0-4507-b2f8-955156a8bed6', '08af1af0-b71e-44bc-b5d3-82dab55d6b81', 0),
('9c6a5f06-b1f0-4507-b2f8-955156a8bed6', '2f715aa4-7597-4f8e-9594-1f0245d16a97', 0),
('9c6a5f06-b1f0-4507-b2f8-955156a8bed6', '6a1e646b-e42d-4336-88c6-cb44d5f50682', 0),
('9c6a5f06-b1f0-4507-b2f8-955156a8bed6', '3f7b8c31-2f1f-4a5b-8b01-3395bf4c0931', 0),
('9c6a5f06-b1f0-4507-b2f8-955156a8bed6', '3a448c5a-e1c8-456e-955f-ed2f98d87aa6', 0),
('9c6a5f06-b1f0-4507-b2f8-955156a8bed6', '9e198401-4c15-4d2d-b9fb-63001bee256e', 0),
('9c6a5f06-b1f0-4507-b2f8-955156a8bed6', '60d224af-d862-43e5-b6f8-9c977feb2cfe', 0),
('9c6a5f06-b1f0-4507-b2f8-955156a8bed6', 'e5b25542-e19b-4661-a5e8-72fa34bfb7c9', 0),
('9c6a5f06-b1f0-4507-b2f8-955156a8bed6', 'bdfd8e1e-09f2-4a2b-a2ec-6381b3f63616', 0),
('9c6a5f06-b1f0-4507-b2f8-955156a8bed6', '7aeef64b-accf-4e2c-8009-1e62cbc85689', 0),
('9c6a5f06-b1f0-4507-b2f8-955156a8bed6', 'f33a1cf0-5c51-4b65-a0fe-88d28cb33155', 0),
('9c6a5f06-b1f0-4507-b2f8-955156a8bed6', '124f550a-50d0-4f6a-b445-1b9a31a48571', 0),
('9c6a5f06-b1f0-4507-b2f8-955156a8bed6', 'dc3f0a12-0809-4fec-b70d-8a2035fc3cf0', 0),
('9c6a5f06-b1f0-4507-b2f8-955156a8bed6', '90d3f8b5-a0fd-4616-a5ed-ebea0340b29f', 0),
('9c6a5f06-b1f0-4507-b2f8-955156a8bed6', '2f41b1f0-bf26-406f-95ff-e29ee92b5a3a', 0),
('9c6a5f06-b1f0-4507-b2f8-955156a8bed6', '6a9fcd23-2c91-4a32-a3c2-f44e35f1a421', 0),
('9c6a5f06-b1f0-4507-b2f8-955156a8bed6', '4b6e5e08-93b2-4f37-8c80-f59c662153e4', 0),
('9c6a5f06-b1f0-4507-b2f8-955156a8bed6', '0f9d6cf2-497e-48ff-b1fa-440678951c28', 0),
('9c6a5f06-b1f0-4507-b2f8-955156a8bed6', 'e97b22b8-d9a1-4a5e-bfa1-6ba9cc0758cf', 0),
('9c6a5f06-b1f0-4507-b2f8-955156a8bed6', '78322f23-3f6f-4420-ad26-3a014f5c5ea5', 0),
('9c6a5f06-b1f0-4507-b2f8-955156a8bed6', '2a0c3b05-5f01-4b6b-84ea-b22f8bc301dc', 0),
('9c6a5f06-b1f0-4507-b2f8-955156a8bed6', '4d905d70-95e3-4e76-bf59-ace2d3ec05ad', 0),
('9c6a5f06-b1f0-4507-b2f8-955156a8bed6', '9cb82f47-a287-403a-a5c6-0f821d7d4c8a', 0),
('9c6a5f06-b1f0-4507-b2f8-955156a8bed6', '0ac3e817-eda5-4a60-9e8c-6a82e2a3e5f3', 0),
('9c6a5f06-b1f0-4507-b2f8-955156a8bed6', 'cd1f9668-1eed-4a1c-9894-f7b3e3b9b486', 0),
('9c6a5f06-b1f0-4507-b2f8-955156a8bed6', 'f98851a4-dd7b-45df-83d2-77df1f53f678', 0),
('9c6a5f06-b1f0-4507-b2f8-955156a8bed6', '2ba4fb8c-22d7-4ba6-9e95-1a1bfaa0fb4b', 0),
('9c6a5f06-b1f0-4507-b2f8-955156a8bed6', 'bb90ec41-ce2d-4165-993b-c5ee2aabe8ce', 0),
('9c6a5f06-b1f0-4507-b2f8-955156a8bed6', 'e1d9cee7-ecde-4d07-bc64-3cec9c3f7b04', 0),
('9c6a5f06-b1f0-4507-b2f8-955156a8bed6', 'a89d646a-230a-43ee-bd42-7988a4f80711', 0),
('9c6a5f06-b1f0-4507-b2f8-955156a8bed6', 'd2a3e8cf-b32d-4abe-9ae8-6ce7a89d2f64', 0),
('9c6a5f06-b1f0-4507-b2f8-955156a8bed6', 'fe3b72a5-0aa0-49f3-8407-accf2b081227', 0),
('9c6a5f06-b1f0-4507-b2f8-955156a8bed6', '1e00d247-6e57-413e-9ede-d4835f5cfbd1', 0),
('9c6a5f06-b1f0-4507-b2f8-955156a8bed6', 'f32c8b31-d086-4d22-95e3-efb8e6cebbd8', 0),
('9c6a5f06-b1f0-4507-b2f8-955156a8bed6', '6ab42fcb-33e8-4f13-ba58-c1ad5d98d543', 0),
('9c6a5f06-b1f0-4507-b2f8-955156a8bed6', '99aa6f02-c3c4-44fa-aa2a-23f31c2f355b', 0),
('9c6a5f06-b1f0-4507-b2f8-955156a8bed6', 'f4f1479f-ccb7-4519-a636-fd3f1f8f921c', 0),
('9c6a5f06-b1f0-4507-b2f8-955156a8bed6', 'd41d8cd9-245e-45ff-a5a7-d5d80a42f118', 0),
('9c6a5f06-b1f0-4507-b2f8-955156a8bed6', '98087cf2-9ae8-46b8-9bba-4cd0f63c8c08', 0),
('9c6a5f06-b1f0-4507-b2f8-955156a8bed6', 'da17e22b-8b95-4f85-83d3-57a1ec9613e7', 0),
('9c6a5f06-b1f0-4507-b2f8-955156a8bed6', '3c16dffc-25a0-45ac-804d-cfcfbe730f1b', 0),
('9c6a5f06-b1f0-4507-b2f8-955156a8bed6', '4fa7fb3d-1aa8-4e91-ba7a-6f4781c01d41', 0),

('ff3dd044-ebfb-4e1d-9050-b6dcfe684a1a', '4e75ecdd-aafe-4c35-836b-1b83fc7b8f88', 0),
('ff3dd044-ebfb-4e1d-9050-b6dcfe684a1a', '8c301aa9-6d56-4c06-b1f2-9b9956979345', 0),
('ff3dd044-ebfb-4e1d-9050-b6dcfe684a1a', 'fc3e6343-6f10-42e8-91c9-2d36c0154c42', 0),
('ff3dd044-ebfb-4e1d-9050-b6dcfe684a1a', '96de52c4-7dbf-4db1-baed-255c8f9215db', 0),
('ff3dd044-ebfb-4e1d-9050-b6dcfe684a1a', '66c4b36e-0fac-4911-9e9a-98d42d8ece10', 0),
('ff3dd044-ebfb-4e1d-9050-b6dcfe684a1a', '1d9d1b54-6430-45c5-85d6-ae4d2288223f', 0),
('ff3dd044-ebfb-4e1d-9050-b6dcfe684a1a', '6fbd52c1-d395-4349-975b-70916be1b8d0', 0),
('ff3dd044-ebfb-4e1d-9050-b6dcfe684a1a', 'b37cefef-c6d2-49a7-8b12-cdeacf5fe4c1', 0),
('ff3dd044-ebfb-4e1d-9050-b6dcfe684a1a', '08af1af0-b71e-44bc-b5d3-82dab55d6b81', 0),
('ff3dd044-ebfb-4e1d-9050-b6dcfe684a1a', '2f715aa4-7597-4f8e-9594-1f0245d16a97', 0),
('ff3dd044-ebfb-4e1d-9050-b6dcfe684a1a', '6a1e646b-e42d-4336-88c6-cb44d5f50682', 0),
('ff3dd044-ebfb-4e1d-9050-b6dcfe684a1a', '3f7b8c31-2f1f-4a5b-8b01-3395bf4c0931', 0),
('ff3dd044-ebfb-4e1d-9050-b6dcfe684a1a', '3a448c5a-e1c8-456e-955f-ed2f98d87aa6', 0),
('ff3dd044-ebfb-4e1d-9050-b6dcfe684a1a', '9e198401-4c15-4d2d-b9fb-63001bee256e', 0),
('ff3dd044-ebfb-4e1d-9050-b6dcfe684a1a', '60d224af-d862-43e5-b6f8-9c977feb2cfe', 0),
('ff3dd044-ebfb-4e1d-9050-b6dcfe684a1a', 'e5b25542-e19b-4661-a5e8-72fa34bfb7c9', 0),
('ff3dd044-ebfb-4e1d-9050-b6dcfe684a1a', 'bdfd8e1e-09f2-4a2b-a2ec-6381b3f63616', 0),
('ff3dd044-ebfb-4e1d-9050-b6dcfe684a1a', '7aeef64b-accf-4e2c-8009-1e62cbc85689', 0),
('ff3dd044-ebfb-4e1d-9050-b6dcfe684a1a', 'f33a1cf0-5c51-4b65-a0fe-88d28cb33155', 0),
('ff3dd044-ebfb-4e1d-9050-b6dcfe684a1a', '124f550a-50d0-4f6a-b445-1b9a31a48571', 0),
('ff3dd044-ebfb-4e1d-9050-b6dcfe684a1a', 'dc3f0a12-0809-4fec-b70d-8a2035fc3cf0', 0),
('ff3dd044-ebfb-4e1d-9050-b6dcfe684a1a', '90d3f8b5-a0fd-4616-a5ed-ebea0340b29f', 0),
('ff3dd044-ebfb-4e1d-9050-b6dcfe684a1a', '2f41b1f0-bf26-406f-95ff-e29ee92b5a3a', 0),
('ff3dd044-ebfb-4e1d-9050-b6dcfe684a1a', '6a9fcd23-2c91-4a32-a3c2-f44e35f1a421', 0),
('ff3dd044-ebfb-4e1d-9050-b6dcfe684a1a', '4b6e5e08-93b2-4f37-8c80-f59c662153e4', 0),
('ff3dd044-ebfb-4e1d-9050-b6dcfe684a1a', '0f9d6cf2-497e-48ff-b1fa-440678951c28', 0),
('ff3dd044-ebfb-4e1d-9050-b6dcfe684a1a', 'e97b22b8-d9a1-4a5e-bfa1-6ba9cc0758cf', 0),
('ff3dd044-ebfb-4e1d-9050-b6dcfe684a1a', '78322f23-3f6f-4420-ad26-3a014f5c5ea5', 0),
('ff3dd044-ebfb-4e1d-9050-b6dcfe684a1a', '2a0c3b05-5f01-4b6b-84ea-b22f8bc301dc', 0),
('ff3dd044-ebfb-4e1d-9050-b6dcfe684a1a', '4d905d70-95e3-4e76-bf59-ace2d3ec05ad', 0),
('ff3dd044-ebfb-4e1d-9050-b6dcfe684a1a', '9cb82f47-a287-403a-a5c6-0f821d7d4c8a', 0),
('ff3dd044-ebfb-4e1d-9050-b6dcfe684a1a', '0ac3e817-eda5-4a60-9e8c-6a82e2a3e5f3', 0),
('ff3dd044-ebfb-4e1d-9050-b6dcfe684a1a', 'cd1f9668-1eed-4a1c-9894-f7b3e3b9b486', 0),
('ff3dd044-ebfb-4e1d-9050-b6dcfe684a1a', 'f98851a4-dd7b-45df-83d2-77df1f53f678', 0),
('ff3dd044-ebfb-4e1d-9050-b6dcfe684a1a', '2ba4fb8c-22d7-4ba6-9e95-1a1bfaa0fb4b', 0),
('ff3dd044-ebfb-4e1d-9050-b6dcfe684a1a', 'bb90ec41-ce2d-4165-993b-c5ee2aabe8ce', 0),
('ff3dd044-ebfb-4e1d-9050-b6dcfe684a1a', 'e1d9cee7-ecde-4d07-bc64-3cec9c3f7b04', 0),
('ff3dd044-ebfb-4e1d-9050-b6dcfe684a1a', 'a89d646a-230a-43ee-bd42-7988a4f80711', 0),
('ff3dd044-ebfb-4e1d-9050-b6dcfe684a1a', 'd2a3e8cf-b32d-4abe-9ae8-6ce7a89d2f64', 0),
('ff3dd044-ebfb-4e1d-9050-b6dcfe684a1a', 'fe3b72a5-0aa0-49f3-8407-accf2b081227', 0),
('ff3dd044-ebfb-4e1d-9050-b6dcfe684a1a', '1e00d247-6e57-413e-9ede-d4835f5cfbd1', 0),
('ff3dd044-ebfb-4e1d-9050-b6dcfe684a1a', 'f32c8b31-d086-4d22-95e3-efb8e6cebbd8', 0),
('ff3dd044-ebfb-4e1d-9050-b6dcfe684a1a', '6ab42fcb-33e8-4f13-ba58-c1ad5d98d543', 0),
('ff3dd044-ebfb-4e1d-9050-b6dcfe684a1a', '99aa6f02-c3c4-44fa-aa2a-23f31c2f355b', 0),
('ff3dd044-ebfb-4e1d-9050-b6dcfe684a1a', 'f4f1479f-ccb7-4519-a636-fd3f1f8f921c', 0),
('ff3dd044-ebfb-4e1d-9050-b6dcfe684a1a', 'd41d8cd9-245e-45ff-a5a7-d5d80a42f118', 0),
('ff3dd044-ebfb-4e1d-9050-b6dcfe684a1a', '98087cf2-9ae8-46b8-9bba-4cd0f63c8c08', 0),
('ff3dd044-ebfb-4e1d-9050-b6dcfe684a1a', 'da17e22b-8b95-4f85-83d3-57a1ec9613e7', 0),
('ff3dd044-ebfb-4e1d-9050-b6dcfe684a1a', '3c16dffc-25a0-45ac-804d-cfcfbe730f1b', 0),
('ff3dd044-ebfb-4e1d-9050-b6dcfe684a1a', '4fa7fb3d-1aa8-4e91-ba7a-6f4781c01d41', 0),

('f2a1edb1-332f-4c2f-af59-6b5508eafbec', '4e75ecdd-aafe-4c35-836b-1b83fc7b8f88', 0),
('f2a1edb1-332f-4c2f-af59-6b5508eafbec', '8c301aa9-6d56-4c06-b1f2-9b9956979345', 0),
('f2a1edb1-332f-4c2f-af59-6b5508eafbec', 'fc3e6343-6f10-42e8-91c9-2d36c0154c42', 0),
('f2a1edb1-332f-4c2f-af59-6b5508eafbec', '96de52c4-7dbf-4db1-baed-255c8f9215db', 0),
('f2a1edb1-332f-4c2f-af59-6b5508eafbec', '66c4b36e-0fac-4911-9e9a-98d42d8ece10', 0),
('f2a1edb1-332f-4c2f-af59-6b5508eafbec', '1d9d1b54-6430-45c5-85d6-ae4d2288223f', 0),
('f2a1edb1-332f-4c2f-af59-6b5508eafbec', '6fbd52c1-d395-4349-975b-70916be1b8d0', 0),
('f2a1edb1-332f-4c2f-af59-6b5508eafbec', 'b37cefef-c6d2-49a7-8b12-cdeacf5fe4c1', 0),
('f2a1edb1-332f-4c2f-af59-6b5508eafbec', '08af1af0-b71e-44bc-b5d3-82dab55d6b81', 0),
('f2a1edb1-332f-4c2f-af59-6b5508eafbec', '2f715aa4-7597-4f8e-9594-1f0245d16a97', 0),
('f2a1edb1-332f-4c2f-af59-6b5508eafbec', '6a1e646b-e42d-4336-88c6-cb44d5f50682', 0),
('f2a1edb1-332f-4c2f-af59-6b5508eafbec', '3f7b8c31-2f1f-4a5b-8b01-3395bf4c0931', 0),
('f2a1edb1-332f-4c2f-af59-6b5508eafbec', '3a448c5a-e1c8-456e-955f-ed2f98d87aa6', 0),
('f2a1edb1-332f-4c2f-af59-6b5508eafbec', '9e198401-4c15-4d2d-b9fb-63001bee256e', 0),
('f2a1edb1-332f-4c2f-af59-6b5508eafbec', '60d224af-d862-43e5-b6f8-9c977feb2cfe', 0),
('f2a1edb1-332f-4c2f-af59-6b5508eafbec', 'e5b25542-e19b-4661-a5e8-72fa34bfb7c9', 0),
('f2a1edb1-332f-4c2f-af59-6b5508eafbec', 'bdfd8e1e-09f2-4a2b-a2ec-6381b3f63616', 0),
('f2a1edb1-332f-4c2f-af59-6b5508eafbec', '7aeef64b-accf-4e2c-8009-1e62cbc85689', 0),
('f2a1edb1-332f-4c2f-af59-6b5508eafbec', 'f33a1cf0-5c51-4b65-a0fe-88d28cb33155', 0),
('f2a1edb1-332f-4c2f-af59-6b5508eafbec', '124f550a-50d0-4f6a-b445-1b9a31a48571', 0),
('f2a1edb1-332f-4c2f-af59-6b5508eafbec', 'dc3f0a12-0809-4fec-b70d-8a2035fc3cf0', 0),
('f2a1edb1-332f-4c2f-af59-6b5508eafbec', '90d3f8b5-a0fd-4616-a5ed-ebea0340b29f', 0),
('f2a1edb1-332f-4c2f-af59-6b5508eafbec', '2f41b1f0-bf26-406f-95ff-e29ee92b5a3a', 0),
('f2a1edb1-332f-4c2f-af59-6b5508eafbec', '6a9fcd23-2c91-4a32-a3c2-f44e35f1a421', 0),
('f2a1edb1-332f-4c2f-af59-6b5508eafbec', '4b6e5e08-93b2-4f37-8c80-f59c662153e4', 0),
('f2a1edb1-332f-4c2f-af59-6b5508eafbec', '0f9d6cf2-497e-48ff-b1fa-440678951c28', 0),
('f2a1edb1-332f-4c2f-af59-6b5508eafbec', 'e97b22b8-d9a1-4a5e-bfa1-6ba9cc0758cf', 0),
('f2a1edb1-332f-4c2f-af59-6b5508eafbec', '78322f23-3f6f-4420-ad26-3a014f5c5ea5', 0),
('f2a1edb1-332f-4c2f-af59-6b5508eafbec', '2a0c3b05-5f01-4b6b-84ea-b22f8bc301dc', 0),
('f2a1edb1-332f-4c2f-af59-6b5508eafbec', '4d905d70-95e3-4e76-bf59-ace2d3ec05ad', 0),
('f2a1edb1-332f-4c2f-af59-6b5508eafbec', '9cb82f47-a287-403a-a5c6-0f821d7d4c8a', 0),
('f2a1edb1-332f-4c2f-af59-6b5508eafbec', '0ac3e817-eda5-4a60-9e8c-6a82e2a3e5f3', 0),
('f2a1edb1-332f-4c2f-af59-6b5508eafbec', 'cd1f9668-1eed-4a1c-9894-f7b3e3b9b486', 0),
('f2a1edb1-332f-4c2f-af59-6b5508eafbec', 'f98851a4-dd7b-45df-83d2-77df1f53f678', 0),
('f2a1edb1-332f-4c2f-af59-6b5508eafbec', '2ba4fb8c-22d7-4ba6-9e95-1a1bfaa0fb4b', 0),
('f2a1edb1-332f-4c2f-af59-6b5508eafbec', 'bb90ec41-ce2d-4165-993b-c5ee2aabe8ce', 0),
('f2a1edb1-332f-4c2f-af59-6b5508eafbec', 'e1d9cee7-ecde-4d07-bc64-3cec9c3f7b04', 0),
('f2a1edb1-332f-4c2f-af59-6b5508eafbec', 'a89d646a-230a-43ee-bd42-7988a4f80711', 0),
('f2a1edb1-332f-4c2f-af59-6b5508eafbec', 'd2a3e8cf-b32d-4abe-9ae8-6ce7a89d2f64', 0),
('f2a1edb1-332f-4c2f-af59-6b5508eafbec', 'fe3b72a5-0aa0-49f3-8407-accf2b081227', 0),
('f2a1edb1-332f-4c2f-af59-6b5508eafbec', '1e00d247-6e57-413e-9ede-d4835f5cfbd1', 0),
('f2a1edb1-332f-4c2f-af59-6b5508eafbec', 'f32c8b31-d086-4d22-95e3-efb8e6cebbd8', 0),
('f2a1edb1-332f-4c2f-af59-6b5508eafbec', '6ab42fcb-33e8-4f13-ba58-c1ad5d98d543', 0),
('f2a1edb1-332f-4c2f-af59-6b5508eafbec', '99aa6f02-c3c4-44fa-aa2a-23f31c2f355b', 0),
('f2a1edb1-332f-4c2f-af59-6b5508eafbec', 'f4f1479f-ccb7-4519-a636-fd3f1f8f921c', 0),
('f2a1edb1-332f-4c2f-af59-6b5508eafbec', 'd41d8cd9-245e-45ff-a5a7-d5d80a42f118', 0),
('f2a1edb1-332f-4c2f-af59-6b5508eafbec', '98087cf2-9ae8-46b8-9bba-4cd0f63c8c08', 0),
('f2a1edb1-332f-4c2f-af59-6b5508eafbec', 'da17e22b-8b95-4f85-83d3-57a1ec9613e7', 0),
('f2a1edb1-332f-4c2f-af59-6b5508eafbec', '3c16dffc-25a0-45ac-804d-cfcfbe730f1b', 0),
('f2a1edb1-332f-4c2f-af59-6b5508eafbec', '4fa7fb3d-1aa8-4e91-ba7a-6f4781c01d41', 0),

('14a3d4c4-fb21-4153-9096-d96bda62ee59', '4e75ecdd-aafe-4c35-836b-1b83fc7b8f88', 0),
('14a3d4c4-fb21-4153-9096-d96bda62ee59', '8c301aa9-6d56-4c06-b1f2-9b9956979345', 0),
('14a3d4c4-fb21-4153-9096-d96bda62ee59', 'fc3e6343-6f10-42e8-91c9-2d36c0154c42', 0),
('14a3d4c4-fb21-4153-9096-d96bda62ee59', '96de52c4-7dbf-4db1-baed-255c8f9215db', 0),
('14a3d4c4-fb21-4153-9096-d96bda62ee59', '66c4b36e-0fac-4911-9e9a-98d42d8ece10', 0),
('14a3d4c4-fb21-4153-9096-d96bda62ee59', '1d9d1b54-6430-45c5-85d6-ae4d2288223f', 0),
('14a3d4c4-fb21-4153-9096-d96bda62ee59', '6fbd52c1-d395-4349-975b-70916be1b8d0', 0),
('14a3d4c4-fb21-4153-9096-d96bda62ee59', 'b37cefef-c6d2-49a7-8b12-cdeacf5fe4c1', 0),
('14a3d4c4-fb21-4153-9096-d96bda62ee59', '08af1af0-b71e-44bc-b5d3-82dab55d6b81', 0),
('14a3d4c4-fb21-4153-9096-d96bda62ee59', '2f715aa4-7597-4f8e-9594-1f0245d16a97', 0),
('14a3d4c4-fb21-4153-9096-d96bda62ee59', '6a1e646b-e42d-4336-88c6-cb44d5f50682', 0),
('14a3d4c4-fb21-4153-9096-d96bda62ee59', '3f7b8c31-2f1f-4a5b-8b01-3395bf4c0931', 0),
('14a3d4c4-fb21-4153-9096-d96bda62ee59', '3a448c5a-e1c8-456e-955f-ed2f98d87aa6', 0),
('14a3d4c4-fb21-4153-9096-d96bda62ee59', '9e198401-4c15-4d2d-b9fb-63001bee256e', 0),
('14a3d4c4-fb21-4153-9096-d96bda62ee59', '60d224af-d862-43e5-b6f8-9c977feb2cfe', 0),
('14a3d4c4-fb21-4153-9096-d96bda62ee59', 'e5b25542-e19b-4661-a5e8-72fa34bfb7c9', 0),
('14a3d4c4-fb21-4153-9096-d96bda62ee59', 'bdfd8e1e-09f2-4a2b-a2ec-6381b3f63616', 0),
('14a3d4c4-fb21-4153-9096-d96bda62ee59', '7aeef64b-accf-4e2c-8009-1e62cbc85689', 0),
('14a3d4c4-fb21-4153-9096-d96bda62ee59', 'f33a1cf0-5c51-4b65-a0fe-88d28cb33155', 0),
('14a3d4c4-fb21-4153-9096-d96bda62ee59', '124f550a-50d0-4f6a-b445-1b9a31a48571', 0),
('14a3d4c4-fb21-4153-9096-d96bda62ee59', 'dc3f0a12-0809-4fec-b70d-8a2035fc3cf0', 0),
('14a3d4c4-fb21-4153-9096-d96bda62ee59', '90d3f8b5-a0fd-4616-a5ed-ebea0340b29f', 0),
('14a3d4c4-fb21-4153-9096-d96bda62ee59', '2f41b1f0-bf26-406f-95ff-e29ee92b5a3a', 0),
('14a3d4c4-fb21-4153-9096-d96bda62ee59', '6a9fcd23-2c91-4a32-a3c2-f44e35f1a421', 0),
('14a3d4c4-fb21-4153-9096-d96bda62ee59', '4b6e5e08-93b2-4f37-8c80-f59c662153e4', 0),
('14a3d4c4-fb21-4153-9096-d96bda62ee59', '0f9d6cf2-497e-48ff-b1fa-440678951c28', 0),
('14a3d4c4-fb21-4153-9096-d96bda62ee59', 'e97b22b8-d9a1-4a5e-bfa1-6ba9cc0758cf', 0),
('14a3d4c4-fb21-4153-9096-d96bda62ee59', '78322f23-3f6f-4420-ad26-3a014f5c5ea5', 0),
('14a3d4c4-fb21-4153-9096-d96bda62ee59', '2a0c3b05-5f01-4b6b-84ea-b22f8bc301dc', 0),
('14a3d4c4-fb21-4153-9096-d96bda62ee59', '4d905d70-95e3-4e76-bf59-ace2d3ec05ad', 0),
('14a3d4c4-fb21-4153-9096-d96bda62ee59', '9cb82f47-a287-403a-a5c6-0f821d7d4c8a', 0),
('14a3d4c4-fb21-4153-9096-d96bda62ee59', '0ac3e817-eda5-4a60-9e8c-6a82e2a3e5f3', 0),
('14a3d4c4-fb21-4153-9096-d96bda62ee59', 'cd1f9668-1eed-4a1c-9894-f7b3e3b9b486', 0),
('14a3d4c4-fb21-4153-9096-d96bda62ee59', 'f98851a4-dd7b-45df-83d2-77df1f53f678', 0),
('14a3d4c4-fb21-4153-9096-d96bda62ee59', '2ba4fb8c-22d7-4ba6-9e95-1a1bfaa0fb4b', 0),
('14a3d4c4-fb21-4153-9096-d96bda62ee59', 'bb90ec41-ce2d-4165-993b-c5ee2aabe8ce', 0),
('14a3d4c4-fb21-4153-9096-d96bda62ee59', 'e1d9cee7-ecde-4d07-bc64-3cec9c3f7b04', 0),
('14a3d4c4-fb21-4153-9096-d96bda62ee59', 'a89d646a-230a-43ee-bd42-7988a4f80711', 0),
('14a3d4c4-fb21-4153-9096-d96bda62ee59', 'd2a3e8cf-b32d-4abe-9ae8-6ce7a89d2f64', 0),
('14a3d4c4-fb21-4153-9096-d96bda62ee59', 'fe3b72a5-0aa0-49f3-8407-accf2b081227', 0),
('14a3d4c4-fb21-4153-9096-d96bda62ee59', '1e00d247-6e57-413e-9ede-d4835f5cfbd1', 0),
('14a3d4c4-fb21-4153-9096-d96bda62ee59', 'f32c8b31-d086-4d22-95e3-efb8e6cebbd8', 0),
('14a3d4c4-fb21-4153-9096-d96bda62ee59', '6ab42fcb-33e8-4f13-ba58-c1ad5d98d543', 0),
('14a3d4c4-fb21-4153-9096-d96bda62ee59', '99aa6f02-c3c4-44fa-aa2a-23f31c2f355b', 0),
('14a3d4c4-fb21-4153-9096-d96bda62ee59', 'f4f1479f-ccb7-4519-a636-fd3f1f8f921c', 0),
('14a3d4c4-fb21-4153-9096-d96bda62ee59', 'd41d8cd9-245e-45ff-a5a7-d5d80a42f118', 0),
('14a3d4c4-fb21-4153-9096-d96bda62ee59', '98087cf2-9ae8-46b8-9bba-4cd0f63c8c08', 0),
('14a3d4c4-fb21-4153-9096-d96bda62ee59', 'da17e22b-8b95-4f85-83d3-57a1ec9613e7', 0),
('14a3d4c4-fb21-4153-9096-d96bda62ee59', '3c16dffc-25a0-45ac-804d-cfcfbe730f1b', 0),
('14a3d4c4-fb21-4153-9096-d96bda62ee59', '4fa7fb3d-1aa8-4e91-ba7a-6f4781c01d41', 0),

('978d41ee-1f38-4c84-8826-8e62bc5ba109', '4e75ecdd-aafe-4c35-836b-1b83fc7b8f88', 0),
('978d41ee-1f38-4c84-8826-8e62bc5ba109', '8c301aa9-6d56-4c06-b1f2-9b9956979345', 0),
('978d41ee-1f38-4c84-8826-8e62bc5ba109', 'fc3e6343-6f10-42e8-91c9-2d36c0154c42', 0),
('978d41ee-1f38-4c84-8826-8e62bc5ba109', '96de52c4-7dbf-4db1-baed-255c8f9215db', 0),
('978d41ee-1f38-4c84-8826-8e62bc5ba109', '66c4b36e-0fac-4911-9e9a-98d42d8ece10', 0),
('978d41ee-1f38-4c84-8826-8e62bc5ba109', '1d9d1b54-6430-45c5-85d6-ae4d2288223f', 0),
('978d41ee-1f38-4c84-8826-8e62bc5ba109', '6fbd52c1-d395-4349-975b-70916be1b8d0', 0),
('978d41ee-1f38-4c84-8826-8e62bc5ba109', 'b37cefef-c6d2-49a7-8b12-cdeacf5fe4c1', 0),
('978d41ee-1f38-4c84-8826-8e62bc5ba109', '08af1af0-b71e-44bc-b5d3-82dab55d6b81', 0),
('978d41ee-1f38-4c84-8826-8e62bc5ba109', '2f715aa4-7597-4f8e-9594-1f0245d16a97', 0),
('978d41ee-1f38-4c84-8826-8e62bc5ba109', '6a1e646b-e42d-4336-88c6-cb44d5f50682', 0),
('978d41ee-1f38-4c84-8826-8e62bc5ba109', '3f7b8c31-2f1f-4a5b-8b01-3395bf4c0931', 0),
('978d41ee-1f38-4c84-8826-8e62bc5ba109', '3a448c5a-e1c8-456e-955f-ed2f98d87aa6', 0),
('978d41ee-1f38-4c84-8826-8e62bc5ba109', '9e198401-4c15-4d2d-b9fb-63001bee256e', 0),
('978d41ee-1f38-4c84-8826-8e62bc5ba109', '60d224af-d862-43e5-b6f8-9c977feb2cfe', 0),
('978d41ee-1f38-4c84-8826-8e62bc5ba109', 'e5b25542-e19b-4661-a5e8-72fa34bfb7c9', 0),
('978d41ee-1f38-4c84-8826-8e62bc5ba109', 'bdfd8e1e-09f2-4a2b-a2ec-6381b3f63616', 0),
('978d41ee-1f38-4c84-8826-8e62bc5ba109', '7aeef64b-accf-4e2c-8009-1e62cbc85689', 0),
('978d41ee-1f38-4c84-8826-8e62bc5ba109', 'f33a1cf0-5c51-4b65-a0fe-88d28cb33155', 0),
('978d41ee-1f38-4c84-8826-8e62bc5ba109', '124f550a-50d0-4f6a-b445-1b9a31a48571', 0),
('978d41ee-1f38-4c84-8826-8e62bc5ba109', 'dc3f0a12-0809-4fec-b70d-8a2035fc3cf0', 0),
('978d41ee-1f38-4c84-8826-8e62bc5ba109', '90d3f8b5-a0fd-4616-a5ed-ebea0340b29f', 0),
('978d41ee-1f38-4c84-8826-8e62bc5ba109', '2f41b1f0-bf26-406f-95ff-e29ee92b5a3a', 0),
('978d41ee-1f38-4c84-8826-8e62bc5ba109', '6a9fcd23-2c91-4a32-a3c2-f44e35f1a421', 0),
('978d41ee-1f38-4c84-8826-8e62bc5ba109', '4b6e5e08-93b2-4f37-8c80-f59c662153e4', 0),
('978d41ee-1f38-4c84-8826-8e62bc5ba109', '0f9d6cf2-497e-48ff-b1fa-440678951c28', 0),
('978d41ee-1f38-4c84-8826-8e62bc5ba109', 'e97b22b8-d9a1-4a5e-bfa1-6ba9cc0758cf', 0),
('978d41ee-1f38-4c84-8826-8e62bc5ba109', '78322f23-3f6f-4420-ad26-3a014f5c5ea5', 0),
('978d41ee-1f38-4c84-8826-8e62bc5ba109', '2a0c3b05-5f01-4b6b-84ea-b22f8bc301dc', 0),
('978d41ee-1f38-4c84-8826-8e62bc5ba109', '4d905d70-95e3-4e76-bf59-ace2d3ec05ad', 0),
('978d41ee-1f38-4c84-8826-8e62bc5ba109', '9cb82f47-a287-403a-a5c6-0f821d7d4c8a', 0),
('978d41ee-1f38-4c84-8826-8e62bc5ba109', '0ac3e817-eda5-4a60-9e8c-6a82e2a3e5f3', 0),
('978d41ee-1f38-4c84-8826-8e62bc5ba109', 'cd1f9668-1eed-4a1c-9894-f7b3e3b9b486', 0),
('978d41ee-1f38-4c84-8826-8e62bc5ba109', 'f98851a4-dd7b-45df-83d2-77df1f53f678', 0),
('978d41ee-1f38-4c84-8826-8e62bc5ba109', '2ba4fb8c-22d7-4ba6-9e95-1a1bfaa0fb4b', 0),
('978d41ee-1f38-4c84-8826-8e62bc5ba109', 'bb90ec41-ce2d-4165-993b-c5ee2aabe8ce', 0),
('978d41ee-1f38-4c84-8826-8e62bc5ba109', 'e1d9cee7-ecde-4d07-bc64-3cec9c3f7b04', 0),
('978d41ee-1f38-4c84-8826-8e62bc5ba109', 'a89d646a-230a-43ee-bd42-7988a4f80711', 0),
('978d41ee-1f38-4c84-8826-8e62bc5ba109', 'd2a3e8cf-b32d-4abe-9ae8-6ce7a89d2f64', 0),
('978d41ee-1f38-4c84-8826-8e62bc5ba109', 'fe3b72a5-0aa0-49f3-8407-accf2b081227', 0),
('978d41ee-1f38-4c84-8826-8e62bc5ba109', '1e00d247-6e57-413e-9ede-d4835f5cfbd1', 0),
('978d41ee-1f38-4c84-8826-8e62bc5ba109', 'f32c8b31-d086-4d22-95e3-efb8e6cebbd8', 0),
('978d41ee-1f38-4c84-8826-8e62bc5ba109', '6ab42fcb-33e8-4f13-ba58-c1ad5d98d543', 0),
('978d41ee-1f38-4c84-8826-8e62bc5ba109', '99aa6f02-c3c4-44fa-aa2a-23f31c2f355b', 0),
('978d41ee-1f38-4c84-8826-8e62bc5ba109', 'f4f1479f-ccb7-4519-a636-fd3f1f8f921c', 0),
('978d41ee-1f38-4c84-8826-8e62bc5ba109', 'd41d8cd9-245e-45ff-a5a7-d5d80a42f118', 0),
('978d41ee-1f38-4c84-8826-8e62bc5ba109', '98087cf2-9ae8-46b8-9bba-4cd0f63c8c08', 0),
('978d41ee-1f38-4c84-8826-8e62bc5ba109', 'da17e22b-8b95-4f85-83d3-57a1ec9613e7', 0),
('978d41ee-1f38-4c84-8826-8e62bc5ba109', '3c16dffc-25a0-45ac-804d-cfcfbe730f1b', 0),
('978d41ee-1f38-4c84-8826-8e62bc5ba109', '4fa7fb3d-1aa8-4e91-ba7a-6f4781c01d41', 0),

('da189940-d09e-4587-9665-8efdf10684dd', '4e75ecdd-aafe-4c35-836b-1b83fc7b8f88', 0),
('da189940-d09e-4587-9665-8efdf10684dd', '8c301aa9-6d56-4c06-b1f2-9b9956979345', 0),
('da189940-d09e-4587-9665-8efdf10684dd', 'fc3e6343-6f10-42e8-91c9-2d36c0154c42', 0),
('da189940-d09e-4587-9665-8efdf10684dd', '96de52c4-7dbf-4db1-baed-255c8f9215db', 0),
('da189940-d09e-4587-9665-8efdf10684dd', '66c4b36e-0fac-4911-9e9a-98d42d8ece10', 0),
('da189940-d09e-4587-9665-8efdf10684dd', '1d9d1b54-6430-45c5-85d6-ae4d2288223f', 0),
('da189940-d09e-4587-9665-8efdf10684dd', '6fbd52c1-d395-4349-975b-70916be1b8d0', 0),
('da189940-d09e-4587-9665-8efdf10684dd', 'b37cefef-c6d2-49a7-8b12-cdeacf5fe4c1', 0),
('da189940-d09e-4587-9665-8efdf10684dd', '08af1af0-b71e-44bc-b5d3-82dab55d6b81', 0),
('da189940-d09e-4587-9665-8efdf10684dd', '2f715aa4-7597-4f8e-9594-1f0245d16a97', 0),
('da189940-d09e-4587-9665-8efdf10684dd', '6a1e646b-e42d-4336-88c6-cb44d5f50682', 0),
('da189940-d09e-4587-9665-8efdf10684dd', '3f7b8c31-2f1f-4a5b-8b01-3395bf4c0931', 0),
('da189940-d09e-4587-9665-8efdf10684dd', '3a448c5a-e1c8-456e-955f-ed2f98d87aa6', 0),
('da189940-d09e-4587-9665-8efdf10684dd', '9e198401-4c15-4d2d-b9fb-63001bee256e', 0),
('da189940-d09e-4587-9665-8efdf10684dd', '60d224af-d862-43e5-b6f8-9c977feb2cfe', 0),
('da189940-d09e-4587-9665-8efdf10684dd', 'e5b25542-e19b-4661-a5e8-72fa34bfb7c9', 0),
('da189940-d09e-4587-9665-8efdf10684dd', 'bdfd8e1e-09f2-4a2b-a2ec-6381b3f63616', 0),
('da189940-d09e-4587-9665-8efdf10684dd', '7aeef64b-accf-4e2c-8009-1e62cbc85689', 0),
('da189940-d09e-4587-9665-8efdf10684dd', 'f33a1cf0-5c51-4b65-a0fe-88d28cb33155', 0),
('da189940-d09e-4587-9665-8efdf10684dd', '124f550a-50d0-4f6a-b445-1b9a31a48571', 0),
('da189940-d09e-4587-9665-8efdf10684dd', 'dc3f0a12-0809-4fec-b70d-8a2035fc3cf0', 0),
('da189940-d09e-4587-9665-8efdf10684dd', '90d3f8b5-a0fd-4616-a5ed-ebea0340b29f', 0),
('da189940-d09e-4587-9665-8efdf10684dd', '2f41b1f0-bf26-406f-95ff-e29ee92b5a3a', 0),
('da189940-d09e-4587-9665-8efdf10684dd', '6a9fcd23-2c91-4a32-a3c2-f44e35f1a421', 0),
('da189940-d09e-4587-9665-8efdf10684dd', '4b6e5e08-93b2-4f37-8c80-f59c662153e4', 0),
('da189940-d09e-4587-9665-8efdf10684dd', '0f9d6cf2-497e-48ff-b1fa-440678951c28', 0),
('da189940-d09e-4587-9665-8efdf10684dd', 'e97b22b8-d9a1-4a5e-bfa1-6ba9cc0758cf', 0),
('da189940-d09e-4587-9665-8efdf10684dd', '78322f23-3f6f-4420-ad26-3a014f5c5ea5', 0),
('da189940-d09e-4587-9665-8efdf10684dd', '2a0c3b05-5f01-4b6b-84ea-b22f8bc301dc', 0),
('da189940-d09e-4587-9665-8efdf10684dd', '4d905d70-95e3-4e76-bf59-ace2d3ec05ad', 0),
('da189940-d09e-4587-9665-8efdf10684dd', '9cb82f47-a287-403a-a5c6-0f821d7d4c8a', 0),
('da189940-d09e-4587-9665-8efdf10684dd', '0ac3e817-eda5-4a60-9e8c-6a82e2a3e5f3', 0),
('da189940-d09e-4587-9665-8efdf10684dd', 'cd1f9668-1eed-4a1c-9894-f7b3e3b9b486', 0),
('da189940-d09e-4587-9665-8efdf10684dd', 'f98851a4-dd7b-45df-83d2-77df1f53f678', 0),
('da189940-d09e-4587-9665-8efdf10684dd', '2ba4fb8c-22d7-4ba6-9e95-1a1bfaa0fb4b', 0),
('da189940-d09e-4587-9665-8efdf10684dd', 'bb90ec41-ce2d-4165-993b-c5ee2aabe8ce', 0),
('da189940-d09e-4587-9665-8efdf10684dd', 'e1d9cee7-ecde-4d07-bc64-3cec9c3f7b04', 0),
('da189940-d09e-4587-9665-8efdf10684dd', 'a89d646a-230a-43ee-bd42-7988a4f80711', 0),
('da189940-d09e-4587-9665-8efdf10684dd', 'd2a3e8cf-b32d-4abe-9ae8-6ce7a89d2f64', 0),
('da189940-d09e-4587-9665-8efdf10684dd', 'fe3b72a5-0aa0-49f3-8407-accf2b081227', 0),
('da189940-d09e-4587-9665-8efdf10684dd', '1e00d247-6e57-413e-9ede-d4835f5cfbd1', 0),
('da189940-d09e-4587-9665-8efdf10684dd', 'f32c8b31-d086-4d22-95e3-efb8e6cebbd8', 0),
('da189940-d09e-4587-9665-8efdf10684dd', '6ab42fcb-33e8-4f13-ba58-c1ad5d98d543', 0),
('da189940-d09e-4587-9665-8efdf10684dd', '99aa6f02-c3c4-44fa-aa2a-23f31c2f355b', 0),
('da189940-d09e-4587-9665-8efdf10684dd', 'f4f1479f-ccb7-4519-a636-fd3f1f8f921c', 0),
('da189940-d09e-4587-9665-8efdf10684dd', 'd41d8cd9-245e-45ff-a5a7-d5d80a42f118', 0),
('da189940-d09e-4587-9665-8efdf10684dd', '98087cf2-9ae8-46b8-9bba-4cd0f63c8c08', 0),
('da189940-d09e-4587-9665-8efdf10684dd', 'da17e22b-8b95-4f85-83d3-57a1ec9613e7', 0),
('da189940-d09e-4587-9665-8efdf10684dd', '3c16dffc-25a0-45ac-804d-cfcfbe730f1b', 0),
('da189940-d09e-4587-9665-8efdf10684dd', '4fa7fb3d-1aa8-4e91-ba7a-6f4781c01d41', 0);

INSERT [dbo].[UsersSongs] ([UserId], [SongId], [PlayCount]) VALUES
('0a9e546f-38b4-4dbf-a482-24a82169890e', '64f534f8-f2d4-4402-95a3-54de48b678a8', 0),
('0a9e546f-38b4-4dbf-a482-24a82169890e', '278cfa5a-6f44-420e-9930-07da6c43a6ad', 0),
('0a9e546f-38b4-4dbf-a482-24a82169890e', '7ef7351b-912e-4a64-ba6d-cfdfcb7d56af', 0),
('0a9e546f-38b4-4dbf-a482-24a82169890e', '03b3fb9f-38af-4074-8ab5-b9644ab44397', 0),
('0a9e546f-38b4-4dbf-a482-24a82169890e', '3aff8c17-3c98-44ed-a849-1976d2c4a91a', 0),
('0a9e546f-38b4-4dbf-a482-24a82169890e', 'e7b0024e-cc97-46a8-bd3a-450607eebe3c', 0),
('0a9e546f-38b4-4dbf-a482-24a82169890e', '8a5f664a-c72d-46b2-b12b-b38e4a5ec67f', 0),
('0a9e546f-38b4-4dbf-a482-24a82169890e', '83b64a87-6bc5-4b61-9121-505f37b81682', 0),
('0a9e546f-38b4-4dbf-a482-24a82169890e', '23abfe5e-e938-4bf5-93d4-202e2fa3aa3e', 0),
('0a9e546f-38b4-4dbf-a482-24a82169890e', '48f88f8f-c393-4bda-9812-a748486f404e', 0),
('0a9e546f-38b4-4dbf-a482-24a82169890e', 'eb6c8e4c-502e-45b4-9a69-387e33cdadb1', 0),
('0a9e546f-38b4-4dbf-a482-24a82169890e', '68b0682b-9ac7-42a2-873a-8e9874e12953', 0),
('0a9e546f-38b4-4dbf-a482-24a82169890e', '1e43835a-4902-4d12-abaf-0bc8f2dae2aa', 0),
('0a9e546f-38b4-4dbf-a482-24a82169890e', '19dc1564-8c00-4377-95db-16535a80610a', 0),
('0a9e546f-38b4-4dbf-a482-24a82169890e', 'b26a4472-db66-4bec-926d-bb53f31083c2', 0),
('0a9e546f-38b4-4dbf-a482-24a82169890e', 'e91a010d-0fa4-4801-bee5-1974e87ab3d2', 0),
('0a9e546f-38b4-4dbf-a482-24a82169890e', '469b6456-1157-43da-a275-88c983fcee9d', 0),
('0a9e546f-38b4-4dbf-a482-24a82169890e', 'c23a762d-0f9f-43b9-8a6a-7a34421ee042', 0),
('0a9e546f-38b4-4dbf-a482-24a82169890e', '80b291d4-5306-4879-8aa1-fec2ea4b6516', 0),
('0a9e546f-38b4-4dbf-a482-24a82169890e', '81acd1bf-e6f3-44c4-ad24-c47dc22adc60', 0),
('0a9e546f-38b4-4dbf-a482-24a82169890e', '0e13b758-e1dc-4f5a-a481-de9ab43934f1', 0),
('0a9e546f-38b4-4dbf-a482-24a82169890e', '9acfdf82-5ffd-474d-8303-b22a2a9ce0f8', 0),
('0a9e546f-38b4-4dbf-a482-24a82169890e', '586efb75-57ab-43ca-9b85-3bdeeae3ae19', 0),
('0a9e546f-38b4-4dbf-a482-24a82169890e', 'e4be062f-b594-4580-b514-d9d6cdaf2933', 0),
('0a9e546f-38b4-4dbf-a482-24a82169890e', '0500418e-bfad-4cd1-860d-994cbdc9e2df', 0),
('0a9e546f-38b4-4dbf-a482-24a82169890e', 'bc81df0c-573b-4269-ac2c-2b2667967dbb', 0),
('0a9e546f-38b4-4dbf-a482-24a82169890e', '866d5272-594d-423d-b702-cfccbe7a8e44', 0),
('0a9e546f-38b4-4dbf-a482-24a82169890e', '5231566f-373d-46a2-af0f-62e1a9ea643b', 0),
('0a9e546f-38b4-4dbf-a482-24a82169890e', '70eb9a4b-be40-4b01-8534-796bb5f02d90', 0),
('0a9e546f-38b4-4dbf-a482-24a82169890e', 'bb5f149f-8e45-455c-91d1-97639e96f671', 0),
('0a9e546f-38b4-4dbf-a482-24a82169890e', '4a88b128-2471-4f25-b51a-136363ddbe7d', 0),
('0a9e546f-38b4-4dbf-a482-24a82169890e', '84b69406-d92e-4feb-a313-f1f373f1958c', 0),
('0a9e546f-38b4-4dbf-a482-24a82169890e', 'ded148fc-19d8-478a-9060-0b4543727d37', 0),
('0a9e546f-38b4-4dbf-a482-24a82169890e', '92388b4d-6ff6-4500-9b02-24d4227f3a28', 0),
('0a9e546f-38b4-4dbf-a482-24a82169890e', 'e1817fb5-5fb6-44aa-abbf-eda52cc578d7', 0),
('0a9e546f-38b4-4dbf-a482-24a82169890e', '9a5f706f-ae38-418d-b911-77559d20e076', 0),
('0a9e546f-38b4-4dbf-a482-24a82169890e', '01db55cc-7d06-4778-b9c1-7ccdc3e3cd13', 0),
('0a9e546f-38b4-4dbf-a482-24a82169890e', 'f80a900f-e0a5-4cc3-8adf-27c6309b81ca', 0),
('0a9e546f-38b4-4dbf-a482-24a82169890e', 'd6a31188-c1b8-4976-b372-aced401f2347', 0),
('0a9e546f-38b4-4dbf-a482-24a82169890e', '8f0191bc-a242-4cb0-a9ba-38f48e823e54', 0),
('0a9e546f-38b4-4dbf-a482-24a82169890e', 'c80e5abb-3759-49eb-8cbe-c2b7ff742072', 0),
('0a9e546f-38b4-4dbf-a482-24a82169890e', 'f1647832-8eb1-460d-a5ae-c9fac5e2cd5d', 0),
('0a9e546f-38b4-4dbf-a482-24a82169890e', 'e3d3e750-7179-4189-9c19-fd546c4493c5', 0),
('0a9e546f-38b4-4dbf-a482-24a82169890e', '2a14abb5-4eea-46e2-bb70-2cf907acbf09', 0),
('0a9e546f-38b4-4dbf-a482-24a82169890e', '8f764924-0f7a-49e0-a39d-d29f9c3b1161', 0),
('0a9e546f-38b4-4dbf-a482-24a82169890e', '2dec0615-0284-4260-a0f8-44baa2954bc4', 0),
('0a9e546f-38b4-4dbf-a482-24a82169890e', '55bce552-42e3-4ae9-96d2-6df192f2ac50', 0),
('0a9e546f-38b4-4dbf-a482-24a82169890e', '7aaaf887-d5e5-47b6-b14b-6dfb7e423ea8', 0),
('0a9e546f-38b4-4dbf-a482-24a82169890e', 'f7a5b648-8efe-41a8-8407-a9a76d8eb6fc', 0),
('0a9e546f-38b4-4dbf-a482-24a82169890e', '25d27dd1-8add-421e-93e0-ba7d964ff990', 0),
('0a9e546f-38b4-4dbf-a482-24a82169890e', '93218e81-668d-4697-ab5b-e9e04cc9732d', 0),
('0a9e546f-38b4-4dbf-a482-24a82169890e', '3e5f72f3-c2f9-4771-99c8-5a5ced274ed7', 0),
('0a9e546f-38b4-4dbf-a482-24a82169890e', 'c00dd550-41aa-41e3-890e-abf3c937e62f', 0),
('0a9e546f-38b4-4dbf-a482-24a82169890e', 'bd5e6040-ba62-4a5d-aeda-ba81f6f46eea', 0),
('0a9e546f-38b4-4dbf-a482-24a82169890e', '448f0c35-54b1-4bd3-9a37-24b350b50d0f', 0),
('0a9e546f-38b4-4dbf-a482-24a82169890e', '835cb2dd-fb45-4605-9445-a2d14d2fba7b', 0),
('0a9e546f-38b4-4dbf-a482-24a82169890e', 'd38a98c4-5cc7-45a2-93c0-4d03ff9cb496', 0),
('0a9e546f-38b4-4dbf-a482-24a82169890e', '34531668-8c68-4ebd-a6a7-36645e9bac97', 0),
('0a9e546f-38b4-4dbf-a482-24a82169890e', 'f2c126f4-0b32-46b1-a293-e4d53fd70d0f', 0),
('0a9e546f-38b4-4dbf-a482-24a82169890e', '095f7293-c7b5-4c29-9112-4aa24a8c063a', 0),
('0a9e546f-38b4-4dbf-a482-24a82169890e', '1a4c8801-de6e-4787-b940-69ec4b9e8ad1', 0),
('0a9e546f-38b4-4dbf-a482-24a82169890e', 'a1f09d89-9f92-4531-ae83-7d595da08138', 0),
('0a9e546f-38b4-4dbf-a482-24a82169890e', '923182ab-0058-40ea-a878-f6ba3dad4f74', 0),
('0a9e546f-38b4-4dbf-a482-24a82169890e', '3c15b1af-8b00-4356-ae83-873a553d99c6', 0),
('0a9e546f-38b4-4dbf-a482-24a82169890e', '3dab7f91-33f3-4271-a2ff-d9b5eb232068', 0),
('0a9e546f-38b4-4dbf-a482-24a82169890e', '74316db6-7ad9-4570-b837-136944e986ad', 0),
('0a9e546f-38b4-4dbf-a482-24a82169890e', '4cf28277-1496-4420-ac8a-9c24e1e41181', 0),
('0a9e546f-38b4-4dbf-a482-24a82169890e', '9a9e7afb-d32b-4975-a7ed-d0174761e6e7', 0),
('0a9e546f-38b4-4dbf-a482-24a82169890e', 'ad372f33-1ace-46da-b3ef-f9156398a019', 0),
('0a9e546f-38b4-4dbf-a482-24a82169890e', 'bc795075-07ac-4458-a8a2-56b7d8ab0437', 0),
('0a9e546f-38b4-4dbf-a482-24a82169890e', '72c4be16-5b12-432b-8cec-4fa162788527', 0),
('0a9e546f-38b4-4dbf-a482-24a82169890e', 'f111ef40-05d2-4e04-9856-d63fade4a12d', 0),
('0a9e546f-38b4-4dbf-a482-24a82169890e', 'f027a18c-3164-42a2-b49b-f299a1477798', 0),
('0a9e546f-38b4-4dbf-a482-24a82169890e', 'a19c9d5d-5999-4972-aca8-1990d6c854ea', 0),
('0a9e546f-38b4-4dbf-a482-24a82169890e', '46d680bc-036d-4e72-bb12-1d8ed212c83a', 0),
('0a9e546f-38b4-4dbf-a482-24a82169890e', '8f162292-9e44-4003-97b8-86fe410c486a', 0),
('0a9e546f-38b4-4dbf-a482-24a82169890e', 'b2c5d58f-9983-48c5-8a1e-96dafdb3307c', 0),
('0a9e546f-38b4-4dbf-a482-24a82169890e', 'd7cc064f-70a0-43ad-bd86-8d200580d6b8', 0),
('0a9e546f-38b4-4dbf-a482-24a82169890e', 'daf6789f-eb96-423c-9958-82ba17c4517a', 0),
('0a9e546f-38b4-4dbf-a482-24a82169890e', '5248af81-7450-48a8-bce9-d179a79101b3', 0),
('0a9e546f-38b4-4dbf-a482-24a82169890e', 'a8bdf565-b0d2-46dd-aa34-fedd762ff61c', 0),
('0a9e546f-38b4-4dbf-a482-24a82169890e', 'be8f4a76-9966-4b2f-95ef-067dd7879655', 0),
('0a9e546f-38b4-4dbf-a482-24a82169890e', '5904e413-0619-4099-afbc-71e133a68511', 0),
('0a9e546f-38b4-4dbf-a482-24a82169890e', 'a5780fe8-4708-4574-a3de-416064b970d1', 0),
('0a9e546f-38b4-4dbf-a482-24a82169890e', '212c0538-0cb2-4126-bcc9-baaa8265afb2', 0),
('0a9e546f-38b4-4dbf-a482-24a82169890e', '748d7f2c-0e5d-45cd-8f5d-77da302bbc0c', 0),
('0a9e546f-38b4-4dbf-a482-24a82169890e', '3a2b8ce7-e279-42dd-8905-a42d35bf6fa0', 0),
('0a9e546f-38b4-4dbf-a482-24a82169890e', 'af20c27b-e20c-459a-bbde-7603fc8715fc', 0),
('0a9e546f-38b4-4dbf-a482-24a82169890e', 'a23d5a35-4168-40d2-a8eb-cd15f71f120c', 0),
('0a9e546f-38b4-4dbf-a482-24a82169890e', '8b39efa4-ce8d-4617-84e7-45bf095c290a', 0),
('0a9e546f-38b4-4dbf-a482-24a82169890e', 'e5b2ec61-7152-4f1b-bfbb-4a05a9d8b227', 0),
('0a9e546f-38b4-4dbf-a482-24a82169890e', 'b2c1d43d-78b7-4d82-9e4e-e852018c1e82', 0),
('0a9e546f-38b4-4dbf-a482-24a82169890e', '5b447453-56d5-418e-8af2-8c15594d67eb', 0),
('0a9e546f-38b4-4dbf-a482-24a82169890e', '282bd513-06b1-42a6-ba38-689e934ca254', 0),
('0a9e546f-38b4-4dbf-a482-24a82169890e', '4a3da028-5eff-4f76-a9e4-7959fbd62dc3', 0),
('0a9e546f-38b4-4dbf-a482-24a82169890e', '55e26296-3afb-47aa-b9ce-c45993d3698b', 0),
('0a9e546f-38b4-4dbf-a482-24a82169890e', 'f45ef653-8cf8-470d-9b68-39e18ce83b56', 0),
('0a9e546f-38b4-4dbf-a482-24a82169890e', 'edcd516d-5da1-4dd6-bdeb-5cfefd2cd073', 0),
('0a9e546f-38b4-4dbf-a482-24a82169890e', '599b474a-99ce-48f1-92a8-fb5711b46369', 0),
('0a9e546f-38b4-4dbf-a482-24a82169890e', '0f43a456-5674-433b-b7b4-4406131f5a7f', 0),

('7eb88892-549b-4cae-90be-c52088354643', '64f534f8-f2d4-4402-95a3-54de48b678a8', 0),
('7eb88892-549b-4cae-90be-c52088354643', '278cfa5a-6f44-420e-9930-07da6c43a6ad', 0),
('7eb88892-549b-4cae-90be-c52088354643', '7ef7351b-912e-4a64-ba6d-cfdfcb7d56af', 0),
('7eb88892-549b-4cae-90be-c52088354643', '03b3fb9f-38af-4074-8ab5-b9644ab44397', 0),
('7eb88892-549b-4cae-90be-c52088354643', '3aff8c17-3c98-44ed-a849-1976d2c4a91a', 0),
('7eb88892-549b-4cae-90be-c52088354643', 'e7b0024e-cc97-46a8-bd3a-450607eebe3c', 0),
('7eb88892-549b-4cae-90be-c52088354643', '8a5f664a-c72d-46b2-b12b-b38e4a5ec67f', 0),
('7eb88892-549b-4cae-90be-c52088354643', '83b64a87-6bc5-4b61-9121-505f37b81682', 0),
('7eb88892-549b-4cae-90be-c52088354643', '23abfe5e-e938-4bf5-93d4-202e2fa3aa3e', 0),
('7eb88892-549b-4cae-90be-c52088354643', '48f88f8f-c393-4bda-9812-a748486f404e', 0),
('7eb88892-549b-4cae-90be-c52088354643', 'eb6c8e4c-502e-45b4-9a69-387e33cdadb1', 0),
('7eb88892-549b-4cae-90be-c52088354643', '68b0682b-9ac7-42a2-873a-8e9874e12953', 0),
('7eb88892-549b-4cae-90be-c52088354643', '1e43835a-4902-4d12-abaf-0bc8f2dae2aa', 0),
('7eb88892-549b-4cae-90be-c52088354643', '19dc1564-8c00-4377-95db-16535a80610a', 0),
('7eb88892-549b-4cae-90be-c52088354643', 'b26a4472-db66-4bec-926d-bb53f31083c2', 0),
('7eb88892-549b-4cae-90be-c52088354643', 'e91a010d-0fa4-4801-bee5-1974e87ab3d2', 0),
('7eb88892-549b-4cae-90be-c52088354643', '469b6456-1157-43da-a275-88c983fcee9d', 0),
('7eb88892-549b-4cae-90be-c52088354643', 'c23a762d-0f9f-43b9-8a6a-7a34421ee042', 0),
('7eb88892-549b-4cae-90be-c52088354643', '80b291d4-5306-4879-8aa1-fec2ea4b6516', 0),
('7eb88892-549b-4cae-90be-c52088354643', '81acd1bf-e6f3-44c4-ad24-c47dc22adc60', 0),
('7eb88892-549b-4cae-90be-c52088354643', '0e13b758-e1dc-4f5a-a481-de9ab43934f1', 0),
('7eb88892-549b-4cae-90be-c52088354643', '9acfdf82-5ffd-474d-8303-b22a2a9ce0f8', 0),
('7eb88892-549b-4cae-90be-c52088354643', '586efb75-57ab-43ca-9b85-3bdeeae3ae19', 0),
('7eb88892-549b-4cae-90be-c52088354643', 'e4be062f-b594-4580-b514-d9d6cdaf2933', 0),
('7eb88892-549b-4cae-90be-c52088354643', '0500418e-bfad-4cd1-860d-994cbdc9e2df', 0),
('7eb88892-549b-4cae-90be-c52088354643', 'bc81df0c-573b-4269-ac2c-2b2667967dbb', 0),
('7eb88892-549b-4cae-90be-c52088354643', '866d5272-594d-423d-b702-cfccbe7a8e44', 0),
('7eb88892-549b-4cae-90be-c52088354643', '5231566f-373d-46a2-af0f-62e1a9ea643b', 0),
('7eb88892-549b-4cae-90be-c52088354643', '70eb9a4b-be40-4b01-8534-796bb5f02d90', 0),
('7eb88892-549b-4cae-90be-c52088354643', 'bb5f149f-8e45-455c-91d1-97639e96f671', 0),
('7eb88892-549b-4cae-90be-c52088354643', '4a88b128-2471-4f25-b51a-136363ddbe7d', 0),
('7eb88892-549b-4cae-90be-c52088354643', '84b69406-d92e-4feb-a313-f1f373f1958c', 0),
('7eb88892-549b-4cae-90be-c52088354643', 'ded148fc-19d8-478a-9060-0b4543727d37', 0),
('7eb88892-549b-4cae-90be-c52088354643', '92388b4d-6ff6-4500-9b02-24d4227f3a28', 0),
('7eb88892-549b-4cae-90be-c52088354643', 'e1817fb5-5fb6-44aa-abbf-eda52cc578d7', 0),
('7eb88892-549b-4cae-90be-c52088354643', '9a5f706f-ae38-418d-b911-77559d20e076', 0),
('7eb88892-549b-4cae-90be-c52088354643', '01db55cc-7d06-4778-b9c1-7ccdc3e3cd13', 0),
('7eb88892-549b-4cae-90be-c52088354643', 'f80a900f-e0a5-4cc3-8adf-27c6309b81ca', 0),
('7eb88892-549b-4cae-90be-c52088354643', 'd6a31188-c1b8-4976-b372-aced401f2347', 0),
('7eb88892-549b-4cae-90be-c52088354643', '8f0191bc-a242-4cb0-a9ba-38f48e823e54', 0),
('7eb88892-549b-4cae-90be-c52088354643', 'c80e5abb-3759-49eb-8cbe-c2b7ff742072', 0),
('7eb88892-549b-4cae-90be-c52088354643', 'f1647832-8eb1-460d-a5ae-c9fac5e2cd5d', 0),
('7eb88892-549b-4cae-90be-c52088354643', 'e3d3e750-7179-4189-9c19-fd546c4493c5', 0),
('7eb88892-549b-4cae-90be-c52088354643', '2a14abb5-4eea-46e2-bb70-2cf907acbf09', 0),
('7eb88892-549b-4cae-90be-c52088354643', '8f764924-0f7a-49e0-a39d-d29f9c3b1161', 0),
('7eb88892-549b-4cae-90be-c52088354643', '2dec0615-0284-4260-a0f8-44baa2954bc4', 0),
('7eb88892-549b-4cae-90be-c52088354643', '55bce552-42e3-4ae9-96d2-6df192f2ac50', 0),
('7eb88892-549b-4cae-90be-c52088354643', '7aaaf887-d5e5-47b6-b14b-6dfb7e423ea8', 0),
('7eb88892-549b-4cae-90be-c52088354643', 'f7a5b648-8efe-41a8-8407-a9a76d8eb6fc', 0),
('7eb88892-549b-4cae-90be-c52088354643', '25d27dd1-8add-421e-93e0-ba7d964ff990', 0),
('7eb88892-549b-4cae-90be-c52088354643', '93218e81-668d-4697-ab5b-e9e04cc9732d', 0),
('7eb88892-549b-4cae-90be-c52088354643', '3e5f72f3-c2f9-4771-99c8-5a5ced274ed7', 0),
('7eb88892-549b-4cae-90be-c52088354643', 'c00dd550-41aa-41e3-890e-abf3c937e62f', 0),
('7eb88892-549b-4cae-90be-c52088354643', 'bd5e6040-ba62-4a5d-aeda-ba81f6f46eea', 0),
('7eb88892-549b-4cae-90be-c52088354643', '448f0c35-54b1-4bd3-9a37-24b350b50d0f', 0),
('7eb88892-549b-4cae-90be-c52088354643', '835cb2dd-fb45-4605-9445-a2d14d2fba7b', 0),
('7eb88892-549b-4cae-90be-c52088354643', 'd38a98c4-5cc7-45a2-93c0-4d03ff9cb496', 0),
('7eb88892-549b-4cae-90be-c52088354643', '34531668-8c68-4ebd-a6a7-36645e9bac97', 0),
('7eb88892-549b-4cae-90be-c52088354643', 'f2c126f4-0b32-46b1-a293-e4d53fd70d0f', 0),
('7eb88892-549b-4cae-90be-c52088354643', '095f7293-c7b5-4c29-9112-4aa24a8c063a', 0),
('7eb88892-549b-4cae-90be-c52088354643', '1a4c8801-de6e-4787-b940-69ec4b9e8ad1', 0),
('7eb88892-549b-4cae-90be-c52088354643', 'a1f09d89-9f92-4531-ae83-7d595da08138', 0),
('7eb88892-549b-4cae-90be-c52088354643', '923182ab-0058-40ea-a878-f6ba3dad4f74', 0),
('7eb88892-549b-4cae-90be-c52088354643', '3c15b1af-8b00-4356-ae83-873a553d99c6', 0),
('7eb88892-549b-4cae-90be-c52088354643', '3dab7f91-33f3-4271-a2ff-d9b5eb232068', 0),
('7eb88892-549b-4cae-90be-c52088354643', '74316db6-7ad9-4570-b837-136944e986ad', 0),
('7eb88892-549b-4cae-90be-c52088354643', '4cf28277-1496-4420-ac8a-9c24e1e41181', 0),
('7eb88892-549b-4cae-90be-c52088354643', '9a9e7afb-d32b-4975-a7ed-d0174761e6e7', 0),
('7eb88892-549b-4cae-90be-c52088354643', 'ad372f33-1ace-46da-b3ef-f9156398a019', 0),
('7eb88892-549b-4cae-90be-c52088354643', 'bc795075-07ac-4458-a8a2-56b7d8ab0437', 0),
('7eb88892-549b-4cae-90be-c52088354643', '72c4be16-5b12-432b-8cec-4fa162788527', 0),
('7eb88892-549b-4cae-90be-c52088354643', 'f111ef40-05d2-4e04-9856-d63fade4a12d', 0),
('7eb88892-549b-4cae-90be-c52088354643', 'f027a18c-3164-42a2-b49b-f299a1477798', 0),
('7eb88892-549b-4cae-90be-c52088354643', 'a19c9d5d-5999-4972-aca8-1990d6c854ea', 0),
('7eb88892-549b-4cae-90be-c52088354643', '46d680bc-036d-4e72-bb12-1d8ed212c83a', 0),
('7eb88892-549b-4cae-90be-c52088354643', '8f162292-9e44-4003-97b8-86fe410c486a', 0),
('7eb88892-549b-4cae-90be-c52088354643', 'b2c5d58f-9983-48c5-8a1e-96dafdb3307c', 0),
('7eb88892-549b-4cae-90be-c52088354643', 'd7cc064f-70a0-43ad-bd86-8d200580d6b8', 0),
('7eb88892-549b-4cae-90be-c52088354643', 'daf6789f-eb96-423c-9958-82ba17c4517a', 0),
('7eb88892-549b-4cae-90be-c52088354643', '5248af81-7450-48a8-bce9-d179a79101b3', 0),
('7eb88892-549b-4cae-90be-c52088354643', 'a8bdf565-b0d2-46dd-aa34-fedd762ff61c', 0),
('7eb88892-549b-4cae-90be-c52088354643', 'be8f4a76-9966-4b2f-95ef-067dd7879655', 0),
('7eb88892-549b-4cae-90be-c52088354643', '5904e413-0619-4099-afbc-71e133a68511', 0),
('7eb88892-549b-4cae-90be-c52088354643', 'a5780fe8-4708-4574-a3de-416064b970d1', 0),
('7eb88892-549b-4cae-90be-c52088354643', '212c0538-0cb2-4126-bcc9-baaa8265afb2', 0),
('7eb88892-549b-4cae-90be-c52088354643', '748d7f2c-0e5d-45cd-8f5d-77da302bbc0c', 0),
('7eb88892-549b-4cae-90be-c52088354643', '3a2b8ce7-e279-42dd-8905-a42d35bf6fa0', 0),
('7eb88892-549b-4cae-90be-c52088354643', 'af20c27b-e20c-459a-bbde-7603fc8715fc', 0),
('7eb88892-549b-4cae-90be-c52088354643', 'a23d5a35-4168-40d2-a8eb-cd15f71f120c', 0),
('7eb88892-549b-4cae-90be-c52088354643', '8b39efa4-ce8d-4617-84e7-45bf095c290a', 0),
('7eb88892-549b-4cae-90be-c52088354643', 'e5b2ec61-7152-4f1b-bfbb-4a05a9d8b227', 0),
('7eb88892-549b-4cae-90be-c52088354643', 'b2c1d43d-78b7-4d82-9e4e-e852018c1e82', 0),
('7eb88892-549b-4cae-90be-c52088354643', '5b447453-56d5-418e-8af2-8c15594d67eb', 0),
('7eb88892-549b-4cae-90be-c52088354643', '282bd513-06b1-42a6-ba38-689e934ca254', 0),
('7eb88892-549b-4cae-90be-c52088354643', '4a3da028-5eff-4f76-a9e4-7959fbd62dc3', 0),
('7eb88892-549b-4cae-90be-c52088354643', '55e26296-3afb-47aa-b9ce-c45993d3698b', 0),
('7eb88892-549b-4cae-90be-c52088354643', 'f45ef653-8cf8-470d-9b68-39e18ce83b56', 0),
('7eb88892-549b-4cae-90be-c52088354643', 'edcd516d-5da1-4dd6-bdeb-5cfefd2cd073', 0),
('7eb88892-549b-4cae-90be-c52088354643', '599b474a-99ce-48f1-92a8-fb5711b46369', 0),
('7eb88892-549b-4cae-90be-c52088354643', '0f43a456-5674-433b-b7b4-4406131f5a7f', 0),

('36712aa4-77f0-4510-8425-cf53dad54840', '64f534f8-f2d4-4402-95a3-54de48b678a8', 0),
('36712aa4-77f0-4510-8425-cf53dad54840', '278cfa5a-6f44-420e-9930-07da6c43a6ad', 0),
('36712aa4-77f0-4510-8425-cf53dad54840', '7ef7351b-912e-4a64-ba6d-cfdfcb7d56af', 0),
('36712aa4-77f0-4510-8425-cf53dad54840', '03b3fb9f-38af-4074-8ab5-b9644ab44397', 0),
('36712aa4-77f0-4510-8425-cf53dad54840', '3aff8c17-3c98-44ed-a849-1976d2c4a91a', 0),
('36712aa4-77f0-4510-8425-cf53dad54840', 'e7b0024e-cc97-46a8-bd3a-450607eebe3c', 0),
('36712aa4-77f0-4510-8425-cf53dad54840', '8a5f664a-c72d-46b2-b12b-b38e4a5ec67f', 0),
('36712aa4-77f0-4510-8425-cf53dad54840', '83b64a87-6bc5-4b61-9121-505f37b81682', 0),
('36712aa4-77f0-4510-8425-cf53dad54840', '23abfe5e-e938-4bf5-93d4-202e2fa3aa3e', 0),
('36712aa4-77f0-4510-8425-cf53dad54840', '48f88f8f-c393-4bda-9812-a748486f404e', 0),
('36712aa4-77f0-4510-8425-cf53dad54840', 'eb6c8e4c-502e-45b4-9a69-387e33cdadb1', 0),
('36712aa4-77f0-4510-8425-cf53dad54840', '68b0682b-9ac7-42a2-873a-8e9874e12953', 0),
('36712aa4-77f0-4510-8425-cf53dad54840', '1e43835a-4902-4d12-abaf-0bc8f2dae2aa', 0),
('36712aa4-77f0-4510-8425-cf53dad54840', '19dc1564-8c00-4377-95db-16535a80610a', 0),
('36712aa4-77f0-4510-8425-cf53dad54840', 'b26a4472-db66-4bec-926d-bb53f31083c2', 0),
('36712aa4-77f0-4510-8425-cf53dad54840', 'e91a010d-0fa4-4801-bee5-1974e87ab3d2', 0),
('36712aa4-77f0-4510-8425-cf53dad54840', '469b6456-1157-43da-a275-88c983fcee9d', 0),
('36712aa4-77f0-4510-8425-cf53dad54840', 'c23a762d-0f9f-43b9-8a6a-7a34421ee042', 0),
('36712aa4-77f0-4510-8425-cf53dad54840', '80b291d4-5306-4879-8aa1-fec2ea4b6516', 0),
('36712aa4-77f0-4510-8425-cf53dad54840', '81acd1bf-e6f3-44c4-ad24-c47dc22adc60', 0),
('36712aa4-77f0-4510-8425-cf53dad54840', '0e13b758-e1dc-4f5a-a481-de9ab43934f1', 0),
('36712aa4-77f0-4510-8425-cf53dad54840', '9acfdf82-5ffd-474d-8303-b22a2a9ce0f8', 0),
('36712aa4-77f0-4510-8425-cf53dad54840', '586efb75-57ab-43ca-9b85-3bdeeae3ae19', 0),
('36712aa4-77f0-4510-8425-cf53dad54840', 'e4be062f-b594-4580-b514-d9d6cdaf2933', 0),
('36712aa4-77f0-4510-8425-cf53dad54840', '0500418e-bfad-4cd1-860d-994cbdc9e2df', 0),
('36712aa4-77f0-4510-8425-cf53dad54840', 'bc81df0c-573b-4269-ac2c-2b2667967dbb', 0),
('36712aa4-77f0-4510-8425-cf53dad54840', '866d5272-594d-423d-b702-cfccbe7a8e44', 0),
('36712aa4-77f0-4510-8425-cf53dad54840', '5231566f-373d-46a2-af0f-62e1a9ea643b', 0),
('36712aa4-77f0-4510-8425-cf53dad54840', '70eb9a4b-be40-4b01-8534-796bb5f02d90', 0),
('36712aa4-77f0-4510-8425-cf53dad54840', 'bb5f149f-8e45-455c-91d1-97639e96f671', 0),
('36712aa4-77f0-4510-8425-cf53dad54840', '4a88b128-2471-4f25-b51a-136363ddbe7d', 0),
('36712aa4-77f0-4510-8425-cf53dad54840', '84b69406-d92e-4feb-a313-f1f373f1958c', 0),
('36712aa4-77f0-4510-8425-cf53dad54840', 'ded148fc-19d8-478a-9060-0b4543727d37', 0),
('36712aa4-77f0-4510-8425-cf53dad54840', '92388b4d-6ff6-4500-9b02-24d4227f3a28', 0),
('36712aa4-77f0-4510-8425-cf53dad54840', 'e1817fb5-5fb6-44aa-abbf-eda52cc578d7', 0),
('36712aa4-77f0-4510-8425-cf53dad54840', '9a5f706f-ae38-418d-b911-77559d20e076', 0),
('36712aa4-77f0-4510-8425-cf53dad54840', '01db55cc-7d06-4778-b9c1-7ccdc3e3cd13', 0),
('36712aa4-77f0-4510-8425-cf53dad54840', 'f80a900f-e0a5-4cc3-8adf-27c6309b81ca', 0),
('36712aa4-77f0-4510-8425-cf53dad54840', 'd6a31188-c1b8-4976-b372-aced401f2347', 0),
('36712aa4-77f0-4510-8425-cf53dad54840', '8f0191bc-a242-4cb0-a9ba-38f48e823e54', 0),
('36712aa4-77f0-4510-8425-cf53dad54840', 'c80e5abb-3759-49eb-8cbe-c2b7ff742072', 0),
('36712aa4-77f0-4510-8425-cf53dad54840', 'f1647832-8eb1-460d-a5ae-c9fac5e2cd5d', 0),
('36712aa4-77f0-4510-8425-cf53dad54840', 'e3d3e750-7179-4189-9c19-fd546c4493c5', 0),
('36712aa4-77f0-4510-8425-cf53dad54840', '2a14abb5-4eea-46e2-bb70-2cf907acbf09', 0),
('36712aa4-77f0-4510-8425-cf53dad54840', '8f764924-0f7a-49e0-a39d-d29f9c3b1161', 0),
('36712aa4-77f0-4510-8425-cf53dad54840', '2dec0615-0284-4260-a0f8-44baa2954bc4', 0),
('36712aa4-77f0-4510-8425-cf53dad54840', '55bce552-42e3-4ae9-96d2-6df192f2ac50', 0),
('36712aa4-77f0-4510-8425-cf53dad54840', '7aaaf887-d5e5-47b6-b14b-6dfb7e423ea8', 0),
('36712aa4-77f0-4510-8425-cf53dad54840', 'f7a5b648-8efe-41a8-8407-a9a76d8eb6fc', 0),
('36712aa4-77f0-4510-8425-cf53dad54840', '25d27dd1-8add-421e-93e0-ba7d964ff990', 0),
('36712aa4-77f0-4510-8425-cf53dad54840', '93218e81-668d-4697-ab5b-e9e04cc9732d', 0),
('36712aa4-77f0-4510-8425-cf53dad54840', '3e5f72f3-c2f9-4771-99c8-5a5ced274ed7', 0),
('36712aa4-77f0-4510-8425-cf53dad54840', 'c00dd550-41aa-41e3-890e-abf3c937e62f', 0),
('36712aa4-77f0-4510-8425-cf53dad54840', 'bd5e6040-ba62-4a5d-aeda-ba81f6f46eea', 0),
('36712aa4-77f0-4510-8425-cf53dad54840', '448f0c35-54b1-4bd3-9a37-24b350b50d0f', 0),
('36712aa4-77f0-4510-8425-cf53dad54840', '835cb2dd-fb45-4605-9445-a2d14d2fba7b', 0),
('36712aa4-77f0-4510-8425-cf53dad54840', 'd38a98c4-5cc7-45a2-93c0-4d03ff9cb496', 0),
('36712aa4-77f0-4510-8425-cf53dad54840', '34531668-8c68-4ebd-a6a7-36645e9bac97', 0),
('36712aa4-77f0-4510-8425-cf53dad54840', 'f2c126f4-0b32-46b1-a293-e4d53fd70d0f', 0),
('36712aa4-77f0-4510-8425-cf53dad54840', '095f7293-c7b5-4c29-9112-4aa24a8c063a', 0),
('36712aa4-77f0-4510-8425-cf53dad54840', '1a4c8801-de6e-4787-b940-69ec4b9e8ad1', 0),
('36712aa4-77f0-4510-8425-cf53dad54840', 'a1f09d89-9f92-4531-ae83-7d595da08138', 0),
('36712aa4-77f0-4510-8425-cf53dad54840', '923182ab-0058-40ea-a878-f6ba3dad4f74', 0),
('36712aa4-77f0-4510-8425-cf53dad54840', '3c15b1af-8b00-4356-ae83-873a553d99c6', 0),
('36712aa4-77f0-4510-8425-cf53dad54840', '3dab7f91-33f3-4271-a2ff-d9b5eb232068', 0),
('36712aa4-77f0-4510-8425-cf53dad54840', '74316db6-7ad9-4570-b837-136944e986ad', 0),
('36712aa4-77f0-4510-8425-cf53dad54840', '4cf28277-1496-4420-ac8a-9c24e1e41181', 0),
('36712aa4-77f0-4510-8425-cf53dad54840', '9a9e7afb-d32b-4975-a7ed-d0174761e6e7', 0),
('36712aa4-77f0-4510-8425-cf53dad54840', 'ad372f33-1ace-46da-b3ef-f9156398a019', 0),
('36712aa4-77f0-4510-8425-cf53dad54840', 'bc795075-07ac-4458-a8a2-56b7d8ab0437', 0),
('36712aa4-77f0-4510-8425-cf53dad54840', '72c4be16-5b12-432b-8cec-4fa162788527', 0),
('36712aa4-77f0-4510-8425-cf53dad54840', 'f111ef40-05d2-4e04-9856-d63fade4a12d', 0),
('36712aa4-77f0-4510-8425-cf53dad54840', 'f027a18c-3164-42a2-b49b-f299a1477798', 0),
('36712aa4-77f0-4510-8425-cf53dad54840', 'a19c9d5d-5999-4972-aca8-1990d6c854ea', 0),
('36712aa4-77f0-4510-8425-cf53dad54840', '46d680bc-036d-4e72-bb12-1d8ed212c83a', 0),
('36712aa4-77f0-4510-8425-cf53dad54840', '8f162292-9e44-4003-97b8-86fe410c486a', 0),
('36712aa4-77f0-4510-8425-cf53dad54840', 'b2c5d58f-9983-48c5-8a1e-96dafdb3307c', 0),
('36712aa4-77f0-4510-8425-cf53dad54840', 'd7cc064f-70a0-43ad-bd86-8d200580d6b8', 0),
('36712aa4-77f0-4510-8425-cf53dad54840', 'daf6789f-eb96-423c-9958-82ba17c4517a', 0),
('36712aa4-77f0-4510-8425-cf53dad54840', '5248af81-7450-48a8-bce9-d179a79101b3', 0),
('36712aa4-77f0-4510-8425-cf53dad54840', 'a8bdf565-b0d2-46dd-aa34-fedd762ff61c', 0),
('36712aa4-77f0-4510-8425-cf53dad54840', 'be8f4a76-9966-4b2f-95ef-067dd7879655', 0),
('36712aa4-77f0-4510-8425-cf53dad54840', '5904e413-0619-4099-afbc-71e133a68511', 0),
('36712aa4-77f0-4510-8425-cf53dad54840', 'a5780fe8-4708-4574-a3de-416064b970d1', 0),
('36712aa4-77f0-4510-8425-cf53dad54840', '212c0538-0cb2-4126-bcc9-baaa8265afb2', 0),
('36712aa4-77f0-4510-8425-cf53dad54840', '748d7f2c-0e5d-45cd-8f5d-77da302bbc0c', 0),
('36712aa4-77f0-4510-8425-cf53dad54840', '3a2b8ce7-e279-42dd-8905-a42d35bf6fa0', 0),
('36712aa4-77f0-4510-8425-cf53dad54840', 'af20c27b-e20c-459a-bbde-7603fc8715fc', 0),
('36712aa4-77f0-4510-8425-cf53dad54840', 'a23d5a35-4168-40d2-a8eb-cd15f71f120c', 0),
('36712aa4-77f0-4510-8425-cf53dad54840', '8b39efa4-ce8d-4617-84e7-45bf095c290a', 0),
('36712aa4-77f0-4510-8425-cf53dad54840', 'e5b2ec61-7152-4f1b-bfbb-4a05a9d8b227', 0),
('36712aa4-77f0-4510-8425-cf53dad54840', 'b2c1d43d-78b7-4d82-9e4e-e852018c1e82', 0),
('36712aa4-77f0-4510-8425-cf53dad54840', '5b447453-56d5-418e-8af2-8c15594d67eb', 0),
('36712aa4-77f0-4510-8425-cf53dad54840', '282bd513-06b1-42a6-ba38-689e934ca254', 0),
('36712aa4-77f0-4510-8425-cf53dad54840', '4a3da028-5eff-4f76-a9e4-7959fbd62dc3', 0),
('36712aa4-77f0-4510-8425-cf53dad54840', '55e26296-3afb-47aa-b9ce-c45993d3698b', 0),
('36712aa4-77f0-4510-8425-cf53dad54840', 'f45ef653-8cf8-470d-9b68-39e18ce83b56', 0),
('36712aa4-77f0-4510-8425-cf53dad54840', 'edcd516d-5da1-4dd6-bdeb-5cfefd2cd073', 0),
('36712aa4-77f0-4510-8425-cf53dad54840', '599b474a-99ce-48f1-92a8-fb5711b46369', 0),
('36712aa4-77f0-4510-8425-cf53dad54840', '0f43a456-5674-433b-b7b4-4406131f5a7f', 0),

('cb83d524-2016-4ce3-965b-223af9e7ba99', '64f534f8-f2d4-4402-95a3-54de48b678a8', 0),
('cb83d524-2016-4ce3-965b-223af9e7ba99', '278cfa5a-6f44-420e-9930-07da6c43a6ad', 0),
('cb83d524-2016-4ce3-965b-223af9e7ba99', '7ef7351b-912e-4a64-ba6d-cfdfcb7d56af', 0),
('cb83d524-2016-4ce3-965b-223af9e7ba99', '03b3fb9f-38af-4074-8ab5-b9644ab44397', 0),
('cb83d524-2016-4ce3-965b-223af9e7ba99', '3aff8c17-3c98-44ed-a849-1976d2c4a91a', 0),
('cb83d524-2016-4ce3-965b-223af9e7ba99', 'e7b0024e-cc97-46a8-bd3a-450607eebe3c', 0),
('cb83d524-2016-4ce3-965b-223af9e7ba99', '8a5f664a-c72d-46b2-b12b-b38e4a5ec67f', 0),
('cb83d524-2016-4ce3-965b-223af9e7ba99', '83b64a87-6bc5-4b61-9121-505f37b81682', 0),
('cb83d524-2016-4ce3-965b-223af9e7ba99', '23abfe5e-e938-4bf5-93d4-202e2fa3aa3e', 0),
('cb83d524-2016-4ce3-965b-223af9e7ba99', '48f88f8f-c393-4bda-9812-a748486f404e', 0),
('cb83d524-2016-4ce3-965b-223af9e7ba99', 'eb6c8e4c-502e-45b4-9a69-387e33cdadb1', 0),
('cb83d524-2016-4ce3-965b-223af9e7ba99', '68b0682b-9ac7-42a2-873a-8e9874e12953', 0),
('cb83d524-2016-4ce3-965b-223af9e7ba99', '1e43835a-4902-4d12-abaf-0bc8f2dae2aa', 0),
('cb83d524-2016-4ce3-965b-223af9e7ba99', '19dc1564-8c00-4377-95db-16535a80610a', 0),
('cb83d524-2016-4ce3-965b-223af9e7ba99', 'b26a4472-db66-4bec-926d-bb53f31083c2', 0),
('cb83d524-2016-4ce3-965b-223af9e7ba99', 'e91a010d-0fa4-4801-bee5-1974e87ab3d2', 0),
('cb83d524-2016-4ce3-965b-223af9e7ba99', '469b6456-1157-43da-a275-88c983fcee9d', 0),
('cb83d524-2016-4ce3-965b-223af9e7ba99', 'c23a762d-0f9f-43b9-8a6a-7a34421ee042', 0),
('cb83d524-2016-4ce3-965b-223af9e7ba99', '80b291d4-5306-4879-8aa1-fec2ea4b6516', 0),
('cb83d524-2016-4ce3-965b-223af9e7ba99', '81acd1bf-e6f3-44c4-ad24-c47dc22adc60', 0),
('cb83d524-2016-4ce3-965b-223af9e7ba99', '0e13b758-e1dc-4f5a-a481-de9ab43934f1', 0),
('cb83d524-2016-4ce3-965b-223af9e7ba99', '9acfdf82-5ffd-474d-8303-b22a2a9ce0f8', 0),
('cb83d524-2016-4ce3-965b-223af9e7ba99', '586efb75-57ab-43ca-9b85-3bdeeae3ae19', 0),
('cb83d524-2016-4ce3-965b-223af9e7ba99', 'e4be062f-b594-4580-b514-d9d6cdaf2933', 0),
('cb83d524-2016-4ce3-965b-223af9e7ba99', '0500418e-bfad-4cd1-860d-994cbdc9e2df', 0),
('cb83d524-2016-4ce3-965b-223af9e7ba99', 'bc81df0c-573b-4269-ac2c-2b2667967dbb', 0),
('cb83d524-2016-4ce3-965b-223af9e7ba99', '866d5272-594d-423d-b702-cfccbe7a8e44', 0),
('cb83d524-2016-4ce3-965b-223af9e7ba99', '5231566f-373d-46a2-af0f-62e1a9ea643b', 0),
('cb83d524-2016-4ce3-965b-223af9e7ba99', '70eb9a4b-be40-4b01-8534-796bb5f02d90', 0),
('cb83d524-2016-4ce3-965b-223af9e7ba99', 'bb5f149f-8e45-455c-91d1-97639e96f671', 0),
('cb83d524-2016-4ce3-965b-223af9e7ba99', '4a88b128-2471-4f25-b51a-136363ddbe7d', 0),
('cb83d524-2016-4ce3-965b-223af9e7ba99', '84b69406-d92e-4feb-a313-f1f373f1958c', 0),
('cb83d524-2016-4ce3-965b-223af9e7ba99', 'ded148fc-19d8-478a-9060-0b4543727d37', 0),
('cb83d524-2016-4ce3-965b-223af9e7ba99', '92388b4d-6ff6-4500-9b02-24d4227f3a28', 0),
('cb83d524-2016-4ce3-965b-223af9e7ba99', 'e1817fb5-5fb6-44aa-abbf-eda52cc578d7', 0),
('cb83d524-2016-4ce3-965b-223af9e7ba99', '9a5f706f-ae38-418d-b911-77559d20e076', 0),
('cb83d524-2016-4ce3-965b-223af9e7ba99', '01db55cc-7d06-4778-b9c1-7ccdc3e3cd13', 0),
('cb83d524-2016-4ce3-965b-223af9e7ba99', 'f80a900f-e0a5-4cc3-8adf-27c6309b81ca', 0),
('cb83d524-2016-4ce3-965b-223af9e7ba99', 'd6a31188-c1b8-4976-b372-aced401f2347', 0),
('cb83d524-2016-4ce3-965b-223af9e7ba99', '8f0191bc-a242-4cb0-a9ba-38f48e823e54', 0),
('cb83d524-2016-4ce3-965b-223af9e7ba99', 'c80e5abb-3759-49eb-8cbe-c2b7ff742072', 0),
('cb83d524-2016-4ce3-965b-223af9e7ba99', 'f1647832-8eb1-460d-a5ae-c9fac5e2cd5d', 0),
('cb83d524-2016-4ce3-965b-223af9e7ba99', 'e3d3e750-7179-4189-9c19-fd546c4493c5', 0),
('cb83d524-2016-4ce3-965b-223af9e7ba99', '2a14abb5-4eea-46e2-bb70-2cf907acbf09', 0),
('cb83d524-2016-4ce3-965b-223af9e7ba99', '8f764924-0f7a-49e0-a39d-d29f9c3b1161', 0),
('cb83d524-2016-4ce3-965b-223af9e7ba99', '2dec0615-0284-4260-a0f8-44baa2954bc4', 0),
('cb83d524-2016-4ce3-965b-223af9e7ba99', '55bce552-42e3-4ae9-96d2-6df192f2ac50', 0),
('cb83d524-2016-4ce3-965b-223af9e7ba99', '7aaaf887-d5e5-47b6-b14b-6dfb7e423ea8', 0),
('cb83d524-2016-4ce3-965b-223af9e7ba99', 'f7a5b648-8efe-41a8-8407-a9a76d8eb6fc', 0),
('cb83d524-2016-4ce3-965b-223af9e7ba99', '25d27dd1-8add-421e-93e0-ba7d964ff990', 0),
('cb83d524-2016-4ce3-965b-223af9e7ba99', '93218e81-668d-4697-ab5b-e9e04cc9732d', 0),
('cb83d524-2016-4ce3-965b-223af9e7ba99', '3e5f72f3-c2f9-4771-99c8-5a5ced274ed7', 0),
('cb83d524-2016-4ce3-965b-223af9e7ba99', 'c00dd550-41aa-41e3-890e-abf3c937e62f', 0),
('cb83d524-2016-4ce3-965b-223af9e7ba99', 'bd5e6040-ba62-4a5d-aeda-ba81f6f46eea', 0),
('cb83d524-2016-4ce3-965b-223af9e7ba99', '448f0c35-54b1-4bd3-9a37-24b350b50d0f', 0),
('cb83d524-2016-4ce3-965b-223af9e7ba99', '835cb2dd-fb45-4605-9445-a2d14d2fba7b', 0),
('cb83d524-2016-4ce3-965b-223af9e7ba99', 'd38a98c4-5cc7-45a2-93c0-4d03ff9cb496', 0),
('cb83d524-2016-4ce3-965b-223af9e7ba99', '34531668-8c68-4ebd-a6a7-36645e9bac97', 0),
('cb83d524-2016-4ce3-965b-223af9e7ba99', 'f2c126f4-0b32-46b1-a293-e4d53fd70d0f', 0),
('cb83d524-2016-4ce3-965b-223af9e7ba99', '095f7293-c7b5-4c29-9112-4aa24a8c063a', 0),
('cb83d524-2016-4ce3-965b-223af9e7ba99', '1a4c8801-de6e-4787-b940-69ec4b9e8ad1', 0),
('cb83d524-2016-4ce3-965b-223af9e7ba99', 'a1f09d89-9f92-4531-ae83-7d595da08138', 0),
('cb83d524-2016-4ce3-965b-223af9e7ba99', '923182ab-0058-40ea-a878-f6ba3dad4f74', 0),
('cb83d524-2016-4ce3-965b-223af9e7ba99', '3c15b1af-8b00-4356-ae83-873a553d99c6', 0),
('cb83d524-2016-4ce3-965b-223af9e7ba99', '3dab7f91-33f3-4271-a2ff-d9b5eb232068', 0),
('cb83d524-2016-4ce3-965b-223af9e7ba99', '74316db6-7ad9-4570-b837-136944e986ad', 0),
('cb83d524-2016-4ce3-965b-223af9e7ba99', '4cf28277-1496-4420-ac8a-9c24e1e41181', 0),
('cb83d524-2016-4ce3-965b-223af9e7ba99', '9a9e7afb-d32b-4975-a7ed-d0174761e6e7', 0),
('cb83d524-2016-4ce3-965b-223af9e7ba99', 'ad372f33-1ace-46da-b3ef-f9156398a019', 0),
('cb83d524-2016-4ce3-965b-223af9e7ba99', 'bc795075-07ac-4458-a8a2-56b7d8ab0437', 0),
('cb83d524-2016-4ce3-965b-223af9e7ba99', '72c4be16-5b12-432b-8cec-4fa162788527', 0),
('cb83d524-2016-4ce3-965b-223af9e7ba99', 'f111ef40-05d2-4e04-9856-d63fade4a12d', 0),
('cb83d524-2016-4ce3-965b-223af9e7ba99', 'f027a18c-3164-42a2-b49b-f299a1477798', 0),
('cb83d524-2016-4ce3-965b-223af9e7ba99', 'a19c9d5d-5999-4972-aca8-1990d6c854ea', 0),
('cb83d524-2016-4ce3-965b-223af9e7ba99', '46d680bc-036d-4e72-bb12-1d8ed212c83a', 0),
('cb83d524-2016-4ce3-965b-223af9e7ba99', '8f162292-9e44-4003-97b8-86fe410c486a', 0),
('cb83d524-2016-4ce3-965b-223af9e7ba99', 'b2c5d58f-9983-48c5-8a1e-96dafdb3307c', 0),
('cb83d524-2016-4ce3-965b-223af9e7ba99', 'd7cc064f-70a0-43ad-bd86-8d200580d6b8', 0),
('cb83d524-2016-4ce3-965b-223af9e7ba99', 'daf6789f-eb96-423c-9958-82ba17c4517a', 0),
('cb83d524-2016-4ce3-965b-223af9e7ba99', '5248af81-7450-48a8-bce9-d179a79101b3', 0),
('cb83d524-2016-4ce3-965b-223af9e7ba99', 'a8bdf565-b0d2-46dd-aa34-fedd762ff61c', 0),
('cb83d524-2016-4ce3-965b-223af9e7ba99', 'be8f4a76-9966-4b2f-95ef-067dd7879655', 0),
('cb83d524-2016-4ce3-965b-223af9e7ba99', '5904e413-0619-4099-afbc-71e133a68511', 0),
('cb83d524-2016-4ce3-965b-223af9e7ba99', 'a5780fe8-4708-4574-a3de-416064b970d1', 0),
('cb83d524-2016-4ce3-965b-223af9e7ba99', '212c0538-0cb2-4126-bcc9-baaa8265afb2', 0),
('cb83d524-2016-4ce3-965b-223af9e7ba99', '748d7f2c-0e5d-45cd-8f5d-77da302bbc0c', 0),
('cb83d524-2016-4ce3-965b-223af9e7ba99', '3a2b8ce7-e279-42dd-8905-a42d35bf6fa0', 0),
('cb83d524-2016-4ce3-965b-223af9e7ba99', 'af20c27b-e20c-459a-bbde-7603fc8715fc', 0),
('cb83d524-2016-4ce3-965b-223af9e7ba99', 'a23d5a35-4168-40d2-a8eb-cd15f71f120c', 0),
('cb83d524-2016-4ce3-965b-223af9e7ba99', '8b39efa4-ce8d-4617-84e7-45bf095c290a', 0),
('cb83d524-2016-4ce3-965b-223af9e7ba99', 'e5b2ec61-7152-4f1b-bfbb-4a05a9d8b227', 0),
('cb83d524-2016-4ce3-965b-223af9e7ba99', 'b2c1d43d-78b7-4d82-9e4e-e852018c1e82', 0),
('cb83d524-2016-4ce3-965b-223af9e7ba99', '5b447453-56d5-418e-8af2-8c15594d67eb', 0),
('cb83d524-2016-4ce3-965b-223af9e7ba99', '282bd513-06b1-42a6-ba38-689e934ca254', 0),
('cb83d524-2016-4ce3-965b-223af9e7ba99', '4a3da028-5eff-4f76-a9e4-7959fbd62dc3', 0),
('cb83d524-2016-4ce3-965b-223af9e7ba99', '55e26296-3afb-47aa-b9ce-c45993d3698b', 0),
('cb83d524-2016-4ce3-965b-223af9e7ba99', 'f45ef653-8cf8-470d-9b68-39e18ce83b56', 0),
('cb83d524-2016-4ce3-965b-223af9e7ba99', 'edcd516d-5da1-4dd6-bdeb-5cfefd2cd073', 0),
('cb83d524-2016-4ce3-965b-223af9e7ba99', '599b474a-99ce-48f1-92a8-fb5711b46369', 0),
('cb83d524-2016-4ce3-965b-223af9e7ba99', '0f43a456-5674-433b-b7b4-4406131f5a7f', 0),

('9c6a5f06-b1f0-4507-b2f8-955156a8bed6', '64f534f8-f2d4-4402-95a3-54de48b678a8', 0),
('9c6a5f06-b1f0-4507-b2f8-955156a8bed6', '278cfa5a-6f44-420e-9930-07da6c43a6ad', 0),
('9c6a5f06-b1f0-4507-b2f8-955156a8bed6', '7ef7351b-912e-4a64-ba6d-cfdfcb7d56af', 0),
('9c6a5f06-b1f0-4507-b2f8-955156a8bed6', '03b3fb9f-38af-4074-8ab5-b9644ab44397', 0),
('9c6a5f06-b1f0-4507-b2f8-955156a8bed6', '3aff8c17-3c98-44ed-a849-1976d2c4a91a', 0),
('9c6a5f06-b1f0-4507-b2f8-955156a8bed6', 'e7b0024e-cc97-46a8-bd3a-450607eebe3c', 0),
('9c6a5f06-b1f0-4507-b2f8-955156a8bed6', '8a5f664a-c72d-46b2-b12b-b38e4a5ec67f', 0),
('9c6a5f06-b1f0-4507-b2f8-955156a8bed6', '83b64a87-6bc5-4b61-9121-505f37b81682', 0),
('9c6a5f06-b1f0-4507-b2f8-955156a8bed6', '23abfe5e-e938-4bf5-93d4-202e2fa3aa3e', 0),
('9c6a5f06-b1f0-4507-b2f8-955156a8bed6', '48f88f8f-c393-4bda-9812-a748486f404e', 0),
('9c6a5f06-b1f0-4507-b2f8-955156a8bed6', 'eb6c8e4c-502e-45b4-9a69-387e33cdadb1', 0),
('9c6a5f06-b1f0-4507-b2f8-955156a8bed6', '68b0682b-9ac7-42a2-873a-8e9874e12953', 0),
('9c6a5f06-b1f0-4507-b2f8-955156a8bed6', '1e43835a-4902-4d12-abaf-0bc8f2dae2aa', 0),
('9c6a5f06-b1f0-4507-b2f8-955156a8bed6', '19dc1564-8c00-4377-95db-16535a80610a', 0),
('9c6a5f06-b1f0-4507-b2f8-955156a8bed6', 'b26a4472-db66-4bec-926d-bb53f31083c2', 0),
('9c6a5f06-b1f0-4507-b2f8-955156a8bed6', 'e91a010d-0fa4-4801-bee5-1974e87ab3d2', 0),
('9c6a5f06-b1f0-4507-b2f8-955156a8bed6', '469b6456-1157-43da-a275-88c983fcee9d', 0),
('9c6a5f06-b1f0-4507-b2f8-955156a8bed6', 'c23a762d-0f9f-43b9-8a6a-7a34421ee042', 0),
('9c6a5f06-b1f0-4507-b2f8-955156a8bed6', '80b291d4-5306-4879-8aa1-fec2ea4b6516', 0),
('9c6a5f06-b1f0-4507-b2f8-955156a8bed6', '81acd1bf-e6f3-44c4-ad24-c47dc22adc60', 0),
('9c6a5f06-b1f0-4507-b2f8-955156a8bed6', '0e13b758-e1dc-4f5a-a481-de9ab43934f1', 0),
('9c6a5f06-b1f0-4507-b2f8-955156a8bed6', '9acfdf82-5ffd-474d-8303-b22a2a9ce0f8', 0),
('9c6a5f06-b1f0-4507-b2f8-955156a8bed6', '586efb75-57ab-43ca-9b85-3bdeeae3ae19', 0),
('9c6a5f06-b1f0-4507-b2f8-955156a8bed6', 'e4be062f-b594-4580-b514-d9d6cdaf2933', 0),
('9c6a5f06-b1f0-4507-b2f8-955156a8bed6', '0500418e-bfad-4cd1-860d-994cbdc9e2df', 0),
('9c6a5f06-b1f0-4507-b2f8-955156a8bed6', 'bc81df0c-573b-4269-ac2c-2b2667967dbb', 0),
('9c6a5f06-b1f0-4507-b2f8-955156a8bed6', '866d5272-594d-423d-b702-cfccbe7a8e44', 0),
('9c6a5f06-b1f0-4507-b2f8-955156a8bed6', '5231566f-373d-46a2-af0f-62e1a9ea643b', 0),
('9c6a5f06-b1f0-4507-b2f8-955156a8bed6', '70eb9a4b-be40-4b01-8534-796bb5f02d90', 0),
('9c6a5f06-b1f0-4507-b2f8-955156a8bed6', 'bb5f149f-8e45-455c-91d1-97639e96f671', 0),
('9c6a5f06-b1f0-4507-b2f8-955156a8bed6', '4a88b128-2471-4f25-b51a-136363ddbe7d', 0),
('9c6a5f06-b1f0-4507-b2f8-955156a8bed6', '84b69406-d92e-4feb-a313-f1f373f1958c', 0),
('9c6a5f06-b1f0-4507-b2f8-955156a8bed6', 'ded148fc-19d8-478a-9060-0b4543727d37', 0),
('9c6a5f06-b1f0-4507-b2f8-955156a8bed6', '92388b4d-6ff6-4500-9b02-24d4227f3a28', 0),
('9c6a5f06-b1f0-4507-b2f8-955156a8bed6', 'e1817fb5-5fb6-44aa-abbf-eda52cc578d7', 0),
('9c6a5f06-b1f0-4507-b2f8-955156a8bed6', '9a5f706f-ae38-418d-b911-77559d20e076', 0),
('9c6a5f06-b1f0-4507-b2f8-955156a8bed6', '01db55cc-7d06-4778-b9c1-7ccdc3e3cd13', 0),
('9c6a5f06-b1f0-4507-b2f8-955156a8bed6', 'f80a900f-e0a5-4cc3-8adf-27c6309b81ca', 0),
('9c6a5f06-b1f0-4507-b2f8-955156a8bed6', 'd6a31188-c1b8-4976-b372-aced401f2347', 0),
('9c6a5f06-b1f0-4507-b2f8-955156a8bed6', '8f0191bc-a242-4cb0-a9ba-38f48e823e54', 0),
('9c6a5f06-b1f0-4507-b2f8-955156a8bed6', 'c80e5abb-3759-49eb-8cbe-c2b7ff742072', 0),
('9c6a5f06-b1f0-4507-b2f8-955156a8bed6', 'f1647832-8eb1-460d-a5ae-c9fac5e2cd5d', 0),
('9c6a5f06-b1f0-4507-b2f8-955156a8bed6', 'e3d3e750-7179-4189-9c19-fd546c4493c5', 0),
('9c6a5f06-b1f0-4507-b2f8-955156a8bed6', '2a14abb5-4eea-46e2-bb70-2cf907acbf09', 0),
('9c6a5f06-b1f0-4507-b2f8-955156a8bed6', '8f764924-0f7a-49e0-a39d-d29f9c3b1161', 0),
('9c6a5f06-b1f0-4507-b2f8-955156a8bed6', '2dec0615-0284-4260-a0f8-44baa2954bc4', 0),
('9c6a5f06-b1f0-4507-b2f8-955156a8bed6', '55bce552-42e3-4ae9-96d2-6df192f2ac50', 0),
('9c6a5f06-b1f0-4507-b2f8-955156a8bed6', '7aaaf887-d5e5-47b6-b14b-6dfb7e423ea8', 0),
('9c6a5f06-b1f0-4507-b2f8-955156a8bed6', 'f7a5b648-8efe-41a8-8407-a9a76d8eb6fc', 0),
('9c6a5f06-b1f0-4507-b2f8-955156a8bed6', '25d27dd1-8add-421e-93e0-ba7d964ff990', 0),
('9c6a5f06-b1f0-4507-b2f8-955156a8bed6', '93218e81-668d-4697-ab5b-e9e04cc9732d', 0),
('9c6a5f06-b1f0-4507-b2f8-955156a8bed6', '3e5f72f3-c2f9-4771-99c8-5a5ced274ed7', 0),
('9c6a5f06-b1f0-4507-b2f8-955156a8bed6', 'c00dd550-41aa-41e3-890e-abf3c937e62f', 0),
('9c6a5f06-b1f0-4507-b2f8-955156a8bed6', 'bd5e6040-ba62-4a5d-aeda-ba81f6f46eea', 0),
('9c6a5f06-b1f0-4507-b2f8-955156a8bed6', '448f0c35-54b1-4bd3-9a37-24b350b50d0f', 0),
('9c6a5f06-b1f0-4507-b2f8-955156a8bed6', '835cb2dd-fb45-4605-9445-a2d14d2fba7b', 0),
('9c6a5f06-b1f0-4507-b2f8-955156a8bed6', 'd38a98c4-5cc7-45a2-93c0-4d03ff9cb496', 0),
('9c6a5f06-b1f0-4507-b2f8-955156a8bed6', '34531668-8c68-4ebd-a6a7-36645e9bac97', 0),
('9c6a5f06-b1f0-4507-b2f8-955156a8bed6', 'f2c126f4-0b32-46b1-a293-e4d53fd70d0f', 0),
('9c6a5f06-b1f0-4507-b2f8-955156a8bed6', '095f7293-c7b5-4c29-9112-4aa24a8c063a', 0),
('9c6a5f06-b1f0-4507-b2f8-955156a8bed6', '1a4c8801-de6e-4787-b940-69ec4b9e8ad1', 0),
('9c6a5f06-b1f0-4507-b2f8-955156a8bed6', 'a1f09d89-9f92-4531-ae83-7d595da08138', 0),
('9c6a5f06-b1f0-4507-b2f8-955156a8bed6', '923182ab-0058-40ea-a878-f6ba3dad4f74', 0),
('9c6a5f06-b1f0-4507-b2f8-955156a8bed6', '3c15b1af-8b00-4356-ae83-873a553d99c6', 0),
('9c6a5f06-b1f0-4507-b2f8-955156a8bed6', '3dab7f91-33f3-4271-a2ff-d9b5eb232068', 0),
('9c6a5f06-b1f0-4507-b2f8-955156a8bed6', '74316db6-7ad9-4570-b837-136944e986ad', 0),
('9c6a5f06-b1f0-4507-b2f8-955156a8bed6', '4cf28277-1496-4420-ac8a-9c24e1e41181', 0),
('9c6a5f06-b1f0-4507-b2f8-955156a8bed6', '9a9e7afb-d32b-4975-a7ed-d0174761e6e7', 0),
('9c6a5f06-b1f0-4507-b2f8-955156a8bed6', 'ad372f33-1ace-46da-b3ef-f9156398a019', 0),
('9c6a5f06-b1f0-4507-b2f8-955156a8bed6', 'bc795075-07ac-4458-a8a2-56b7d8ab0437', 0),
('9c6a5f06-b1f0-4507-b2f8-955156a8bed6', '72c4be16-5b12-432b-8cec-4fa162788527', 0),
('9c6a5f06-b1f0-4507-b2f8-955156a8bed6', 'f111ef40-05d2-4e04-9856-d63fade4a12d', 0),
('9c6a5f06-b1f0-4507-b2f8-955156a8bed6', 'f027a18c-3164-42a2-b49b-f299a1477798', 0),
('9c6a5f06-b1f0-4507-b2f8-955156a8bed6', 'a19c9d5d-5999-4972-aca8-1990d6c854ea', 0),
('9c6a5f06-b1f0-4507-b2f8-955156a8bed6', '46d680bc-036d-4e72-bb12-1d8ed212c83a', 0),
('9c6a5f06-b1f0-4507-b2f8-955156a8bed6', '8f162292-9e44-4003-97b8-86fe410c486a', 0),
('9c6a5f06-b1f0-4507-b2f8-955156a8bed6', 'b2c5d58f-9983-48c5-8a1e-96dafdb3307c', 0),
('9c6a5f06-b1f0-4507-b2f8-955156a8bed6', 'd7cc064f-70a0-43ad-bd86-8d200580d6b8', 0),
('9c6a5f06-b1f0-4507-b2f8-955156a8bed6', 'daf6789f-eb96-423c-9958-82ba17c4517a', 0),
('9c6a5f06-b1f0-4507-b2f8-955156a8bed6', '5248af81-7450-48a8-bce9-d179a79101b3', 0),
('9c6a5f06-b1f0-4507-b2f8-955156a8bed6', 'a8bdf565-b0d2-46dd-aa34-fedd762ff61c', 0),
('9c6a5f06-b1f0-4507-b2f8-955156a8bed6', 'be8f4a76-9966-4b2f-95ef-067dd7879655', 0),
('9c6a5f06-b1f0-4507-b2f8-955156a8bed6', '5904e413-0619-4099-afbc-71e133a68511', 0),
('9c6a5f06-b1f0-4507-b2f8-955156a8bed6', 'a5780fe8-4708-4574-a3de-416064b970d1', 0),
('9c6a5f06-b1f0-4507-b2f8-955156a8bed6', '212c0538-0cb2-4126-bcc9-baaa8265afb2', 0),
('9c6a5f06-b1f0-4507-b2f8-955156a8bed6', '748d7f2c-0e5d-45cd-8f5d-77da302bbc0c', 0),
('9c6a5f06-b1f0-4507-b2f8-955156a8bed6', '3a2b8ce7-e279-42dd-8905-a42d35bf6fa0', 0),
('9c6a5f06-b1f0-4507-b2f8-955156a8bed6', 'af20c27b-e20c-459a-bbde-7603fc8715fc', 0),
('9c6a5f06-b1f0-4507-b2f8-955156a8bed6', 'a23d5a35-4168-40d2-a8eb-cd15f71f120c', 0),
('9c6a5f06-b1f0-4507-b2f8-955156a8bed6', '8b39efa4-ce8d-4617-84e7-45bf095c290a', 0),
('9c6a5f06-b1f0-4507-b2f8-955156a8bed6', 'e5b2ec61-7152-4f1b-bfbb-4a05a9d8b227', 0),
('9c6a5f06-b1f0-4507-b2f8-955156a8bed6', 'b2c1d43d-78b7-4d82-9e4e-e852018c1e82', 0),
('9c6a5f06-b1f0-4507-b2f8-955156a8bed6', '5b447453-56d5-418e-8af2-8c15594d67eb', 0),
('9c6a5f06-b1f0-4507-b2f8-955156a8bed6', '282bd513-06b1-42a6-ba38-689e934ca254', 0),
('9c6a5f06-b1f0-4507-b2f8-955156a8bed6', '4a3da028-5eff-4f76-a9e4-7959fbd62dc3', 0),
('9c6a5f06-b1f0-4507-b2f8-955156a8bed6', '55e26296-3afb-47aa-b9ce-c45993d3698b', 0),
('9c6a5f06-b1f0-4507-b2f8-955156a8bed6', 'f45ef653-8cf8-470d-9b68-39e18ce83b56', 0),
('9c6a5f06-b1f0-4507-b2f8-955156a8bed6', 'edcd516d-5da1-4dd6-bdeb-5cfefd2cd073', 0),
('9c6a5f06-b1f0-4507-b2f8-955156a8bed6', '599b474a-99ce-48f1-92a8-fb5711b46369', 0),
('9c6a5f06-b1f0-4507-b2f8-955156a8bed6', '0f43a456-5674-433b-b7b4-4406131f5a7f', 0),

('ff3dd044-ebfb-4e1d-9050-b6dcfe684a1a', '64f534f8-f2d4-4402-95a3-54de48b678a8', 0),
('ff3dd044-ebfb-4e1d-9050-b6dcfe684a1a', '278cfa5a-6f44-420e-9930-07da6c43a6ad', 0),
('ff3dd044-ebfb-4e1d-9050-b6dcfe684a1a', '7ef7351b-912e-4a64-ba6d-cfdfcb7d56af', 0),
('ff3dd044-ebfb-4e1d-9050-b6dcfe684a1a', '03b3fb9f-38af-4074-8ab5-b9644ab44397', 0),
('ff3dd044-ebfb-4e1d-9050-b6dcfe684a1a', '3aff8c17-3c98-44ed-a849-1976d2c4a91a', 0),
('ff3dd044-ebfb-4e1d-9050-b6dcfe684a1a', 'e7b0024e-cc97-46a8-bd3a-450607eebe3c', 0),
('ff3dd044-ebfb-4e1d-9050-b6dcfe684a1a', '8a5f664a-c72d-46b2-b12b-b38e4a5ec67f', 0),
('ff3dd044-ebfb-4e1d-9050-b6dcfe684a1a', '83b64a87-6bc5-4b61-9121-505f37b81682', 0),
('ff3dd044-ebfb-4e1d-9050-b6dcfe684a1a', '23abfe5e-e938-4bf5-93d4-202e2fa3aa3e', 0),
('ff3dd044-ebfb-4e1d-9050-b6dcfe684a1a', '48f88f8f-c393-4bda-9812-a748486f404e', 0),
('ff3dd044-ebfb-4e1d-9050-b6dcfe684a1a', 'eb6c8e4c-502e-45b4-9a69-387e33cdadb1', 0),
('ff3dd044-ebfb-4e1d-9050-b6dcfe684a1a', '68b0682b-9ac7-42a2-873a-8e9874e12953', 0),
('ff3dd044-ebfb-4e1d-9050-b6dcfe684a1a', '1e43835a-4902-4d12-abaf-0bc8f2dae2aa', 0),
('ff3dd044-ebfb-4e1d-9050-b6dcfe684a1a', '19dc1564-8c00-4377-95db-16535a80610a', 0),
('ff3dd044-ebfb-4e1d-9050-b6dcfe684a1a', 'b26a4472-db66-4bec-926d-bb53f31083c2', 0),
('ff3dd044-ebfb-4e1d-9050-b6dcfe684a1a', 'e91a010d-0fa4-4801-bee5-1974e87ab3d2', 0),
('ff3dd044-ebfb-4e1d-9050-b6dcfe684a1a', '469b6456-1157-43da-a275-88c983fcee9d', 0),
('ff3dd044-ebfb-4e1d-9050-b6dcfe684a1a', 'c23a762d-0f9f-43b9-8a6a-7a34421ee042', 0),
('ff3dd044-ebfb-4e1d-9050-b6dcfe684a1a', '80b291d4-5306-4879-8aa1-fec2ea4b6516', 0),
('ff3dd044-ebfb-4e1d-9050-b6dcfe684a1a', '81acd1bf-e6f3-44c4-ad24-c47dc22adc60', 0),
('ff3dd044-ebfb-4e1d-9050-b6dcfe684a1a', '0e13b758-e1dc-4f5a-a481-de9ab43934f1', 0),
('ff3dd044-ebfb-4e1d-9050-b6dcfe684a1a', '9acfdf82-5ffd-474d-8303-b22a2a9ce0f8', 0),
('ff3dd044-ebfb-4e1d-9050-b6dcfe684a1a', '586efb75-57ab-43ca-9b85-3bdeeae3ae19', 0),
('ff3dd044-ebfb-4e1d-9050-b6dcfe684a1a', 'e4be062f-b594-4580-b514-d9d6cdaf2933', 0),
('ff3dd044-ebfb-4e1d-9050-b6dcfe684a1a', '0500418e-bfad-4cd1-860d-994cbdc9e2df', 0),
('ff3dd044-ebfb-4e1d-9050-b6dcfe684a1a', 'bc81df0c-573b-4269-ac2c-2b2667967dbb', 0),
('ff3dd044-ebfb-4e1d-9050-b6dcfe684a1a', '866d5272-594d-423d-b702-cfccbe7a8e44', 0),
('ff3dd044-ebfb-4e1d-9050-b6dcfe684a1a', '5231566f-373d-46a2-af0f-62e1a9ea643b', 0),
('ff3dd044-ebfb-4e1d-9050-b6dcfe684a1a', '70eb9a4b-be40-4b01-8534-796bb5f02d90', 0),
('ff3dd044-ebfb-4e1d-9050-b6dcfe684a1a', 'bb5f149f-8e45-455c-91d1-97639e96f671', 0),
('ff3dd044-ebfb-4e1d-9050-b6dcfe684a1a', '4a88b128-2471-4f25-b51a-136363ddbe7d', 0),
('ff3dd044-ebfb-4e1d-9050-b6dcfe684a1a', '84b69406-d92e-4feb-a313-f1f373f1958c', 0),
('ff3dd044-ebfb-4e1d-9050-b6dcfe684a1a', 'ded148fc-19d8-478a-9060-0b4543727d37', 0),
('ff3dd044-ebfb-4e1d-9050-b6dcfe684a1a', '92388b4d-6ff6-4500-9b02-24d4227f3a28', 0),
('ff3dd044-ebfb-4e1d-9050-b6dcfe684a1a', 'e1817fb5-5fb6-44aa-abbf-eda52cc578d7', 0),
('ff3dd044-ebfb-4e1d-9050-b6dcfe684a1a', '9a5f706f-ae38-418d-b911-77559d20e076', 0),
('ff3dd044-ebfb-4e1d-9050-b6dcfe684a1a', '01db55cc-7d06-4778-b9c1-7ccdc3e3cd13', 0),
('ff3dd044-ebfb-4e1d-9050-b6dcfe684a1a', 'f80a900f-e0a5-4cc3-8adf-27c6309b81ca', 0),
('ff3dd044-ebfb-4e1d-9050-b6dcfe684a1a', 'd6a31188-c1b8-4976-b372-aced401f2347', 0),
('ff3dd044-ebfb-4e1d-9050-b6dcfe684a1a', '8f0191bc-a242-4cb0-a9ba-38f48e823e54', 0),
('ff3dd044-ebfb-4e1d-9050-b6dcfe684a1a', 'c80e5abb-3759-49eb-8cbe-c2b7ff742072', 0),
('ff3dd044-ebfb-4e1d-9050-b6dcfe684a1a', 'f1647832-8eb1-460d-a5ae-c9fac5e2cd5d', 0),
('ff3dd044-ebfb-4e1d-9050-b6dcfe684a1a', 'e3d3e750-7179-4189-9c19-fd546c4493c5', 0),
('ff3dd044-ebfb-4e1d-9050-b6dcfe684a1a', '2a14abb5-4eea-46e2-bb70-2cf907acbf09', 0),
('ff3dd044-ebfb-4e1d-9050-b6dcfe684a1a', '8f764924-0f7a-49e0-a39d-d29f9c3b1161', 0),
('ff3dd044-ebfb-4e1d-9050-b6dcfe684a1a', '2dec0615-0284-4260-a0f8-44baa2954bc4', 0),
('ff3dd044-ebfb-4e1d-9050-b6dcfe684a1a', '55bce552-42e3-4ae9-96d2-6df192f2ac50', 0),
('ff3dd044-ebfb-4e1d-9050-b6dcfe684a1a', '7aaaf887-d5e5-47b6-b14b-6dfb7e423ea8', 0),
('ff3dd044-ebfb-4e1d-9050-b6dcfe684a1a', 'f7a5b648-8efe-41a8-8407-a9a76d8eb6fc', 0),
('ff3dd044-ebfb-4e1d-9050-b6dcfe684a1a', '25d27dd1-8add-421e-93e0-ba7d964ff990', 0),
('ff3dd044-ebfb-4e1d-9050-b6dcfe684a1a', '93218e81-668d-4697-ab5b-e9e04cc9732d', 0),
('ff3dd044-ebfb-4e1d-9050-b6dcfe684a1a', '3e5f72f3-c2f9-4771-99c8-5a5ced274ed7', 0),
('ff3dd044-ebfb-4e1d-9050-b6dcfe684a1a', 'c00dd550-41aa-41e3-890e-abf3c937e62f', 0),
('ff3dd044-ebfb-4e1d-9050-b6dcfe684a1a', 'bd5e6040-ba62-4a5d-aeda-ba81f6f46eea', 0),
('ff3dd044-ebfb-4e1d-9050-b6dcfe684a1a', '448f0c35-54b1-4bd3-9a37-24b350b50d0f', 0),
('ff3dd044-ebfb-4e1d-9050-b6dcfe684a1a', '835cb2dd-fb45-4605-9445-a2d14d2fba7b', 0),
('ff3dd044-ebfb-4e1d-9050-b6dcfe684a1a', 'd38a98c4-5cc7-45a2-93c0-4d03ff9cb496', 0),
('ff3dd044-ebfb-4e1d-9050-b6dcfe684a1a', '34531668-8c68-4ebd-a6a7-36645e9bac97', 0),
('ff3dd044-ebfb-4e1d-9050-b6dcfe684a1a', 'f2c126f4-0b32-46b1-a293-e4d53fd70d0f', 0),
('ff3dd044-ebfb-4e1d-9050-b6dcfe684a1a', '095f7293-c7b5-4c29-9112-4aa24a8c063a', 0),
('ff3dd044-ebfb-4e1d-9050-b6dcfe684a1a', '1a4c8801-de6e-4787-b940-69ec4b9e8ad1', 0),
('ff3dd044-ebfb-4e1d-9050-b6dcfe684a1a', 'a1f09d89-9f92-4531-ae83-7d595da08138', 0),
('ff3dd044-ebfb-4e1d-9050-b6dcfe684a1a', '923182ab-0058-40ea-a878-f6ba3dad4f74', 0),
('ff3dd044-ebfb-4e1d-9050-b6dcfe684a1a', '3c15b1af-8b00-4356-ae83-873a553d99c6', 0),
('ff3dd044-ebfb-4e1d-9050-b6dcfe684a1a', '3dab7f91-33f3-4271-a2ff-d9b5eb232068', 0),
('ff3dd044-ebfb-4e1d-9050-b6dcfe684a1a', '74316db6-7ad9-4570-b837-136944e986ad', 0),
('ff3dd044-ebfb-4e1d-9050-b6dcfe684a1a', '4cf28277-1496-4420-ac8a-9c24e1e41181', 0),
('ff3dd044-ebfb-4e1d-9050-b6dcfe684a1a', '9a9e7afb-d32b-4975-a7ed-d0174761e6e7', 0),
('ff3dd044-ebfb-4e1d-9050-b6dcfe684a1a', 'ad372f33-1ace-46da-b3ef-f9156398a019', 0),
('ff3dd044-ebfb-4e1d-9050-b6dcfe684a1a', 'bc795075-07ac-4458-a8a2-56b7d8ab0437', 0),
('ff3dd044-ebfb-4e1d-9050-b6dcfe684a1a', '72c4be16-5b12-432b-8cec-4fa162788527', 0),
('ff3dd044-ebfb-4e1d-9050-b6dcfe684a1a', 'f111ef40-05d2-4e04-9856-d63fade4a12d', 0),
('ff3dd044-ebfb-4e1d-9050-b6dcfe684a1a', 'f027a18c-3164-42a2-b49b-f299a1477798', 0),
('ff3dd044-ebfb-4e1d-9050-b6dcfe684a1a', 'a19c9d5d-5999-4972-aca8-1990d6c854ea', 0),
('ff3dd044-ebfb-4e1d-9050-b6dcfe684a1a', '46d680bc-036d-4e72-bb12-1d8ed212c83a', 0),
('ff3dd044-ebfb-4e1d-9050-b6dcfe684a1a', '8f162292-9e44-4003-97b8-86fe410c486a', 0),
('ff3dd044-ebfb-4e1d-9050-b6dcfe684a1a', 'b2c5d58f-9983-48c5-8a1e-96dafdb3307c', 0),
('ff3dd044-ebfb-4e1d-9050-b6dcfe684a1a', 'd7cc064f-70a0-43ad-bd86-8d200580d6b8', 0),
('ff3dd044-ebfb-4e1d-9050-b6dcfe684a1a', 'daf6789f-eb96-423c-9958-82ba17c4517a', 0),
('ff3dd044-ebfb-4e1d-9050-b6dcfe684a1a', '5248af81-7450-48a8-bce9-d179a79101b3', 0),
('ff3dd044-ebfb-4e1d-9050-b6dcfe684a1a', 'a8bdf565-b0d2-46dd-aa34-fedd762ff61c', 0),
('ff3dd044-ebfb-4e1d-9050-b6dcfe684a1a', 'be8f4a76-9966-4b2f-95ef-067dd7879655', 0),
('ff3dd044-ebfb-4e1d-9050-b6dcfe684a1a', '5904e413-0619-4099-afbc-71e133a68511', 0),
('ff3dd044-ebfb-4e1d-9050-b6dcfe684a1a', 'a5780fe8-4708-4574-a3de-416064b970d1', 0),
('ff3dd044-ebfb-4e1d-9050-b6dcfe684a1a', '212c0538-0cb2-4126-bcc9-baaa8265afb2', 0),
('ff3dd044-ebfb-4e1d-9050-b6dcfe684a1a', '748d7f2c-0e5d-45cd-8f5d-77da302bbc0c', 0),
('ff3dd044-ebfb-4e1d-9050-b6dcfe684a1a', '3a2b8ce7-e279-42dd-8905-a42d35bf6fa0', 0),
('ff3dd044-ebfb-4e1d-9050-b6dcfe684a1a', 'af20c27b-e20c-459a-bbde-7603fc8715fc', 0),
('ff3dd044-ebfb-4e1d-9050-b6dcfe684a1a', 'a23d5a35-4168-40d2-a8eb-cd15f71f120c', 0),
('ff3dd044-ebfb-4e1d-9050-b6dcfe684a1a', '8b39efa4-ce8d-4617-84e7-45bf095c290a', 0),
('ff3dd044-ebfb-4e1d-9050-b6dcfe684a1a', 'e5b2ec61-7152-4f1b-bfbb-4a05a9d8b227', 0),
('ff3dd044-ebfb-4e1d-9050-b6dcfe684a1a', 'b2c1d43d-78b7-4d82-9e4e-e852018c1e82', 0),
('ff3dd044-ebfb-4e1d-9050-b6dcfe684a1a', '5b447453-56d5-418e-8af2-8c15594d67eb', 0),
('ff3dd044-ebfb-4e1d-9050-b6dcfe684a1a', '282bd513-06b1-42a6-ba38-689e934ca254', 0),
('ff3dd044-ebfb-4e1d-9050-b6dcfe684a1a', '4a3da028-5eff-4f76-a9e4-7959fbd62dc3', 0),
('ff3dd044-ebfb-4e1d-9050-b6dcfe684a1a', '55e26296-3afb-47aa-b9ce-c45993d3698b', 0),
('ff3dd044-ebfb-4e1d-9050-b6dcfe684a1a', 'f45ef653-8cf8-470d-9b68-39e18ce83b56', 0),
('ff3dd044-ebfb-4e1d-9050-b6dcfe684a1a', 'edcd516d-5da1-4dd6-bdeb-5cfefd2cd073', 0),
('ff3dd044-ebfb-4e1d-9050-b6dcfe684a1a', '599b474a-99ce-48f1-92a8-fb5711b46369', 0),
('ff3dd044-ebfb-4e1d-9050-b6dcfe684a1a', '0f43a456-5674-433b-b7b4-4406131f5a7f', 0),

('f2a1edb1-332f-4c2f-af59-6b5508eafbec', '64f534f8-f2d4-4402-95a3-54de48b678a8', 0),
('f2a1edb1-332f-4c2f-af59-6b5508eafbec', '278cfa5a-6f44-420e-9930-07da6c43a6ad', 0),
('f2a1edb1-332f-4c2f-af59-6b5508eafbec', '7ef7351b-912e-4a64-ba6d-cfdfcb7d56af', 0),
('f2a1edb1-332f-4c2f-af59-6b5508eafbec', '03b3fb9f-38af-4074-8ab5-b9644ab44397', 0),
('f2a1edb1-332f-4c2f-af59-6b5508eafbec', '3aff8c17-3c98-44ed-a849-1976d2c4a91a', 0),
('f2a1edb1-332f-4c2f-af59-6b5508eafbec', 'e7b0024e-cc97-46a8-bd3a-450607eebe3c', 0),
('f2a1edb1-332f-4c2f-af59-6b5508eafbec', '8a5f664a-c72d-46b2-b12b-b38e4a5ec67f', 0),
('f2a1edb1-332f-4c2f-af59-6b5508eafbec', '83b64a87-6bc5-4b61-9121-505f37b81682', 0),
('f2a1edb1-332f-4c2f-af59-6b5508eafbec', '23abfe5e-e938-4bf5-93d4-202e2fa3aa3e', 0),
('f2a1edb1-332f-4c2f-af59-6b5508eafbec', '48f88f8f-c393-4bda-9812-a748486f404e', 0),
('f2a1edb1-332f-4c2f-af59-6b5508eafbec', 'eb6c8e4c-502e-45b4-9a69-387e33cdadb1', 0),
('f2a1edb1-332f-4c2f-af59-6b5508eafbec', '68b0682b-9ac7-42a2-873a-8e9874e12953', 0),
('f2a1edb1-332f-4c2f-af59-6b5508eafbec', '1e43835a-4902-4d12-abaf-0bc8f2dae2aa', 0),
('f2a1edb1-332f-4c2f-af59-6b5508eafbec', '19dc1564-8c00-4377-95db-16535a80610a', 0),
('f2a1edb1-332f-4c2f-af59-6b5508eafbec', 'b26a4472-db66-4bec-926d-bb53f31083c2', 0),
('f2a1edb1-332f-4c2f-af59-6b5508eafbec', 'e91a010d-0fa4-4801-bee5-1974e87ab3d2', 0),
('f2a1edb1-332f-4c2f-af59-6b5508eafbec', '469b6456-1157-43da-a275-88c983fcee9d', 0),
('f2a1edb1-332f-4c2f-af59-6b5508eafbec', 'c23a762d-0f9f-43b9-8a6a-7a34421ee042', 0),
('f2a1edb1-332f-4c2f-af59-6b5508eafbec', '80b291d4-5306-4879-8aa1-fec2ea4b6516', 0),
('f2a1edb1-332f-4c2f-af59-6b5508eafbec', '81acd1bf-e6f3-44c4-ad24-c47dc22adc60', 0),
('f2a1edb1-332f-4c2f-af59-6b5508eafbec', '0e13b758-e1dc-4f5a-a481-de9ab43934f1', 0),
('f2a1edb1-332f-4c2f-af59-6b5508eafbec', '9acfdf82-5ffd-474d-8303-b22a2a9ce0f8', 0),
('f2a1edb1-332f-4c2f-af59-6b5508eafbec', '586efb75-57ab-43ca-9b85-3bdeeae3ae19', 0),
('f2a1edb1-332f-4c2f-af59-6b5508eafbec', 'e4be062f-b594-4580-b514-d9d6cdaf2933', 0),
('f2a1edb1-332f-4c2f-af59-6b5508eafbec', '0500418e-bfad-4cd1-860d-994cbdc9e2df', 0),
('f2a1edb1-332f-4c2f-af59-6b5508eafbec', 'bc81df0c-573b-4269-ac2c-2b2667967dbb', 0),
('f2a1edb1-332f-4c2f-af59-6b5508eafbec', '866d5272-594d-423d-b702-cfccbe7a8e44', 0),
('f2a1edb1-332f-4c2f-af59-6b5508eafbec', '5231566f-373d-46a2-af0f-62e1a9ea643b', 0),
('f2a1edb1-332f-4c2f-af59-6b5508eafbec', '70eb9a4b-be40-4b01-8534-796bb5f02d90', 0),
('f2a1edb1-332f-4c2f-af59-6b5508eafbec', 'bb5f149f-8e45-455c-91d1-97639e96f671', 0),
('f2a1edb1-332f-4c2f-af59-6b5508eafbec', '4a88b128-2471-4f25-b51a-136363ddbe7d', 0),
('f2a1edb1-332f-4c2f-af59-6b5508eafbec', '84b69406-d92e-4feb-a313-f1f373f1958c', 0),
('f2a1edb1-332f-4c2f-af59-6b5508eafbec', 'ded148fc-19d8-478a-9060-0b4543727d37', 0),
('f2a1edb1-332f-4c2f-af59-6b5508eafbec', '92388b4d-6ff6-4500-9b02-24d4227f3a28', 0),
('f2a1edb1-332f-4c2f-af59-6b5508eafbec', 'e1817fb5-5fb6-44aa-abbf-eda52cc578d7', 0),
('f2a1edb1-332f-4c2f-af59-6b5508eafbec', '9a5f706f-ae38-418d-b911-77559d20e076', 0),
('f2a1edb1-332f-4c2f-af59-6b5508eafbec', '01db55cc-7d06-4778-b9c1-7ccdc3e3cd13', 0),
('f2a1edb1-332f-4c2f-af59-6b5508eafbec', 'f80a900f-e0a5-4cc3-8adf-27c6309b81ca', 0),
('f2a1edb1-332f-4c2f-af59-6b5508eafbec', 'd6a31188-c1b8-4976-b372-aced401f2347', 0),
('f2a1edb1-332f-4c2f-af59-6b5508eafbec', '8f0191bc-a242-4cb0-a9ba-38f48e823e54', 0),
('f2a1edb1-332f-4c2f-af59-6b5508eafbec', 'c80e5abb-3759-49eb-8cbe-c2b7ff742072', 0),
('f2a1edb1-332f-4c2f-af59-6b5508eafbec', 'f1647832-8eb1-460d-a5ae-c9fac5e2cd5d', 0),
('f2a1edb1-332f-4c2f-af59-6b5508eafbec', 'e3d3e750-7179-4189-9c19-fd546c4493c5', 0),
('f2a1edb1-332f-4c2f-af59-6b5508eafbec', '2a14abb5-4eea-46e2-bb70-2cf907acbf09', 0),
('f2a1edb1-332f-4c2f-af59-6b5508eafbec', '8f764924-0f7a-49e0-a39d-d29f9c3b1161', 0),
('f2a1edb1-332f-4c2f-af59-6b5508eafbec', '2dec0615-0284-4260-a0f8-44baa2954bc4', 0),
('f2a1edb1-332f-4c2f-af59-6b5508eafbec', '55bce552-42e3-4ae9-96d2-6df192f2ac50', 0),
('f2a1edb1-332f-4c2f-af59-6b5508eafbec', '7aaaf887-d5e5-47b6-b14b-6dfb7e423ea8', 0),
('f2a1edb1-332f-4c2f-af59-6b5508eafbec', 'f7a5b648-8efe-41a8-8407-a9a76d8eb6fc', 0),
('f2a1edb1-332f-4c2f-af59-6b5508eafbec', '25d27dd1-8add-421e-93e0-ba7d964ff990', 0),
('f2a1edb1-332f-4c2f-af59-6b5508eafbec', '93218e81-668d-4697-ab5b-e9e04cc9732d', 0),
('f2a1edb1-332f-4c2f-af59-6b5508eafbec', '3e5f72f3-c2f9-4771-99c8-5a5ced274ed7', 0),
('f2a1edb1-332f-4c2f-af59-6b5508eafbec', 'c00dd550-41aa-41e3-890e-abf3c937e62f', 0),
('f2a1edb1-332f-4c2f-af59-6b5508eafbec', 'bd5e6040-ba62-4a5d-aeda-ba81f6f46eea', 0),
('f2a1edb1-332f-4c2f-af59-6b5508eafbec', '448f0c35-54b1-4bd3-9a37-24b350b50d0f', 0),
('f2a1edb1-332f-4c2f-af59-6b5508eafbec', '835cb2dd-fb45-4605-9445-a2d14d2fba7b', 0),
('f2a1edb1-332f-4c2f-af59-6b5508eafbec', 'd38a98c4-5cc7-45a2-93c0-4d03ff9cb496', 0),
('f2a1edb1-332f-4c2f-af59-6b5508eafbec', '34531668-8c68-4ebd-a6a7-36645e9bac97', 0),
('f2a1edb1-332f-4c2f-af59-6b5508eafbec', 'f2c126f4-0b32-46b1-a293-e4d53fd70d0f', 0),
('f2a1edb1-332f-4c2f-af59-6b5508eafbec', '095f7293-c7b5-4c29-9112-4aa24a8c063a', 0),
('f2a1edb1-332f-4c2f-af59-6b5508eafbec', '1a4c8801-de6e-4787-b940-69ec4b9e8ad1', 0),
('f2a1edb1-332f-4c2f-af59-6b5508eafbec', 'a1f09d89-9f92-4531-ae83-7d595da08138', 0),
('f2a1edb1-332f-4c2f-af59-6b5508eafbec', '923182ab-0058-40ea-a878-f6ba3dad4f74', 0),
('f2a1edb1-332f-4c2f-af59-6b5508eafbec', '3c15b1af-8b00-4356-ae83-873a553d99c6', 0),
('f2a1edb1-332f-4c2f-af59-6b5508eafbec', '3dab7f91-33f3-4271-a2ff-d9b5eb232068', 0),
('f2a1edb1-332f-4c2f-af59-6b5508eafbec', '74316db6-7ad9-4570-b837-136944e986ad', 0),
('f2a1edb1-332f-4c2f-af59-6b5508eafbec', '4cf28277-1496-4420-ac8a-9c24e1e41181', 0),
('f2a1edb1-332f-4c2f-af59-6b5508eafbec', '9a9e7afb-d32b-4975-a7ed-d0174761e6e7', 0),
('f2a1edb1-332f-4c2f-af59-6b5508eafbec', 'ad372f33-1ace-46da-b3ef-f9156398a019', 0),
('f2a1edb1-332f-4c2f-af59-6b5508eafbec', 'bc795075-07ac-4458-a8a2-56b7d8ab0437', 0),
('f2a1edb1-332f-4c2f-af59-6b5508eafbec', '72c4be16-5b12-432b-8cec-4fa162788527', 0),
('f2a1edb1-332f-4c2f-af59-6b5508eafbec', 'f111ef40-05d2-4e04-9856-d63fade4a12d', 0),
('f2a1edb1-332f-4c2f-af59-6b5508eafbec', 'f027a18c-3164-42a2-b49b-f299a1477798', 0),
('f2a1edb1-332f-4c2f-af59-6b5508eafbec', 'a19c9d5d-5999-4972-aca8-1990d6c854ea', 0),
('f2a1edb1-332f-4c2f-af59-6b5508eafbec', '46d680bc-036d-4e72-bb12-1d8ed212c83a', 0),
('f2a1edb1-332f-4c2f-af59-6b5508eafbec', '8f162292-9e44-4003-97b8-86fe410c486a', 0),
('f2a1edb1-332f-4c2f-af59-6b5508eafbec', 'b2c5d58f-9983-48c5-8a1e-96dafdb3307c', 0),
('f2a1edb1-332f-4c2f-af59-6b5508eafbec', 'd7cc064f-70a0-43ad-bd86-8d200580d6b8', 0),
('f2a1edb1-332f-4c2f-af59-6b5508eafbec', 'daf6789f-eb96-423c-9958-82ba17c4517a', 0),
('f2a1edb1-332f-4c2f-af59-6b5508eafbec', '5248af81-7450-48a8-bce9-d179a79101b3', 0),
('f2a1edb1-332f-4c2f-af59-6b5508eafbec', 'a8bdf565-b0d2-46dd-aa34-fedd762ff61c', 0),
('f2a1edb1-332f-4c2f-af59-6b5508eafbec', 'be8f4a76-9966-4b2f-95ef-067dd7879655', 0),
('f2a1edb1-332f-4c2f-af59-6b5508eafbec', '5904e413-0619-4099-afbc-71e133a68511', 0),
('f2a1edb1-332f-4c2f-af59-6b5508eafbec', 'a5780fe8-4708-4574-a3de-416064b970d1', 0),
('f2a1edb1-332f-4c2f-af59-6b5508eafbec', '212c0538-0cb2-4126-bcc9-baaa8265afb2', 0),
('f2a1edb1-332f-4c2f-af59-6b5508eafbec', '748d7f2c-0e5d-45cd-8f5d-77da302bbc0c', 0),
('f2a1edb1-332f-4c2f-af59-6b5508eafbec', '3a2b8ce7-e279-42dd-8905-a42d35bf6fa0', 0),
('f2a1edb1-332f-4c2f-af59-6b5508eafbec', 'af20c27b-e20c-459a-bbde-7603fc8715fc', 0),
('f2a1edb1-332f-4c2f-af59-6b5508eafbec', 'a23d5a35-4168-40d2-a8eb-cd15f71f120c', 0),
('f2a1edb1-332f-4c2f-af59-6b5508eafbec', '8b39efa4-ce8d-4617-84e7-45bf095c290a', 0),
('f2a1edb1-332f-4c2f-af59-6b5508eafbec', 'e5b2ec61-7152-4f1b-bfbb-4a05a9d8b227', 0),
('f2a1edb1-332f-4c2f-af59-6b5508eafbec', 'b2c1d43d-78b7-4d82-9e4e-e852018c1e82', 0),
('f2a1edb1-332f-4c2f-af59-6b5508eafbec', '5b447453-56d5-418e-8af2-8c15594d67eb', 0),
('f2a1edb1-332f-4c2f-af59-6b5508eafbec', '282bd513-06b1-42a6-ba38-689e934ca254', 0),
('f2a1edb1-332f-4c2f-af59-6b5508eafbec', '4a3da028-5eff-4f76-a9e4-7959fbd62dc3', 0),
('f2a1edb1-332f-4c2f-af59-6b5508eafbec', '55e26296-3afb-47aa-b9ce-c45993d3698b', 0),
('f2a1edb1-332f-4c2f-af59-6b5508eafbec', 'f45ef653-8cf8-470d-9b68-39e18ce83b56', 0),
('f2a1edb1-332f-4c2f-af59-6b5508eafbec', 'edcd516d-5da1-4dd6-bdeb-5cfefd2cd073', 0),
('f2a1edb1-332f-4c2f-af59-6b5508eafbec', '599b474a-99ce-48f1-92a8-fb5711b46369', 0),
('f2a1edb1-332f-4c2f-af59-6b5508eafbec', '0f43a456-5674-433b-b7b4-4406131f5a7f', 0),

('14a3d4c4-fb21-4153-9096-d96bda62ee59', '64f534f8-f2d4-4402-95a3-54de48b678a8', 0),
('14a3d4c4-fb21-4153-9096-d96bda62ee59', '278cfa5a-6f44-420e-9930-07da6c43a6ad', 0),
('14a3d4c4-fb21-4153-9096-d96bda62ee59', '7ef7351b-912e-4a64-ba6d-cfdfcb7d56af', 0),
('14a3d4c4-fb21-4153-9096-d96bda62ee59', '03b3fb9f-38af-4074-8ab5-b9644ab44397', 0),
('14a3d4c4-fb21-4153-9096-d96bda62ee59', '3aff8c17-3c98-44ed-a849-1976d2c4a91a', 0),
('14a3d4c4-fb21-4153-9096-d96bda62ee59', 'e7b0024e-cc97-46a8-bd3a-450607eebe3c', 0),
('14a3d4c4-fb21-4153-9096-d96bda62ee59', '8a5f664a-c72d-46b2-b12b-b38e4a5ec67f', 0),
('14a3d4c4-fb21-4153-9096-d96bda62ee59', '83b64a87-6bc5-4b61-9121-505f37b81682', 0),
('14a3d4c4-fb21-4153-9096-d96bda62ee59', '23abfe5e-e938-4bf5-93d4-202e2fa3aa3e', 0),
('14a3d4c4-fb21-4153-9096-d96bda62ee59', '48f88f8f-c393-4bda-9812-a748486f404e', 0),
('14a3d4c4-fb21-4153-9096-d96bda62ee59', 'eb6c8e4c-502e-45b4-9a69-387e33cdadb1', 0),
('14a3d4c4-fb21-4153-9096-d96bda62ee59', '68b0682b-9ac7-42a2-873a-8e9874e12953', 0),
('14a3d4c4-fb21-4153-9096-d96bda62ee59', '1e43835a-4902-4d12-abaf-0bc8f2dae2aa', 0),
('14a3d4c4-fb21-4153-9096-d96bda62ee59', '19dc1564-8c00-4377-95db-16535a80610a', 0),
('14a3d4c4-fb21-4153-9096-d96bda62ee59', 'b26a4472-db66-4bec-926d-bb53f31083c2', 0),
('14a3d4c4-fb21-4153-9096-d96bda62ee59', 'e91a010d-0fa4-4801-bee5-1974e87ab3d2', 0),
('14a3d4c4-fb21-4153-9096-d96bda62ee59', '469b6456-1157-43da-a275-88c983fcee9d', 0),
('14a3d4c4-fb21-4153-9096-d96bda62ee59', 'c23a762d-0f9f-43b9-8a6a-7a34421ee042', 0),
('14a3d4c4-fb21-4153-9096-d96bda62ee59', '80b291d4-5306-4879-8aa1-fec2ea4b6516', 0),
('14a3d4c4-fb21-4153-9096-d96bda62ee59', '81acd1bf-e6f3-44c4-ad24-c47dc22adc60', 0),
('14a3d4c4-fb21-4153-9096-d96bda62ee59', '0e13b758-e1dc-4f5a-a481-de9ab43934f1', 0),
('14a3d4c4-fb21-4153-9096-d96bda62ee59', '9acfdf82-5ffd-474d-8303-b22a2a9ce0f8', 0),
('14a3d4c4-fb21-4153-9096-d96bda62ee59', '586efb75-57ab-43ca-9b85-3bdeeae3ae19', 0),
('14a3d4c4-fb21-4153-9096-d96bda62ee59', 'e4be062f-b594-4580-b514-d9d6cdaf2933', 0),
('14a3d4c4-fb21-4153-9096-d96bda62ee59', '0500418e-bfad-4cd1-860d-994cbdc9e2df', 0),
('14a3d4c4-fb21-4153-9096-d96bda62ee59', 'bc81df0c-573b-4269-ac2c-2b2667967dbb', 0),
('14a3d4c4-fb21-4153-9096-d96bda62ee59', '866d5272-594d-423d-b702-cfccbe7a8e44', 0),
('14a3d4c4-fb21-4153-9096-d96bda62ee59', '5231566f-373d-46a2-af0f-62e1a9ea643b', 0),
('14a3d4c4-fb21-4153-9096-d96bda62ee59', '70eb9a4b-be40-4b01-8534-796bb5f02d90', 0),
('14a3d4c4-fb21-4153-9096-d96bda62ee59', 'bb5f149f-8e45-455c-91d1-97639e96f671', 0),
('14a3d4c4-fb21-4153-9096-d96bda62ee59', '4a88b128-2471-4f25-b51a-136363ddbe7d', 0),
('14a3d4c4-fb21-4153-9096-d96bda62ee59', '84b69406-d92e-4feb-a313-f1f373f1958c', 0),
('14a3d4c4-fb21-4153-9096-d96bda62ee59', 'ded148fc-19d8-478a-9060-0b4543727d37', 0),
('14a3d4c4-fb21-4153-9096-d96bda62ee59', '92388b4d-6ff6-4500-9b02-24d4227f3a28', 0),
('14a3d4c4-fb21-4153-9096-d96bda62ee59', 'e1817fb5-5fb6-44aa-abbf-eda52cc578d7', 0),
('14a3d4c4-fb21-4153-9096-d96bda62ee59', '9a5f706f-ae38-418d-b911-77559d20e076', 0),
('14a3d4c4-fb21-4153-9096-d96bda62ee59', '01db55cc-7d06-4778-b9c1-7ccdc3e3cd13', 0),
('14a3d4c4-fb21-4153-9096-d96bda62ee59', 'f80a900f-e0a5-4cc3-8adf-27c6309b81ca', 0),
('14a3d4c4-fb21-4153-9096-d96bda62ee59', 'd6a31188-c1b8-4976-b372-aced401f2347', 0),
('14a3d4c4-fb21-4153-9096-d96bda62ee59', '8f0191bc-a242-4cb0-a9ba-38f48e823e54', 0),
('14a3d4c4-fb21-4153-9096-d96bda62ee59', 'c80e5abb-3759-49eb-8cbe-c2b7ff742072', 0),
('14a3d4c4-fb21-4153-9096-d96bda62ee59', 'f1647832-8eb1-460d-a5ae-c9fac5e2cd5d', 0),
('14a3d4c4-fb21-4153-9096-d96bda62ee59', 'e3d3e750-7179-4189-9c19-fd546c4493c5', 0),
('14a3d4c4-fb21-4153-9096-d96bda62ee59', '2a14abb5-4eea-46e2-bb70-2cf907acbf09', 0),
('14a3d4c4-fb21-4153-9096-d96bda62ee59', '8f764924-0f7a-49e0-a39d-d29f9c3b1161', 0),
('14a3d4c4-fb21-4153-9096-d96bda62ee59', '2dec0615-0284-4260-a0f8-44baa2954bc4', 0),
('14a3d4c4-fb21-4153-9096-d96bda62ee59', '55bce552-42e3-4ae9-96d2-6df192f2ac50', 0),
('14a3d4c4-fb21-4153-9096-d96bda62ee59', '7aaaf887-d5e5-47b6-b14b-6dfb7e423ea8', 0),
('14a3d4c4-fb21-4153-9096-d96bda62ee59', 'f7a5b648-8efe-41a8-8407-a9a76d8eb6fc', 0),
('14a3d4c4-fb21-4153-9096-d96bda62ee59', '25d27dd1-8add-421e-93e0-ba7d964ff990', 0),
('14a3d4c4-fb21-4153-9096-d96bda62ee59', '93218e81-668d-4697-ab5b-e9e04cc9732d', 0),
('14a3d4c4-fb21-4153-9096-d96bda62ee59', '3e5f72f3-c2f9-4771-99c8-5a5ced274ed7', 0),
('14a3d4c4-fb21-4153-9096-d96bda62ee59', 'c00dd550-41aa-41e3-890e-abf3c937e62f', 0),
('14a3d4c4-fb21-4153-9096-d96bda62ee59', 'bd5e6040-ba62-4a5d-aeda-ba81f6f46eea', 0),
('14a3d4c4-fb21-4153-9096-d96bda62ee59', '448f0c35-54b1-4bd3-9a37-24b350b50d0f', 0),
('14a3d4c4-fb21-4153-9096-d96bda62ee59', '835cb2dd-fb45-4605-9445-a2d14d2fba7b', 0),
('14a3d4c4-fb21-4153-9096-d96bda62ee59', 'd38a98c4-5cc7-45a2-93c0-4d03ff9cb496', 0),
('14a3d4c4-fb21-4153-9096-d96bda62ee59', '34531668-8c68-4ebd-a6a7-36645e9bac97', 0),
('14a3d4c4-fb21-4153-9096-d96bda62ee59', 'f2c126f4-0b32-46b1-a293-e4d53fd70d0f', 0),
('14a3d4c4-fb21-4153-9096-d96bda62ee59', '095f7293-c7b5-4c29-9112-4aa24a8c063a', 0),
('14a3d4c4-fb21-4153-9096-d96bda62ee59', '1a4c8801-de6e-4787-b940-69ec4b9e8ad1', 0),
('14a3d4c4-fb21-4153-9096-d96bda62ee59', 'a1f09d89-9f92-4531-ae83-7d595da08138', 0),
('14a3d4c4-fb21-4153-9096-d96bda62ee59', '923182ab-0058-40ea-a878-f6ba3dad4f74', 0),
('14a3d4c4-fb21-4153-9096-d96bda62ee59', '3c15b1af-8b00-4356-ae83-873a553d99c6', 0),
('14a3d4c4-fb21-4153-9096-d96bda62ee59', '3dab7f91-33f3-4271-a2ff-d9b5eb232068', 0),
('14a3d4c4-fb21-4153-9096-d96bda62ee59', '74316db6-7ad9-4570-b837-136944e986ad', 0),
('14a3d4c4-fb21-4153-9096-d96bda62ee59', '4cf28277-1496-4420-ac8a-9c24e1e41181', 0),
('14a3d4c4-fb21-4153-9096-d96bda62ee59', '9a9e7afb-d32b-4975-a7ed-d0174761e6e7', 0),
('14a3d4c4-fb21-4153-9096-d96bda62ee59', 'ad372f33-1ace-46da-b3ef-f9156398a019', 0),
('14a3d4c4-fb21-4153-9096-d96bda62ee59', 'bc795075-07ac-4458-a8a2-56b7d8ab0437', 0),
('14a3d4c4-fb21-4153-9096-d96bda62ee59', '72c4be16-5b12-432b-8cec-4fa162788527', 0),
('14a3d4c4-fb21-4153-9096-d96bda62ee59', 'f111ef40-05d2-4e04-9856-d63fade4a12d', 0),
('14a3d4c4-fb21-4153-9096-d96bda62ee59', 'f027a18c-3164-42a2-b49b-f299a1477798', 0),
('14a3d4c4-fb21-4153-9096-d96bda62ee59', 'a19c9d5d-5999-4972-aca8-1990d6c854ea', 0),
('14a3d4c4-fb21-4153-9096-d96bda62ee59', '46d680bc-036d-4e72-bb12-1d8ed212c83a', 0),
('14a3d4c4-fb21-4153-9096-d96bda62ee59', '8f162292-9e44-4003-97b8-86fe410c486a', 0),
('14a3d4c4-fb21-4153-9096-d96bda62ee59', 'b2c5d58f-9983-48c5-8a1e-96dafdb3307c', 0),
('14a3d4c4-fb21-4153-9096-d96bda62ee59', 'd7cc064f-70a0-43ad-bd86-8d200580d6b8', 0),
('14a3d4c4-fb21-4153-9096-d96bda62ee59', 'daf6789f-eb96-423c-9958-82ba17c4517a', 0),
('14a3d4c4-fb21-4153-9096-d96bda62ee59', '5248af81-7450-48a8-bce9-d179a79101b3', 0),
('14a3d4c4-fb21-4153-9096-d96bda62ee59', 'a8bdf565-b0d2-46dd-aa34-fedd762ff61c', 0),
('14a3d4c4-fb21-4153-9096-d96bda62ee59', 'be8f4a76-9966-4b2f-95ef-067dd7879655', 0),
('14a3d4c4-fb21-4153-9096-d96bda62ee59', '5904e413-0619-4099-afbc-71e133a68511', 0),
('14a3d4c4-fb21-4153-9096-d96bda62ee59', 'a5780fe8-4708-4574-a3de-416064b970d1', 0),
('14a3d4c4-fb21-4153-9096-d96bda62ee59', '212c0538-0cb2-4126-bcc9-baaa8265afb2', 0),
('14a3d4c4-fb21-4153-9096-d96bda62ee59', '748d7f2c-0e5d-45cd-8f5d-77da302bbc0c', 0),
('14a3d4c4-fb21-4153-9096-d96bda62ee59', '3a2b8ce7-e279-42dd-8905-a42d35bf6fa0', 0),
('14a3d4c4-fb21-4153-9096-d96bda62ee59', 'af20c27b-e20c-459a-bbde-7603fc8715fc', 0),
('14a3d4c4-fb21-4153-9096-d96bda62ee59', 'a23d5a35-4168-40d2-a8eb-cd15f71f120c', 0),
('14a3d4c4-fb21-4153-9096-d96bda62ee59', '8b39efa4-ce8d-4617-84e7-45bf095c290a', 0),
('14a3d4c4-fb21-4153-9096-d96bda62ee59', 'e5b2ec61-7152-4f1b-bfbb-4a05a9d8b227', 0),
('14a3d4c4-fb21-4153-9096-d96bda62ee59', 'b2c1d43d-78b7-4d82-9e4e-e852018c1e82', 0),
('14a3d4c4-fb21-4153-9096-d96bda62ee59', '5b447453-56d5-418e-8af2-8c15594d67eb', 0),
('14a3d4c4-fb21-4153-9096-d96bda62ee59', '282bd513-06b1-42a6-ba38-689e934ca254', 0),
('14a3d4c4-fb21-4153-9096-d96bda62ee59', '4a3da028-5eff-4f76-a9e4-7959fbd62dc3', 0),
('14a3d4c4-fb21-4153-9096-d96bda62ee59', '55e26296-3afb-47aa-b9ce-c45993d3698b', 0),
('14a3d4c4-fb21-4153-9096-d96bda62ee59', 'f45ef653-8cf8-470d-9b68-39e18ce83b56', 0),
('14a3d4c4-fb21-4153-9096-d96bda62ee59', 'edcd516d-5da1-4dd6-bdeb-5cfefd2cd073', 0),
('14a3d4c4-fb21-4153-9096-d96bda62ee59', '599b474a-99ce-48f1-92a8-fb5711b46369', 0),
('14a3d4c4-fb21-4153-9096-d96bda62ee59', '0f43a456-5674-433b-b7b4-4406131f5a7f', 0),

('978d41ee-1f38-4c84-8826-8e62bc5ba109', '64f534f8-f2d4-4402-95a3-54de48b678a8', 0),
('978d41ee-1f38-4c84-8826-8e62bc5ba109', '278cfa5a-6f44-420e-9930-07da6c43a6ad', 0),
('978d41ee-1f38-4c84-8826-8e62bc5ba109', '7ef7351b-912e-4a64-ba6d-cfdfcb7d56af', 0),
('978d41ee-1f38-4c84-8826-8e62bc5ba109', '03b3fb9f-38af-4074-8ab5-b9644ab44397', 0),
('978d41ee-1f38-4c84-8826-8e62bc5ba109', '3aff8c17-3c98-44ed-a849-1976d2c4a91a', 0),
('978d41ee-1f38-4c84-8826-8e62bc5ba109', 'e7b0024e-cc97-46a8-bd3a-450607eebe3c', 0),
('978d41ee-1f38-4c84-8826-8e62bc5ba109', '8a5f664a-c72d-46b2-b12b-b38e4a5ec67f', 0),
('978d41ee-1f38-4c84-8826-8e62bc5ba109', '83b64a87-6bc5-4b61-9121-505f37b81682', 0),
('978d41ee-1f38-4c84-8826-8e62bc5ba109', '23abfe5e-e938-4bf5-93d4-202e2fa3aa3e', 0),
('978d41ee-1f38-4c84-8826-8e62bc5ba109', '48f88f8f-c393-4bda-9812-a748486f404e', 0),
('978d41ee-1f38-4c84-8826-8e62bc5ba109', 'eb6c8e4c-502e-45b4-9a69-387e33cdadb1', 0),
('978d41ee-1f38-4c84-8826-8e62bc5ba109', '68b0682b-9ac7-42a2-873a-8e9874e12953', 0),
('978d41ee-1f38-4c84-8826-8e62bc5ba109', '1e43835a-4902-4d12-abaf-0bc8f2dae2aa', 0),
('978d41ee-1f38-4c84-8826-8e62bc5ba109', '19dc1564-8c00-4377-95db-16535a80610a', 0),
('978d41ee-1f38-4c84-8826-8e62bc5ba109', 'b26a4472-db66-4bec-926d-bb53f31083c2', 0),
('978d41ee-1f38-4c84-8826-8e62bc5ba109', 'e91a010d-0fa4-4801-bee5-1974e87ab3d2', 0),
('978d41ee-1f38-4c84-8826-8e62bc5ba109', '469b6456-1157-43da-a275-88c983fcee9d', 0),
('978d41ee-1f38-4c84-8826-8e62bc5ba109', 'c23a762d-0f9f-43b9-8a6a-7a34421ee042', 0),
('978d41ee-1f38-4c84-8826-8e62bc5ba109', '80b291d4-5306-4879-8aa1-fec2ea4b6516', 0),
('978d41ee-1f38-4c84-8826-8e62bc5ba109', '81acd1bf-e6f3-44c4-ad24-c47dc22adc60', 0),
('978d41ee-1f38-4c84-8826-8e62bc5ba109', '0e13b758-e1dc-4f5a-a481-de9ab43934f1', 0),
('978d41ee-1f38-4c84-8826-8e62bc5ba109', '9acfdf82-5ffd-474d-8303-b22a2a9ce0f8', 0),
('978d41ee-1f38-4c84-8826-8e62bc5ba109', '586efb75-57ab-43ca-9b85-3bdeeae3ae19', 0),
('978d41ee-1f38-4c84-8826-8e62bc5ba109', 'e4be062f-b594-4580-b514-d9d6cdaf2933', 0),
('978d41ee-1f38-4c84-8826-8e62bc5ba109', '0500418e-bfad-4cd1-860d-994cbdc9e2df', 0),
('978d41ee-1f38-4c84-8826-8e62bc5ba109', 'bc81df0c-573b-4269-ac2c-2b2667967dbb', 0),
('978d41ee-1f38-4c84-8826-8e62bc5ba109', '866d5272-594d-423d-b702-cfccbe7a8e44', 0),
('978d41ee-1f38-4c84-8826-8e62bc5ba109', '5231566f-373d-46a2-af0f-62e1a9ea643b', 0),
('978d41ee-1f38-4c84-8826-8e62bc5ba109', '70eb9a4b-be40-4b01-8534-796bb5f02d90', 0),
('978d41ee-1f38-4c84-8826-8e62bc5ba109', 'bb5f149f-8e45-455c-91d1-97639e96f671', 0),
('978d41ee-1f38-4c84-8826-8e62bc5ba109', '4a88b128-2471-4f25-b51a-136363ddbe7d', 0),
('978d41ee-1f38-4c84-8826-8e62bc5ba109', '84b69406-d92e-4feb-a313-f1f373f1958c', 0),
('978d41ee-1f38-4c84-8826-8e62bc5ba109', 'ded148fc-19d8-478a-9060-0b4543727d37', 0),
('978d41ee-1f38-4c84-8826-8e62bc5ba109', '92388b4d-6ff6-4500-9b02-24d4227f3a28', 0),
('978d41ee-1f38-4c84-8826-8e62bc5ba109', 'e1817fb5-5fb6-44aa-abbf-eda52cc578d7', 0),
('978d41ee-1f38-4c84-8826-8e62bc5ba109', '9a5f706f-ae38-418d-b911-77559d20e076', 0),
('978d41ee-1f38-4c84-8826-8e62bc5ba109', '01db55cc-7d06-4778-b9c1-7ccdc3e3cd13', 0),
('978d41ee-1f38-4c84-8826-8e62bc5ba109', 'f80a900f-e0a5-4cc3-8adf-27c6309b81ca', 0),
('978d41ee-1f38-4c84-8826-8e62bc5ba109', 'd6a31188-c1b8-4976-b372-aced401f2347', 0),
('978d41ee-1f38-4c84-8826-8e62bc5ba109', '8f0191bc-a242-4cb0-a9ba-38f48e823e54', 0),
('978d41ee-1f38-4c84-8826-8e62bc5ba109', 'c80e5abb-3759-49eb-8cbe-c2b7ff742072', 0),
('978d41ee-1f38-4c84-8826-8e62bc5ba109', 'f1647832-8eb1-460d-a5ae-c9fac5e2cd5d', 0),
('978d41ee-1f38-4c84-8826-8e62bc5ba109', 'e3d3e750-7179-4189-9c19-fd546c4493c5', 0),
('978d41ee-1f38-4c84-8826-8e62bc5ba109', '2a14abb5-4eea-46e2-bb70-2cf907acbf09', 0),
('978d41ee-1f38-4c84-8826-8e62bc5ba109', '8f764924-0f7a-49e0-a39d-d29f9c3b1161', 0),
('978d41ee-1f38-4c84-8826-8e62bc5ba109', '2dec0615-0284-4260-a0f8-44baa2954bc4', 0),
('978d41ee-1f38-4c84-8826-8e62bc5ba109', '55bce552-42e3-4ae9-96d2-6df192f2ac50', 0),
('978d41ee-1f38-4c84-8826-8e62bc5ba109', '7aaaf887-d5e5-47b6-b14b-6dfb7e423ea8', 0),
('978d41ee-1f38-4c84-8826-8e62bc5ba109', 'f7a5b648-8efe-41a8-8407-a9a76d8eb6fc', 0),
('978d41ee-1f38-4c84-8826-8e62bc5ba109', '25d27dd1-8add-421e-93e0-ba7d964ff990', 0),
('978d41ee-1f38-4c84-8826-8e62bc5ba109', '93218e81-668d-4697-ab5b-e9e04cc9732d', 0),
('978d41ee-1f38-4c84-8826-8e62bc5ba109', '3e5f72f3-c2f9-4771-99c8-5a5ced274ed7', 0),
('978d41ee-1f38-4c84-8826-8e62bc5ba109', 'c00dd550-41aa-41e3-890e-abf3c937e62f', 0),
('978d41ee-1f38-4c84-8826-8e62bc5ba109', 'bd5e6040-ba62-4a5d-aeda-ba81f6f46eea', 0),
('978d41ee-1f38-4c84-8826-8e62bc5ba109', '448f0c35-54b1-4bd3-9a37-24b350b50d0f', 0),
('978d41ee-1f38-4c84-8826-8e62bc5ba109', '835cb2dd-fb45-4605-9445-a2d14d2fba7b', 0),
('978d41ee-1f38-4c84-8826-8e62bc5ba109', 'd38a98c4-5cc7-45a2-93c0-4d03ff9cb496', 0),
('978d41ee-1f38-4c84-8826-8e62bc5ba109', '34531668-8c68-4ebd-a6a7-36645e9bac97', 0),
('978d41ee-1f38-4c84-8826-8e62bc5ba109', 'f2c126f4-0b32-46b1-a293-e4d53fd70d0f', 0),
('978d41ee-1f38-4c84-8826-8e62bc5ba109', '095f7293-c7b5-4c29-9112-4aa24a8c063a', 0),
('978d41ee-1f38-4c84-8826-8e62bc5ba109', '1a4c8801-de6e-4787-b940-69ec4b9e8ad1', 0),
('978d41ee-1f38-4c84-8826-8e62bc5ba109', 'a1f09d89-9f92-4531-ae83-7d595da08138', 0),
('978d41ee-1f38-4c84-8826-8e62bc5ba109', '923182ab-0058-40ea-a878-f6ba3dad4f74', 0),
('978d41ee-1f38-4c84-8826-8e62bc5ba109', '3c15b1af-8b00-4356-ae83-873a553d99c6', 0),
('978d41ee-1f38-4c84-8826-8e62bc5ba109', '3dab7f91-33f3-4271-a2ff-d9b5eb232068', 0),
('978d41ee-1f38-4c84-8826-8e62bc5ba109', '74316db6-7ad9-4570-b837-136944e986ad', 0),
('978d41ee-1f38-4c84-8826-8e62bc5ba109', '4cf28277-1496-4420-ac8a-9c24e1e41181', 0),
('978d41ee-1f38-4c84-8826-8e62bc5ba109', '9a9e7afb-d32b-4975-a7ed-d0174761e6e7', 0),
('978d41ee-1f38-4c84-8826-8e62bc5ba109', 'ad372f33-1ace-46da-b3ef-f9156398a019', 0),
('978d41ee-1f38-4c84-8826-8e62bc5ba109', 'bc795075-07ac-4458-a8a2-56b7d8ab0437', 0),
('978d41ee-1f38-4c84-8826-8e62bc5ba109', '72c4be16-5b12-432b-8cec-4fa162788527', 0),
('978d41ee-1f38-4c84-8826-8e62bc5ba109', 'f111ef40-05d2-4e04-9856-d63fade4a12d', 0),
('978d41ee-1f38-4c84-8826-8e62bc5ba109', 'f027a18c-3164-42a2-b49b-f299a1477798', 0),
('978d41ee-1f38-4c84-8826-8e62bc5ba109', 'a19c9d5d-5999-4972-aca8-1990d6c854ea', 0),
('978d41ee-1f38-4c84-8826-8e62bc5ba109', '46d680bc-036d-4e72-bb12-1d8ed212c83a', 0),
('978d41ee-1f38-4c84-8826-8e62bc5ba109', '8f162292-9e44-4003-97b8-86fe410c486a', 0),
('978d41ee-1f38-4c84-8826-8e62bc5ba109', 'b2c5d58f-9983-48c5-8a1e-96dafdb3307c', 0),
('978d41ee-1f38-4c84-8826-8e62bc5ba109', 'd7cc064f-70a0-43ad-bd86-8d200580d6b8', 0),
('978d41ee-1f38-4c84-8826-8e62bc5ba109', 'daf6789f-eb96-423c-9958-82ba17c4517a', 0),
('978d41ee-1f38-4c84-8826-8e62bc5ba109', '5248af81-7450-48a8-bce9-d179a79101b3', 0),
('978d41ee-1f38-4c84-8826-8e62bc5ba109', 'a8bdf565-b0d2-46dd-aa34-fedd762ff61c', 0),
('978d41ee-1f38-4c84-8826-8e62bc5ba109', 'be8f4a76-9966-4b2f-95ef-067dd7879655', 0),
('978d41ee-1f38-4c84-8826-8e62bc5ba109', '5904e413-0619-4099-afbc-71e133a68511', 0),
('978d41ee-1f38-4c84-8826-8e62bc5ba109', 'a5780fe8-4708-4574-a3de-416064b970d1', 0),
('978d41ee-1f38-4c84-8826-8e62bc5ba109', '212c0538-0cb2-4126-bcc9-baaa8265afb2', 0),
('978d41ee-1f38-4c84-8826-8e62bc5ba109', '748d7f2c-0e5d-45cd-8f5d-77da302bbc0c', 0),
('978d41ee-1f38-4c84-8826-8e62bc5ba109', '3a2b8ce7-e279-42dd-8905-a42d35bf6fa0', 0),
('978d41ee-1f38-4c84-8826-8e62bc5ba109', 'af20c27b-e20c-459a-bbde-7603fc8715fc', 0),
('978d41ee-1f38-4c84-8826-8e62bc5ba109', 'a23d5a35-4168-40d2-a8eb-cd15f71f120c', 0),
('978d41ee-1f38-4c84-8826-8e62bc5ba109', '8b39efa4-ce8d-4617-84e7-45bf095c290a', 0),
('978d41ee-1f38-4c84-8826-8e62bc5ba109', 'e5b2ec61-7152-4f1b-bfbb-4a05a9d8b227', 0),
('978d41ee-1f38-4c84-8826-8e62bc5ba109', 'b2c1d43d-78b7-4d82-9e4e-e852018c1e82', 0),
('978d41ee-1f38-4c84-8826-8e62bc5ba109', '5b447453-56d5-418e-8af2-8c15594d67eb', 0),
('978d41ee-1f38-4c84-8826-8e62bc5ba109', '282bd513-06b1-42a6-ba38-689e934ca254', 0),
('978d41ee-1f38-4c84-8826-8e62bc5ba109', '4a3da028-5eff-4f76-a9e4-7959fbd62dc3', 0),
('978d41ee-1f38-4c84-8826-8e62bc5ba109', '55e26296-3afb-47aa-b9ce-c45993d3698b', 0),
('978d41ee-1f38-4c84-8826-8e62bc5ba109', 'f45ef653-8cf8-470d-9b68-39e18ce83b56', 0),
('978d41ee-1f38-4c84-8826-8e62bc5ba109', 'edcd516d-5da1-4dd6-bdeb-5cfefd2cd073', 0),
('978d41ee-1f38-4c84-8826-8e62bc5ba109', '599b474a-99ce-48f1-92a8-fb5711b46369', 0),
('978d41ee-1f38-4c84-8826-8e62bc5ba109', '0f43a456-5674-433b-b7b4-4406131f5a7f', 0),

('da189940-d09e-4587-9665-8efdf10684dd', '64f534f8-f2d4-4402-95a3-54de48b678a8', 0),
('da189940-d09e-4587-9665-8efdf10684dd', '278cfa5a-6f44-420e-9930-07da6c43a6ad', 0),
('da189940-d09e-4587-9665-8efdf10684dd', '7ef7351b-912e-4a64-ba6d-cfdfcb7d56af', 0),
('da189940-d09e-4587-9665-8efdf10684dd', '03b3fb9f-38af-4074-8ab5-b9644ab44397', 0),
('da189940-d09e-4587-9665-8efdf10684dd', '3aff8c17-3c98-44ed-a849-1976d2c4a91a', 0),
('da189940-d09e-4587-9665-8efdf10684dd', 'e7b0024e-cc97-46a8-bd3a-450607eebe3c', 0),
('da189940-d09e-4587-9665-8efdf10684dd', '8a5f664a-c72d-46b2-b12b-b38e4a5ec67f', 0),
('da189940-d09e-4587-9665-8efdf10684dd', '83b64a87-6bc5-4b61-9121-505f37b81682', 0),
('da189940-d09e-4587-9665-8efdf10684dd', '23abfe5e-e938-4bf5-93d4-202e2fa3aa3e', 0),
('da189940-d09e-4587-9665-8efdf10684dd', '48f88f8f-c393-4bda-9812-a748486f404e', 0),
('da189940-d09e-4587-9665-8efdf10684dd', 'eb6c8e4c-502e-45b4-9a69-387e33cdadb1', 0),
('da189940-d09e-4587-9665-8efdf10684dd', '68b0682b-9ac7-42a2-873a-8e9874e12953', 0),
('da189940-d09e-4587-9665-8efdf10684dd', '1e43835a-4902-4d12-abaf-0bc8f2dae2aa', 0),
('da189940-d09e-4587-9665-8efdf10684dd', '19dc1564-8c00-4377-95db-16535a80610a', 0),
('da189940-d09e-4587-9665-8efdf10684dd', 'b26a4472-db66-4bec-926d-bb53f31083c2', 0),
('da189940-d09e-4587-9665-8efdf10684dd', 'e91a010d-0fa4-4801-bee5-1974e87ab3d2', 0),
('da189940-d09e-4587-9665-8efdf10684dd', '469b6456-1157-43da-a275-88c983fcee9d', 0),
('da189940-d09e-4587-9665-8efdf10684dd', 'c23a762d-0f9f-43b9-8a6a-7a34421ee042', 0),
('da189940-d09e-4587-9665-8efdf10684dd', '80b291d4-5306-4879-8aa1-fec2ea4b6516', 0),
('da189940-d09e-4587-9665-8efdf10684dd', '81acd1bf-e6f3-44c4-ad24-c47dc22adc60', 0),
('da189940-d09e-4587-9665-8efdf10684dd', '0e13b758-e1dc-4f5a-a481-de9ab43934f1', 0),
('da189940-d09e-4587-9665-8efdf10684dd', '9acfdf82-5ffd-474d-8303-b22a2a9ce0f8', 0),
('da189940-d09e-4587-9665-8efdf10684dd', '586efb75-57ab-43ca-9b85-3bdeeae3ae19', 0),
('da189940-d09e-4587-9665-8efdf10684dd', 'e4be062f-b594-4580-b514-d9d6cdaf2933', 0),
('da189940-d09e-4587-9665-8efdf10684dd', '0500418e-bfad-4cd1-860d-994cbdc9e2df', 0),
('da189940-d09e-4587-9665-8efdf10684dd', 'bc81df0c-573b-4269-ac2c-2b2667967dbb', 0),
('da189940-d09e-4587-9665-8efdf10684dd', '866d5272-594d-423d-b702-cfccbe7a8e44', 0),
('da189940-d09e-4587-9665-8efdf10684dd', '5231566f-373d-46a2-af0f-62e1a9ea643b', 0),
('da189940-d09e-4587-9665-8efdf10684dd', '70eb9a4b-be40-4b01-8534-796bb5f02d90', 0),
('da189940-d09e-4587-9665-8efdf10684dd', 'bb5f149f-8e45-455c-91d1-97639e96f671', 0),
('da189940-d09e-4587-9665-8efdf10684dd', '4a88b128-2471-4f25-b51a-136363ddbe7d', 0),
('da189940-d09e-4587-9665-8efdf10684dd', '84b69406-d92e-4feb-a313-f1f373f1958c', 0),
('da189940-d09e-4587-9665-8efdf10684dd', 'ded148fc-19d8-478a-9060-0b4543727d37', 0),
('da189940-d09e-4587-9665-8efdf10684dd', '92388b4d-6ff6-4500-9b02-24d4227f3a28', 0),
('da189940-d09e-4587-9665-8efdf10684dd', 'e1817fb5-5fb6-44aa-abbf-eda52cc578d7', 0),
('da189940-d09e-4587-9665-8efdf10684dd', '9a5f706f-ae38-418d-b911-77559d20e076', 0),
('da189940-d09e-4587-9665-8efdf10684dd', '01db55cc-7d06-4778-b9c1-7ccdc3e3cd13', 0),
('da189940-d09e-4587-9665-8efdf10684dd', 'f80a900f-e0a5-4cc3-8adf-27c6309b81ca', 0),
('da189940-d09e-4587-9665-8efdf10684dd', 'd6a31188-c1b8-4976-b372-aced401f2347', 0),
('da189940-d09e-4587-9665-8efdf10684dd', '8f0191bc-a242-4cb0-a9ba-38f48e823e54', 0),
('da189940-d09e-4587-9665-8efdf10684dd', 'c80e5abb-3759-49eb-8cbe-c2b7ff742072', 0),
('da189940-d09e-4587-9665-8efdf10684dd', 'f1647832-8eb1-460d-a5ae-c9fac5e2cd5d', 0),
('da189940-d09e-4587-9665-8efdf10684dd', 'e3d3e750-7179-4189-9c19-fd546c4493c5', 0),
('da189940-d09e-4587-9665-8efdf10684dd', '2a14abb5-4eea-46e2-bb70-2cf907acbf09', 0),
('da189940-d09e-4587-9665-8efdf10684dd', '8f764924-0f7a-49e0-a39d-d29f9c3b1161', 0),
('da189940-d09e-4587-9665-8efdf10684dd', '2dec0615-0284-4260-a0f8-44baa2954bc4', 0),
('da189940-d09e-4587-9665-8efdf10684dd', '55bce552-42e3-4ae9-96d2-6df192f2ac50', 0),
('da189940-d09e-4587-9665-8efdf10684dd', '7aaaf887-d5e5-47b6-b14b-6dfb7e423ea8', 0),
('da189940-d09e-4587-9665-8efdf10684dd', 'f7a5b648-8efe-41a8-8407-a9a76d8eb6fc', 0),
('da189940-d09e-4587-9665-8efdf10684dd', '25d27dd1-8add-421e-93e0-ba7d964ff990', 0),
('da189940-d09e-4587-9665-8efdf10684dd', '93218e81-668d-4697-ab5b-e9e04cc9732d', 0),
('da189940-d09e-4587-9665-8efdf10684dd', '3e5f72f3-c2f9-4771-99c8-5a5ced274ed7', 0),
('da189940-d09e-4587-9665-8efdf10684dd', 'c00dd550-41aa-41e3-890e-abf3c937e62f', 0),
('da189940-d09e-4587-9665-8efdf10684dd', 'bd5e6040-ba62-4a5d-aeda-ba81f6f46eea', 0),
('da189940-d09e-4587-9665-8efdf10684dd', '448f0c35-54b1-4bd3-9a37-24b350b50d0f', 0),
('da189940-d09e-4587-9665-8efdf10684dd', '835cb2dd-fb45-4605-9445-a2d14d2fba7b', 0),
('da189940-d09e-4587-9665-8efdf10684dd', 'd38a98c4-5cc7-45a2-93c0-4d03ff9cb496', 0),
('da189940-d09e-4587-9665-8efdf10684dd', '34531668-8c68-4ebd-a6a7-36645e9bac97', 0),
('da189940-d09e-4587-9665-8efdf10684dd', 'f2c126f4-0b32-46b1-a293-e4d53fd70d0f', 0),
('da189940-d09e-4587-9665-8efdf10684dd', '095f7293-c7b5-4c29-9112-4aa24a8c063a', 0),
('da189940-d09e-4587-9665-8efdf10684dd', '1a4c8801-de6e-4787-b940-69ec4b9e8ad1', 0),
('da189940-d09e-4587-9665-8efdf10684dd', 'a1f09d89-9f92-4531-ae83-7d595da08138', 0),
('da189940-d09e-4587-9665-8efdf10684dd', '923182ab-0058-40ea-a878-f6ba3dad4f74', 0),
('da189940-d09e-4587-9665-8efdf10684dd', '3c15b1af-8b00-4356-ae83-873a553d99c6', 0),
('da189940-d09e-4587-9665-8efdf10684dd', '3dab7f91-33f3-4271-a2ff-d9b5eb232068', 0),
('da189940-d09e-4587-9665-8efdf10684dd', '74316db6-7ad9-4570-b837-136944e986ad', 0),
('da189940-d09e-4587-9665-8efdf10684dd', '4cf28277-1496-4420-ac8a-9c24e1e41181', 0),
('da189940-d09e-4587-9665-8efdf10684dd', '9a9e7afb-d32b-4975-a7ed-d0174761e6e7', 0),
('da189940-d09e-4587-9665-8efdf10684dd', 'ad372f33-1ace-46da-b3ef-f9156398a019', 0),
('da189940-d09e-4587-9665-8efdf10684dd', 'bc795075-07ac-4458-a8a2-56b7d8ab0437', 0),
('da189940-d09e-4587-9665-8efdf10684dd', '72c4be16-5b12-432b-8cec-4fa162788527', 0),
('da189940-d09e-4587-9665-8efdf10684dd', 'f111ef40-05d2-4e04-9856-d63fade4a12d', 0),
('da189940-d09e-4587-9665-8efdf10684dd', 'f027a18c-3164-42a2-b49b-f299a1477798', 0),
('da189940-d09e-4587-9665-8efdf10684dd', 'a19c9d5d-5999-4972-aca8-1990d6c854ea', 0),
('da189940-d09e-4587-9665-8efdf10684dd', '46d680bc-036d-4e72-bb12-1d8ed212c83a', 0),
('da189940-d09e-4587-9665-8efdf10684dd', '8f162292-9e44-4003-97b8-86fe410c486a', 0),
('da189940-d09e-4587-9665-8efdf10684dd', 'b2c5d58f-9983-48c5-8a1e-96dafdb3307c', 0),
('da189940-d09e-4587-9665-8efdf10684dd', 'd7cc064f-70a0-43ad-bd86-8d200580d6b8', 0),
('da189940-d09e-4587-9665-8efdf10684dd', 'daf6789f-eb96-423c-9958-82ba17c4517a', 0),
('da189940-d09e-4587-9665-8efdf10684dd', '5248af81-7450-48a8-bce9-d179a79101b3', 0),
('da189940-d09e-4587-9665-8efdf10684dd', 'a8bdf565-b0d2-46dd-aa34-fedd762ff61c', 0),
('da189940-d09e-4587-9665-8efdf10684dd', 'be8f4a76-9966-4b2f-95ef-067dd7879655', 0),
('da189940-d09e-4587-9665-8efdf10684dd', '5904e413-0619-4099-afbc-71e133a68511', 0),
('da189940-d09e-4587-9665-8efdf10684dd', 'a5780fe8-4708-4574-a3de-416064b970d1', 0),
('da189940-d09e-4587-9665-8efdf10684dd', '212c0538-0cb2-4126-bcc9-baaa8265afb2', 0),
('da189940-d09e-4587-9665-8efdf10684dd', '748d7f2c-0e5d-45cd-8f5d-77da302bbc0c', 0),
('da189940-d09e-4587-9665-8efdf10684dd', '3a2b8ce7-e279-42dd-8905-a42d35bf6fa0', 0),
('da189940-d09e-4587-9665-8efdf10684dd', 'af20c27b-e20c-459a-bbde-7603fc8715fc', 0),
('da189940-d09e-4587-9665-8efdf10684dd', 'a23d5a35-4168-40d2-a8eb-cd15f71f120c', 0),
('da189940-d09e-4587-9665-8efdf10684dd', '8b39efa4-ce8d-4617-84e7-45bf095c290a', 0),
('da189940-d09e-4587-9665-8efdf10684dd', 'e5b2ec61-7152-4f1b-bfbb-4a05a9d8b227', 0),
('da189940-d09e-4587-9665-8efdf10684dd', 'b2c1d43d-78b7-4d82-9e4e-e852018c1e82', 0),
('da189940-d09e-4587-9665-8efdf10684dd', '5b447453-56d5-418e-8af2-8c15594d67eb', 0),
('da189940-d09e-4587-9665-8efdf10684dd', '282bd513-06b1-42a6-ba38-689e934ca254', 0),
('da189940-d09e-4587-9665-8efdf10684dd', '4a3da028-5eff-4f76-a9e4-7959fbd62dc3', 0),
('da189940-d09e-4587-9665-8efdf10684dd', '55e26296-3afb-47aa-b9ce-c45993d3698b', 0),
('da189940-d09e-4587-9665-8efdf10684dd', 'f45ef653-8cf8-470d-9b68-39e18ce83b56', 0),
('da189940-d09e-4587-9665-8efdf10684dd', 'edcd516d-5da1-4dd6-bdeb-5cfefd2cd073', 0),
('da189940-d09e-4587-9665-8efdf10684dd', '599b474a-99ce-48f1-92a8-fb5711b46369', 0),
('da189940-d09e-4587-9665-8efdf10684dd', '0f43a456-5674-433b-b7b4-4406131f5a7f', 0);